session,iteration,latency_ms,graph
1,1,0.3403,MTL-GAP-full
1,2,0.3632,MTL-GAP-full
1,3,0.3387,MTL-GAP-full
1,4,0.5526,MTL-GAP-full
1,5,0.7808,MTL-GAP-full
1,6,0.5187,MTL-GAP-full
1,7,0.5441,MTL-GAP-full
1,8,0.5068,MTL-GAP-full
1,9,0.4546,MTL-GAP-full
1,10,0.3873,MTL-GAP-full
1,11,0.408,MTL-GAP-full
1,12,0.4028,MTL-GAP-full
1,13,0.341,MTL-GAP-full
1,14,0.3375,MTL-GAP-full
1,15,0.3746,MTL-GAP-full
1,16,0.3365,MTL-GAP-full
1,17,0.3376,MTL-GAP-full
1,18,0.4149,MTL-GAP-full
1,19,0.707,MTL-GAP-full
1,20,0.528,MTL-GAP-full
1,21,0.3942,MTL-GAP-full
1,22,0.3747,MTL-GAP-full
1,23,0.3485,MTL-GAP-full
1,24,0.3575,MTL-GAP-full
1,25,0.3501,MTL-GAP-full
1,26,0.3446,MTL-GAP-full
1,27,0.3646,MTL-GAP-full
1,28,0.3366,MTL-GAP-full
1,29,0.3423,MTL-GAP-full
1,30,0.4304,MTL-GAP-full
1,31,0.4265,MTL-GAP-full
1,32,0.3664,MTL-GAP-full
1,33,0.4746,MTL-GAP-full
1,34,0.6563,MTL-GAP-full
1,35,0.5101,MTL-GAP-full
1,36,0.3978,MTL-GAP-full
1,37,0.3901,MTL-GAP-full
1,38,0.3444,MTL-GAP-full
1,39,0.3547,MTL-GAP-full
1,40,0.3356,MTL-GAP-full
1,41,0.3334,MTL-GAP-full
1,42,0.5066,MTL-GAP-full
1,43,0.3563,MTL-GAP-full
1,44,0.3515,MTL-GAP-full
1,45,0.3473,MTL-GAP-full
1,46,0.3394,MTL-GAP-full
1,47,0.3672,MTL-GAP-full
1,48,0.4668,MTL-GAP-full
1,49,0.6298,MTL-GAP-full
1,50,0.4642,MTL-GAP-full
1,51,0.4074,MTL-GAP-full
1,52,0.3688,MTL-GAP-full
1,53,0.3527,MTL-GAP-full
1,54,0.3797,MTL-GAP-full
1,55,0.3413,MTL-GAP-full
1,56,0.3354,MTL-GAP-full
1,57,0.4181,MTL-GAP-full
1,58,0.3405,MTL-GAP-full
1,59,0.3415,MTL-GAP-full
1,60,0.357,MTL-GAP-full
1,61,0.333,MTL-GAP-full
1,62,0.3501,MTL-GAP-full
1,63,0.3836,MTL-GAP-full
1,64,0.6105,MTL-GAP-full
1,65,0.5721,MTL-GAP-full
1,66,0.3783,MTL-GAP-full
1,67,0.3761,MTL-GAP-full
1,68,0.3564,MTL-GAP-full
1,69,0.3536,MTL-GAP-full
1,70,0.3395,MTL-GAP-full
1,71,0.3343,MTL-GAP-full
1,72,0.357,MTL-GAP-full
1,73,0.3403,MTL-GAP-full
1,74,0.3356,MTL-GAP-full
1,75,0.3526,MTL-GAP-full
1,76,0.3381,MTL-GAP-full
1,77,0.3449,MTL-GAP-full
1,78,0.3731,MTL-GAP-full
1,79,0.4113,MTL-GAP-full
1,80,0.7634,MTL-GAP-full
1,81,0.6908,MTL-GAP-full
1,82,0.4704,MTL-GAP-full
1,83,0.4485,MTL-GAP-full
1,84,0.3973,MTL-GAP-full
1,85,0.3421,MTL-GAP-full
1,86,0.3382,MTL-GAP-full
1,87,0.3453,MTL-GAP-full
1,88,0.3378,MTL-GAP-full
1,89,0.3456,MTL-GAP-full
1,90,0.3501,MTL-GAP-full
1,91,0.3402,MTL-GAP-full
1,92,0.3439,MTL-GAP-full
1,93,0.3867,MTL-GAP-full
1,94,0.7155,MTL-GAP-full
1,95,0.5277,MTL-GAP-full
1,96,0.3853,MTL-GAP-full
1,97,0.3687,MTL-GAP-full
1,98,0.3437,MTL-GAP-full
1,99,0.3441,MTL-GAP-full
1,100,0.3342,MTL-GAP-full
1,101,0.3349,MTL-GAP-full
1,102,0.3503,MTL-GAP-full
1,103,0.3434,MTL-GAP-full
1,104,0.347,MTL-GAP-full
1,105,0.365,MTL-GAP-full
1,106,0.3523,MTL-GAP-full
1,107,0.3359,MTL-GAP-full
1,108,0.3386,MTL-GAP-full
1,109,0.4161,MTL-GAP-full
1,110,0.6415,MTL-GAP-full
1,111,0.531,MTL-GAP-full
1,112,0.3685,MTL-GAP-full
1,113,0.3758,MTL-GAP-full
1,114,0.3442,MTL-GAP-full
1,115,0.3359,MTL-GAP-full
1,116,0.346,MTL-GAP-full
1,117,0.3344,MTL-GAP-full
1,118,0.3338,MTL-GAP-full
1,119,0.5202,MTL-GAP-full
1,120,0.3899,MTL-GAP-full
1,121,0.3551,MTL-GAP-full
1,122,0.34,MTL-GAP-full
1,123,0.3346,MTL-GAP-full
1,124,0.4219,MTL-GAP-full
1,125,0.601,MTL-GAP-full
1,126,0.5025,MTL-GAP-full
1,127,0.3878,MTL-GAP-full
1,128,0.3883,MTL-GAP-full
1,129,0.3737,MTL-GAP-full
1,130,0.5168,MTL-GAP-full
1,131,0.3649,MTL-GAP-full
1,132,0.4047,MTL-GAP-full
1,133,0.3419,MTL-GAP-full
1,134,0.3383,MTL-GAP-full
1,135,0.3419,MTL-GAP-full
1,136,0.3333,MTL-GAP-full
1,137,0.3322,MTL-GAP-full
1,138,0.3411,MTL-GAP-full
1,139,0.3343,MTL-GAP-full
1,140,0.7703,MTL-GAP-full
1,141,0.582,MTL-GAP-full
1,142,0.4046,MTL-GAP-full
1,143,0.374,MTL-GAP-full
1,144,0.3877,MTL-GAP-full
1,145,0.3583,MTL-GAP-full
1,146,0.3416,MTL-GAP-full
1,147,0.3468,MTL-GAP-full
1,148,0.3388,MTL-GAP-full
1,149,0.3362,MTL-GAP-full
1,150,0.336,MTL-GAP-full
1,151,0.3511,MTL-GAP-full
1,152,0.3441,MTL-GAP-full
1,153,0.3382,MTL-GAP-full
1,154,0.3409,MTL-GAP-full
1,155,0.644,MTL-GAP-full
1,156,0.7592,MTL-GAP-full
1,157,0.4044,MTL-GAP-full
1,158,0.3996,MTL-GAP-full
1,159,0.368,MTL-GAP-full
1,160,0.5008,MTL-GAP-full
1,161,0.5204,MTL-GAP-full
1,162,0.5008,MTL-GAP-full
1,163,0.3577,MTL-GAP-full
1,164,0.3536,MTL-GAP-full
1,165,0.3365,MTL-GAP-full
1,166,0.3359,MTL-GAP-full
1,167,0.3399,MTL-GAP-full
1,168,0.5767,MTL-GAP-full
1,169,1.0643,MTL-GAP-full
1,170,0.4829,MTL-GAP-full
1,171,0.3802,MTL-GAP-full
1,172,0.3583,MTL-GAP-full
1,173,0.3579,MTL-GAP-full
1,174,0.336,MTL-GAP-full
1,175,0.3417,MTL-GAP-full
1,176,0.3316,MTL-GAP-full
1,177,0.3592,MTL-GAP-full
1,178,0.4552,MTL-GAP-full
1,179,0.3498,MTL-GAP-full
1,180,0.3501,MTL-GAP-full
1,181,0.3339,MTL-GAP-full
1,182,0.3991,MTL-GAP-full
1,183,0.699,MTL-GAP-full
1,184,0.6163,MTL-GAP-full
1,185,0.3873,MTL-GAP-full
1,186,0.3711,MTL-GAP-full
1,187,0.3657,MTL-GAP-full
1,188,0.3876,MTL-GAP-full
1,189,0.3984,MTL-GAP-full
1,190,0.35,MTL-GAP-full
1,191,0.3375,MTL-GAP-full
1,192,0.5087,MTL-GAP-full
1,193,0.3765,MTL-GAP-full
1,194,0.3552,MTL-GAP-full
1,195,0.362,MTL-GAP-full
1,196,0.3366,MTL-GAP-full
1,197,0.9808,MTL-GAP-full
1,198,0.725,MTL-GAP-full
1,199,0.432,MTL-GAP-full
1,200,0.4782,MTL-GAP-full
1,201,0.3959,MTL-GAP-full
1,202,0.3388,MTL-GAP-full
1,203,0.3352,MTL-GAP-full
1,204,0.3512,MTL-GAP-full
1,205,0.3365,MTL-GAP-full
1,206,0.3402,MTL-GAP-full
1,207,0.3352,MTL-GAP-full
1,208,0.3337,MTL-GAP-full
1,209,0.3344,MTL-GAP-full
1,210,0.3446,MTL-GAP-full
1,211,0.5126,MTL-GAP-full
1,212,0.6472,MTL-GAP-full
1,213,0.3985,MTL-GAP-full
1,214,0.3676,MTL-GAP-full
1,215,0.3678,MTL-GAP-full
1,216,0.3537,MTL-GAP-full
1,217,0.3405,MTL-GAP-full
1,218,0.3355,MTL-GAP-full
1,219,0.3327,MTL-GAP-full
1,220,0.349,MTL-GAP-full
1,221,0.3339,MTL-GAP-full
1,222,0.3738,MTL-GAP-full
1,223,0.3795,MTL-GAP-full
1,224,0.5975,MTL-GAP-full
1,225,0.5825,MTL-GAP-full
1,226,0.9046,MTL-GAP-full
1,227,0.5891,MTL-GAP-full
1,228,0.3905,MTL-GAP-full
1,229,0.3718,MTL-GAP-full
1,230,0.3581,MTL-GAP-full
1,231,0.3376,MTL-GAP-full
1,232,0.3348,MTL-GAP-full
1,233,0.3489,MTL-GAP-full
1,234,0.3341,MTL-GAP-full
1,235,0.3342,MTL-GAP-full
1,236,0.3335,MTL-GAP-full
1,237,0.3396,MTL-GAP-full
1,238,0.3376,MTL-GAP-full
1,239,0.3785,MTL-GAP-full
1,240,0.428,MTL-GAP-full
1,241,0.6003,MTL-GAP-full
1,242,0.7396,MTL-GAP-full
1,243,0.5516,MTL-GAP-full
1,244,0.3579,MTL-GAP-full
1,245,0.3448,MTL-GAP-full
1,246,0.3372,MTL-GAP-full
1,247,0.3776,MTL-GAP-full
1,248,0.3752,MTL-GAP-full
1,249,0.3399,MTL-GAP-full
1,250,0.3393,MTL-GAP-full
1,251,0.3359,MTL-GAP-full
1,252,0.3352,MTL-GAP-full
1,253,0.3443,MTL-GAP-full
1,254,0.336,MTL-GAP-full
1,255,0.5233,MTL-GAP-full
1,256,0.6655,MTL-GAP-full
1,257,0.4838,MTL-GAP-full
1,258,0.4507,MTL-GAP-full
1,259,0.3589,MTL-GAP-full
1,260,0.3396,MTL-GAP-full
1,261,0.3362,MTL-GAP-full
1,262,0.3344,MTL-GAP-full
1,263,0.3511,MTL-GAP-full
1,264,0.3375,MTL-GAP-full
1,265,0.4969,MTL-GAP-full
1,266,0.7242,MTL-GAP-full
1,267,0.4653,MTL-GAP-full
1,268,0.4732,MTL-GAP-full
1,269,0.8119,MTL-GAP-full
1,270,0.4818,MTL-GAP-full
1,271,0.4669,MTL-GAP-full
1,272,0.4188,MTL-GAP-full
1,273,0.3898,MTL-GAP-full
1,274,0.3497,MTL-GAP-full
1,275,0.3378,MTL-GAP-full
1,276,0.3383,MTL-GAP-full
1,277,0.4228,MTL-GAP-full
1,278,0.4757,MTL-GAP-full
1,279,0.4433,MTL-GAP-full
1,280,0.4249,MTL-GAP-full
1,281,0.4372,MTL-GAP-full
1,282,0.663,MTL-GAP-full
1,283,0.5956,MTL-GAP-full
1,284,0.3777,MTL-GAP-full
1,285,0.3787,MTL-GAP-full
1,286,0.3888,MTL-GAP-full
1,287,0.3626,MTL-GAP-full
1,288,0.3393,MTL-GAP-full
1,289,0.335,MTL-GAP-full
1,290,0.3421,MTL-GAP-full
1,291,0.3353,MTL-GAP-full
1,292,0.3328,MTL-GAP-full
1,293,0.3485,MTL-GAP-full
1,294,0.3339,MTL-GAP-full
1,295,0.3727,MTL-GAP-full
1,296,0.3396,MTL-GAP-full
1,297,0.4425,MTL-GAP-full
1,298,0.5727,MTL-GAP-full
1,299,0.7187,MTL-GAP-full
1,300,0.4844,MTL-GAP-full
1,301,0.3999,MTL-GAP-full
1,302,0.3517,MTL-GAP-full
1,303,0.3419,MTL-GAP-full
1,304,0.3381,MTL-GAP-full
1,305,0.334,MTL-GAP-full
1,306,0.3517,MTL-GAP-full
1,307,0.3361,MTL-GAP-full
1,308,0.334,MTL-GAP-full
1,309,0.3882,MTL-GAP-full
1,310,0.3421,MTL-GAP-full
1,311,0.3339,MTL-GAP-full
1,312,0.4777,MTL-GAP-full
1,313,0.5997,MTL-GAP-full
1,314,0.5119,MTL-GAP-full
1,315,0.3796,MTL-GAP-full
1,316,0.368,MTL-GAP-full
1,317,0.3423,MTL-GAP-full
1,318,0.3606,MTL-GAP-full
1,319,0.3426,MTL-GAP-full
1,320,0.5436,MTL-GAP-full
1,321,0.3692,MTL-GAP-full
1,322,0.3395,MTL-GAP-full
1,323,0.3462,MTL-GAP-full
1,324,0.3379,MTL-GAP-full
1,325,0.3353,MTL-GAP-full
1,326,0.345,MTL-GAP-full
1,327,0.4462,MTL-GAP-full
1,328,0.5937,MTL-GAP-full
1,329,0.4685,MTL-GAP-full
1,330,0.3854,MTL-GAP-full
1,331,0.3777,MTL-GAP-full
1,332,0.3457,MTL-GAP-full
1,333,0.3457,MTL-GAP-full
1,334,0.3607,MTL-GAP-full
1,335,0.3401,MTL-GAP-full
1,336,0.3425,MTL-GAP-full
1,337,0.3417,MTL-GAP-full
1,338,0.4309,MTL-GAP-full
1,339,0.47,MTL-GAP-full
1,340,0.35,MTL-GAP-full
1,341,0.3435,MTL-GAP-full
1,342,0.3774,MTL-GAP-full
1,343,0.6401,MTL-GAP-full
1,344,0.5986,MTL-GAP-full
1,345,0.3922,MTL-GAP-full
1,346,0.4326,MTL-GAP-full
1,347,0.3497,MTL-GAP-full
1,348,0.3349,MTL-GAP-full
1,349,0.346,MTL-GAP-full
1,350,0.3373,MTL-GAP-full
1,351,0.3345,MTL-GAP-full
1,352,0.3398,MTL-GAP-full
1,353,0.3341,MTL-GAP-full
1,354,0.3343,MTL-GAP-full
1,355,0.3391,MTL-GAP-full
1,356,0.3322,MTL-GAP-full
1,357,0.3382,MTL-GAP-full
1,358,0.4073,MTL-GAP-full
1,359,0.6438,MTL-GAP-full
1,360,0.5712,MTL-GAP-full
1,361,0.3772,MTL-GAP-full
1,362,0.3801,MTL-GAP-full
1,363,0.3543,MTL-GAP-full
1,364,0.3554,MTL-GAP-full
1,365,0.3422,MTL-GAP-full
1,366,0.336,MTL-GAP-full
1,367,0.3548,MTL-GAP-full
1,368,0.347,MTL-GAP-full
1,369,0.363,MTL-GAP-full
1,370,0.3331,MTL-GAP-full
1,371,0.4279,MTL-GAP-full
1,372,0.435,MTL-GAP-full
1,373,0.4542,MTL-GAP-full
1,374,0.6476,MTL-GAP-full
1,375,0.8257,MTL-GAP-full
1,376,0.691,MTL-GAP-full
1,377,0.4863,MTL-GAP-full
1,378,0.3496,MTL-GAP-full
1,379,0.3454,MTL-GAP-full
1,380,0.334,MTL-GAP-full
1,381,0.3345,MTL-GAP-full
1,382,0.3431,MTL-GAP-full
1,383,0.3339,MTL-GAP-full
1,384,0.3379,MTL-GAP-full
1,385,0.3959,MTL-GAP-full
1,386,0.3442,MTL-GAP-full
1,387,0.5866,MTL-GAP-full
1,388,0.5948,MTL-GAP-full
1,389,0.4,MTL-GAP-full
1,390,0.3833,MTL-GAP-full
1,391,0.3644,MTL-GAP-full
1,392,0.3419,MTL-GAP-full
1,393,0.3558,MTL-GAP-full
1,394,0.3594,MTL-GAP-full
1,395,0.3398,MTL-GAP-full
1,396,0.3438,MTL-GAP-full
1,397,0.3372,MTL-GAP-full
1,398,0.331,MTL-GAP-full
1,399,0.3392,MTL-GAP-full
1,400,0.3352,MTL-GAP-full
1,401,0.3394,MTL-GAP-full
1,402,0.3671,MTL-GAP-full
1,403,0.678,MTL-GAP-full
1,404,0.5534,MTL-GAP-full
1,405,0.3697,MTL-GAP-full
1,406,0.3822,MTL-GAP-full
1,407,0.3453,MTL-GAP-full
1,408,0.5246,MTL-GAP-full
1,409,0.3929,MTL-GAP-full
1,410,0.3417,MTL-GAP-full
1,411,0.3484,MTL-GAP-full
1,412,0.3395,MTL-GAP-full
1,413,0.3337,MTL-GAP-full
1,414,0.6672,MTL-GAP-full
1,415,0.4164,MTL-GAP-full
1,416,0.4021,MTL-GAP-full
1,417,0.8344,MTL-GAP-full
1,418,0.6898,MTL-GAP-full
1,419,0.4557,MTL-GAP-full
1,420,0.4166,MTL-GAP-full
1,421,0.3704,MTL-GAP-full
1,422,0.4207,MTL-GAP-full
1,423,0.4644,MTL-GAP-full
1,424,0.3658,MTL-GAP-full
1,425,0.3576,MTL-GAP-full
1,426,0.3379,MTL-GAP-full
1,427,0.3588,MTL-GAP-full
1,428,0.3365,MTL-GAP-full
1,429,0.3332,MTL-GAP-full
1,430,0.4885,MTL-GAP-full
1,431,0.6899,MTL-GAP-full
1,432,0.4715,MTL-GAP-full
1,433,0.5348,MTL-GAP-full
1,434,0.5326,MTL-GAP-full
1,435,0.3698,MTL-GAP-full
1,436,0.3444,MTL-GAP-full
1,437,0.3399,MTL-GAP-full
1,438,0.3578,MTL-GAP-full
1,439,0.3576,MTL-GAP-full
1,440,0.345,MTL-GAP-full
1,441,0.4205,MTL-GAP-full
1,442,0.3815,MTL-GAP-full
1,443,0.3398,MTL-GAP-full
1,444,0.5831,MTL-GAP-full
1,445,0.7522,MTL-GAP-full
1,446,0.5682,MTL-GAP-full
1,447,0.6457,MTL-GAP-full
1,448,0.5934,MTL-GAP-full
1,449,0.4542,MTL-GAP-full
1,450,0.4221,MTL-GAP-full
1,451,0.4481,MTL-GAP-full
1,452,0.6164,MTL-GAP-full
1,453,0.405,MTL-GAP-full
1,454,0.3468,MTL-GAP-full
1,455,0.3352,MTL-GAP-full
1,456,0.4602,MTL-GAP-full
1,457,0.6518,MTL-GAP-full
1,458,0.4935,MTL-GAP-full
1,459,0.4045,MTL-GAP-full
1,460,0.3777,MTL-GAP-full
1,461,0.3568,MTL-GAP-full
1,462,0.5357,MTL-GAP-full
1,463,0.4442,MTL-GAP-full
1,464,0.3567,MTL-GAP-full
1,465,0.3453,MTL-GAP-full
1,466,0.335,MTL-GAP-full
1,467,0.3412,MTL-GAP-full
1,468,0.3344,MTL-GAP-full
1,469,0.3348,MTL-GAP-full
1,470,0.3427,MTL-GAP-full
1,471,0.5497,MTL-GAP-full
1,472,0.6987,MTL-GAP-full
1,473,0.6535,MTL-GAP-full
1,474,0.4242,MTL-GAP-full
1,475,0.374,MTL-GAP-full
1,476,0.358,MTL-GAP-full
1,477,0.3346,MTL-GAP-full
1,478,0.3363,MTL-GAP-full
1,479,0.3473,MTL-GAP-full
1,480,0.3356,MTL-GAP-full
1,481,0.3348,MTL-GAP-full
1,482,0.3423,MTL-GAP-full
1,483,0.3348,MTL-GAP-full
1,484,0.559,MTL-GAP-full
1,485,0.9356,MTL-GAP-full
1,486,0.7187,MTL-GAP-full
1,487,0.5814,MTL-GAP-full
1,488,0.4329,MTL-GAP-full
1,489,0.3872,MTL-GAP-full
1,490,0.3825,MTL-GAP-full
1,491,0.6208,MTL-GAP-full
1,492,0.404,MTL-GAP-full
1,493,0.3891,MTL-GAP-full
1,494,0.3854,MTL-GAP-full
1,495,0.4503,MTL-GAP-full
1,496,0.4168,MTL-GAP-full
1,497,0.7177,MTL-GAP-full
1,498,0.78,MTL-GAP-full
1,499,0.4253,MTL-GAP-full
1,500,0.3828,MTL-GAP-full
1,501,0.402,MTL-GAP-full
1,502,0.3623,MTL-GAP-full
1,503,0.3614,MTL-GAP-full
1,504,0.3386,MTL-GAP-full
1,505,0.3358,MTL-GAP-full
1,506,0.3327,MTL-GAP-full
1,507,0.3622,MTL-GAP-full
1,508,0.5042,MTL-GAP-full
1,509,0.3649,MTL-GAP-full
1,510,0.3413,MTL-GAP-full
1,511,0.4951,MTL-GAP-full
1,512,0.6764,MTL-GAP-full
1,513,0.5006,MTL-GAP-full
1,514,0.3668,MTL-GAP-full
1,515,0.351,MTL-GAP-full
1,516,0.341,MTL-GAP-full
1,517,0.3366,MTL-GAP-full
1,518,0.53,MTL-GAP-full
1,519,0.568,MTL-GAP-full
1,520,0.4995,MTL-GAP-full
1,521,0.3647,MTL-GAP-full
1,522,0.6168,MTL-GAP-full
1,523,0.4519,MTL-GAP-full
1,524,0.549,MTL-GAP-full
1,525,0.7079,MTL-GAP-full
1,526,0.4363,MTL-GAP-full
1,527,0.4115,MTL-GAP-full
1,528,0.4061,MTL-GAP-full
1,529,0.3609,MTL-GAP-full
1,530,0.3401,MTL-GAP-full
1,531,0.3426,MTL-GAP-full
1,532,0.3467,MTL-GAP-full
1,533,0.3346,MTL-GAP-full
1,534,0.3331,MTL-GAP-full
1,535,0.3385,MTL-GAP-full
1,536,0.3314,MTL-GAP-full
1,537,0.3315,MTL-GAP-full
1,538,0.341,MTL-GAP-full
1,539,0.4132,MTL-GAP-full
1,540,0.6315,MTL-GAP-full
1,541,0.4435,MTL-GAP-full
1,542,0.3724,MTL-GAP-full
1,543,0.3667,MTL-GAP-full
1,544,0.34,MTL-GAP-full
1,545,0.3435,MTL-GAP-full
1,546,0.3348,MTL-GAP-full
1,547,0.3423,MTL-GAP-full
1,548,0.3431,MTL-GAP-full
1,549,0.3348,MTL-GAP-full
1,550,0.3339,MTL-GAP-full
1,551,0.3334,MTL-GAP-full
1,552,0.3332,MTL-GAP-full
1,553,0.3561,MTL-GAP-full
1,554,0.3348,MTL-GAP-full
1,555,0.8377,MTL-GAP-full
1,556,0.6695,MTL-GAP-full
1,557,0.4392,MTL-GAP-full
1,558,0.5099,MTL-GAP-full
1,559,0.3817,MTL-GAP-full
1,560,0.3494,MTL-GAP-full
1,561,0.3382,MTL-GAP-full
1,562,0.3357,MTL-GAP-full
1,563,0.3464,MTL-GAP-full
1,564,0.3404,MTL-GAP-full
1,565,0.3365,MTL-GAP-full
1,566,0.3366,MTL-GAP-full
1,567,0.3347,MTL-GAP-full
1,568,0.3359,MTL-GAP-full
1,569,0.3425,MTL-GAP-full
1,570,0.4949,MTL-GAP-full
1,571,0.6821,MTL-GAP-full
1,572,0.4166,MTL-GAP-full
1,573,0.3614,MTL-GAP-full
1,574,0.3868,MTL-GAP-full
1,575,0.3378,MTL-GAP-full
1,576,0.338,MTL-GAP-full
1,577,0.3402,MTL-GAP-full
1,578,0.3547,MTL-GAP-full
1,579,0.3709,MTL-GAP-full
1,580,0.3558,MTL-GAP-full
1,581,0.3339,MTL-GAP-full
1,582,0.3336,MTL-GAP-full
1,583,0.3325,MTL-GAP-full
1,584,0.3381,MTL-GAP-full
1,585,0.3562,MTL-GAP-full
1,586,0.5931,MTL-GAP-full
1,587,0.5564,MTL-GAP-full
1,588,0.371,MTL-GAP-full
1,589,0.4078,MTL-GAP-full
1,590,0.3529,MTL-GAP-full
1,591,0.3374,MTL-GAP-full
1,592,0.3483,MTL-GAP-full
1,593,0.3346,MTL-GAP-full
1,594,0.7305,MTL-GAP-full
1,595,0.54,MTL-GAP-full
1,596,0.5219,MTL-GAP-full
1,597,0.375,MTL-GAP-full
1,598,0.3419,MTL-GAP-full
1,599,0.4281,MTL-GAP-full
1,600,0.718,MTL-GAP-full
1,601,0.5514,MTL-GAP-full
1,602,0.4192,MTL-GAP-full
1,603,0.4673,MTL-GAP-full
1,604,0.3553,MTL-GAP-full
1,605,0.3361,MTL-GAP-full
1,606,0.3523,MTL-GAP-full
1,607,0.3363,MTL-GAP-full
1,608,0.3348,MTL-GAP-full
1,609,0.3372,MTL-GAP-full
1,610,0.335,MTL-GAP-full
1,611,0.3367,MTL-GAP-full
1,612,0.3427,MTL-GAP-full
1,613,0.336,MTL-GAP-full
1,614,0.4009,MTL-GAP-full
1,615,0.6123,MTL-GAP-full
1,616,0.5602,MTL-GAP-full
1,617,0.3741,MTL-GAP-full
1,618,0.3667,MTL-GAP-full
1,619,0.3413,MTL-GAP-full
1,620,0.3378,MTL-GAP-full
1,621,0.3372,MTL-GAP-full
1,622,0.3473,MTL-GAP-full
1,623,0.3351,MTL-GAP-full
1,624,0.3347,MTL-GAP-full
1,625,0.3361,MTL-GAP-full
1,626,0.334,MTL-GAP-full
1,627,0.3342,MTL-GAP-full
1,628,0.3552,MTL-GAP-full
1,629,0.3553,MTL-GAP-full
1,630,0.4315,MTL-GAP-full
1,631,0.6318,MTL-GAP-full
1,632,0.7178,MTL-GAP-full
1,633,0.5818,MTL-GAP-full
1,634,0.52,MTL-GAP-full
1,635,0.5669,MTL-GAP-full
1,636,0.4383,MTL-GAP-full
1,637,0.4299,MTL-GAP-full
1,638,0.3438,MTL-GAP-full
1,639,0.3393,MTL-GAP-full
1,640,0.3435,MTL-GAP-full
1,641,0.3366,MTL-GAP-full
1,642,0.3362,MTL-GAP-full
1,643,0.4144,MTL-GAP-full
1,644,0.5994,MTL-GAP-full
1,645,0.5008,MTL-GAP-full
1,646,0.373,MTL-GAP-full
1,647,0.3568,MTL-GAP-full
1,648,0.3756,MTL-GAP-full
1,649,0.3845,MTL-GAP-full
1,650,0.3392,MTL-GAP-full
1,651,0.3365,MTL-GAP-full
1,652,0.3734,MTL-GAP-full
1,653,0.4589,MTL-GAP-full
1,654,0.3651,MTL-GAP-full
1,655,0.3371,MTL-GAP-full
1,656,0.3379,MTL-GAP-full
1,657,0.3378,MTL-GAP-full
1,658,0.3332,MTL-GAP-full
1,659,0.4775,MTL-GAP-full
1,660,0.6864,MTL-GAP-full
1,661,0.4704,MTL-GAP-full
1,662,0.3683,MTL-GAP-full
1,663,0.3538,MTL-GAP-full
1,664,0.3386,MTL-GAP-full
1,665,0.3572,MTL-GAP-full
1,666,0.339,MTL-GAP-full
1,667,0.3332,MTL-GAP-full
1,668,0.39,MTL-GAP-full
1,669,0.3395,MTL-GAP-full
1,670,0.3404,MTL-GAP-full
1,671,0.5003,MTL-GAP-full
1,672,0.3778,MTL-GAP-full
1,673,0.3418,MTL-GAP-full
1,674,0.3661,MTL-GAP-full
1,675,0.7595,MTL-GAP-full
1,676,0.7565,MTL-GAP-full
1,677,0.4378,MTL-GAP-full
1,678,0.3742,MTL-GAP-full
1,679,0.3476,MTL-GAP-full
1,680,0.3385,MTL-GAP-full
1,681,0.3359,MTL-GAP-full
1,682,0.3362,MTL-GAP-full
1,683,0.3412,MTL-GAP-full
1,684,0.3485,MTL-GAP-full
1,685,0.3364,MTL-GAP-full
1,686,0.3481,MTL-GAP-full
1,687,0.3354,MTL-GAP-full
1,688,0.3351,MTL-GAP-full
1,689,0.5486,MTL-GAP-full
1,690,0.6501,MTL-GAP-full
1,691,0.4193,MTL-GAP-full
1,692,0.3847,MTL-GAP-full
1,693,0.351,MTL-GAP-full
1,694,0.3514,MTL-GAP-full
1,695,0.3351,MTL-GAP-full
1,696,0.3346,MTL-GAP-full
1,697,0.3333,MTL-GAP-full
1,698,0.3334,MTL-GAP-full
1,699,0.3321,MTL-GAP-full
1,700,0.3471,MTL-GAP-full
1,701,0.3429,MTL-GAP-full
1,702,0.5089,MTL-GAP-full
1,703,0.4829,MTL-GAP-full
1,704,0.6645,MTL-GAP-full
1,705,0.6067,MTL-GAP-full
1,706,0.3864,MTL-GAP-full
1,707,0.3706,MTL-GAP-full
1,708,0.3873,MTL-GAP-full
1,709,0.4168,MTL-GAP-full
1,710,0.3645,MTL-GAP-full
1,711,0.3383,MTL-GAP-full
1,712,0.3353,MTL-GAP-full
1,713,0.3336,MTL-GAP-full
1,714,0.3507,MTL-GAP-full
1,715,0.3473,MTL-GAP-full
1,716,0.3442,MTL-GAP-full
1,717,0.3355,MTL-GAP-full
1,718,0.3866,MTL-GAP-full
1,719,0.4951,MTL-GAP-full
1,720,0.6948,MTL-GAP-full
1,721,0.4327,MTL-GAP-full
1,722,0.3596,MTL-GAP-full
1,723,0.3645,MTL-GAP-full
1,724,0.38,MTL-GAP-full
1,725,0.3415,MTL-GAP-full
1,726,0.3359,MTL-GAP-full
1,727,0.3683,MTL-GAP-full
1,728,0.3435,MTL-GAP-full
1,729,0.3455,MTL-GAP-full
1,730,0.3357,MTL-GAP-full
1,731,0.3339,MTL-GAP-full
1,732,0.3328,MTL-GAP-full
1,733,0.3351,MTL-GAP-full
1,734,0.3326,MTL-GAP-full
1,735,0.655,MTL-GAP-full
1,736,0.696,MTL-GAP-full
1,737,0.4037,MTL-GAP-full
1,738,0.3799,MTL-GAP-full
1,739,0.3665,MTL-GAP-full
1,740,0.3374,MTL-GAP-full
1,741,0.3387,MTL-GAP-full
1,742,0.3394,MTL-GAP-full
1,743,0.3741,MTL-GAP-full
1,744,0.3478,MTL-GAP-full
1,745,0.3378,MTL-GAP-full
1,746,0.3347,MTL-GAP-full
1,747,0.3348,MTL-GAP-full
1,748,0.3491,MTL-GAP-full
1,749,0.3355,MTL-GAP-full
1,750,0.9272,MTL-GAP-full
1,751,0.6394,MTL-GAP-full
1,752,0.4457,MTL-GAP-full
1,753,0.5291,MTL-GAP-full
1,754,0.3819,MTL-GAP-full
1,755,0.35,MTL-GAP-full
1,756,0.3385,MTL-GAP-full
1,757,0.3392,MTL-GAP-full
1,758,0.3461,MTL-GAP-full
1,759,0.3354,MTL-GAP-full
1,760,0.3357,MTL-GAP-full
1,761,0.3347,MTL-GAP-full
1,762,0.3357,MTL-GAP-full
1,763,0.3336,MTL-GAP-full
1,764,0.4931,MTL-GAP-full
1,765,0.7097,MTL-GAP-full
1,766,0.5807,MTL-GAP-full
1,767,0.4173,MTL-GAP-full
1,768,0.4005,MTL-GAP-full
1,769,0.3489,MTL-GAP-full
1,770,0.3374,MTL-GAP-full
1,771,0.3356,MTL-GAP-full
1,772,0.334,MTL-GAP-full
1,773,0.3463,MTL-GAP-full
1,774,0.3375,MTL-GAP-full
1,775,0.3354,MTL-GAP-full
1,776,0.3349,MTL-GAP-full
1,777,0.3556,MTL-GAP-full
1,778,0.3426,MTL-GAP-full
1,779,0.4513,MTL-GAP-full
1,780,0.6801,MTL-GAP-full
1,781,0.5694,MTL-GAP-full
1,782,0.4022,MTL-GAP-full
1,783,0.3785,MTL-GAP-full
1,784,0.3407,MTL-GAP-full
1,785,0.335,MTL-GAP-full
1,786,0.3365,MTL-GAP-full
1,787,0.3354,MTL-GAP-full
1,788,0.4423,MTL-GAP-full
1,789,0.4395,MTL-GAP-full
1,790,0.3493,MTL-GAP-full
1,791,0.3408,MTL-GAP-full
1,792,0.3363,MTL-GAP-full
1,793,0.3358,MTL-GAP-full
1,794,0.4475,MTL-GAP-full
1,795,0.6448,MTL-GAP-full
1,796,0.4787,MTL-GAP-full
1,797,0.3625,MTL-GAP-full
1,798,0.4429,MTL-GAP-full
1,799,0.396,MTL-GAP-full
1,800,0.3584,MTL-GAP-full
1,801,0.3599,MTL-GAP-full
1,802,0.4678,MTL-GAP-full
1,803,0.3853,MTL-GAP-full
1,804,0.3385,MTL-GAP-full
1,805,0.3401,MTL-GAP-full
1,806,0.3387,MTL-GAP-full
1,807,0.3342,MTL-GAP-full
1,808,0.3344,MTL-GAP-full
1,809,0.4261,MTL-GAP-full
1,810,0.6338,MTL-GAP-full
1,811,0.4921,MTL-GAP-full
1,812,0.3764,MTL-GAP-full
1,813,0.4104,MTL-GAP-full
1,814,0.3547,MTL-GAP-full
1,815,0.3798,MTL-GAP-full
1,816,0.3346,MTL-GAP-full
1,817,0.3391,MTL-GAP-full
1,818,0.3347,MTL-GAP-full
1,819,0.3458,MTL-GAP-full
1,820,0.3338,MTL-GAP-full
1,821,0.3403,MTL-GAP-full
1,822,0.336,MTL-GAP-full
1,823,0.3352,MTL-GAP-full
1,824,0.3347,MTL-GAP-full
1,825,0.4672,MTL-GAP-full
1,826,0.759,MTL-GAP-full
1,827,0.6658,MTL-GAP-full
1,828,0.4207,MTL-GAP-full
1,829,0.3844,MTL-GAP-full
1,830,0.3574,MTL-GAP-full
1,831,0.3386,MTL-GAP-full
1,832,0.3407,MTL-GAP-full
1,833,0.3475,MTL-GAP-full
1,834,0.3384,MTL-GAP-full
1,835,0.3358,MTL-GAP-full
1,836,0.3337,MTL-GAP-full
1,837,0.3335,MTL-GAP-full
1,838,0.3336,MTL-GAP-full
1,839,0.344,MTL-GAP-full
1,840,0.4472,MTL-GAP-full
1,841,0.6359,MTL-GAP-full
1,842,0.4833,MTL-GAP-full
1,843,0.4075,MTL-GAP-full
1,844,0.3907,MTL-GAP-full
1,845,0.343,MTL-GAP-full
1,846,0.3375,MTL-GAP-full
1,847,0.3394,MTL-GAP-full
1,848,0.3345,MTL-GAP-full
1,849,0.3452,MTL-GAP-full
1,850,0.3374,MTL-GAP-full
1,851,0.3568,MTL-GAP-full
1,852,0.4945,MTL-GAP-full
1,853,0.3849,MTL-GAP-full
1,854,0.513,MTL-GAP-full
1,855,0.9256,MTL-GAP-full
1,856,0.5435,MTL-GAP-full
1,857,0.4023,MTL-GAP-full
1,858,0.3723,MTL-GAP-full
1,859,0.3436,MTL-GAP-full
1,860,0.3364,MTL-GAP-full
1,861,0.3354,MTL-GAP-full
1,862,0.3354,MTL-GAP-full
1,863,0.4728,MTL-GAP-full
1,864,0.373,MTL-GAP-full
1,865,0.4902,MTL-GAP-full
1,866,0.5008,MTL-GAP-full
1,867,0.3609,MTL-GAP-full
1,868,0.4123,MTL-GAP-full
1,869,0.6572,MTL-GAP-full
1,870,0.5417,MTL-GAP-full
1,871,0.3851,MTL-GAP-full
1,872,0.359,MTL-GAP-full
1,873,0.401,MTL-GAP-full
1,874,0.4013,MTL-GAP-full
1,875,0.3489,MTL-GAP-full
1,876,0.3367,MTL-GAP-full
1,877,0.3515,MTL-GAP-full
1,878,0.3427,MTL-GAP-full
1,879,0.3375,MTL-GAP-full
1,880,0.3337,MTL-GAP-full
1,881,0.3327,MTL-GAP-full
1,882,0.3375,MTL-GAP-full
1,883,0.3435,MTL-GAP-full
1,884,0.5195,MTL-GAP-full
1,885,0.7071,MTL-GAP-full
1,886,0.456,MTL-GAP-full
1,887,0.4042,MTL-GAP-full
1,888,0.3596,MTL-GAP-full
1,889,0.343,MTL-GAP-full
1,890,0.3521,MTL-GAP-full
1,891,0.3367,MTL-GAP-full
1,892,0.3442,MTL-GAP-full
1,893,0.3368,MTL-GAP-full
1,894,0.3341,MTL-GAP-full
1,895,0.3347,MTL-GAP-full
1,896,0.3347,MTL-GAP-full
1,897,0.3337,MTL-GAP-full
1,898,0.347,MTL-GAP-full
1,899,0.3851,MTL-GAP-full
1,900,0.683,MTL-GAP-full
1,901,0.5899,MTL-GAP-full
1,902,0.753,MTL-GAP-full
1,903,0.6235,MTL-GAP-full
1,904,0.3557,MTL-GAP-full
1,905,0.3392,MTL-GAP-full
1,906,0.3378,MTL-GAP-full
1,907,0.6169,MTL-GAP-full
1,908,0.5121,MTL-GAP-full
1,909,0.4368,MTL-GAP-full
1,910,0.3347,MTL-GAP-full
1,911,0.3475,MTL-GAP-full
1,912,0.7325,MTL-GAP-full
1,913,0.4995,MTL-GAP-full
1,914,0.4281,MTL-GAP-full
1,915,0.3888,MTL-GAP-full
1,916,0.3561,MTL-GAP-full
1,917,0.3397,MTL-GAP-full
1,918,0.3338,MTL-GAP-full
1,919,0.3369,MTL-GAP-full
1,920,0.3614,MTL-GAP-full
1,921,0.3405,MTL-GAP-full
1,922,0.4236,MTL-GAP-full
1,923,0.3633,MTL-GAP-full
1,924,0.3396,MTL-GAP-full
1,925,0.3933,MTL-GAP-full
1,926,0.3392,MTL-GAP-full
1,927,0.6431,MTL-GAP-full
1,928,0.5341,MTL-GAP-full
1,929,0.3812,MTL-GAP-full
1,930,0.371,MTL-GAP-full
1,931,0.3642,MTL-GAP-full
1,932,0.3807,MTL-GAP-full
1,933,0.4509,MTL-GAP-full
1,934,0.4005,MTL-GAP-full
1,935,0.3679,MTL-GAP-full
1,936,0.352,MTL-GAP-full
1,937,0.3447,MTL-GAP-full
1,938,0.3354,MTL-GAP-full
1,939,0.3424,MTL-GAP-full
1,940,0.5614,MTL-GAP-full
1,941,0.4605,MTL-GAP-full
1,942,0.8802,MTL-GAP-full
1,943,0.5571,MTL-GAP-full
1,944,0.3898,MTL-GAP-full
1,945,0.3961,MTL-GAP-full
1,946,0.4687,MTL-GAP-full
1,947,0.3536,MTL-GAP-full
1,948,0.3414,MTL-GAP-full
1,949,0.3427,MTL-GAP-full
1,950,0.336,MTL-GAP-full
1,951,0.3325,MTL-GAP-full
1,952,0.3473,MTL-GAP-full
1,953,0.3336,MTL-GAP-full
1,954,0.3329,MTL-GAP-full
1,955,0.3388,MTL-GAP-full
1,956,0.4655,MTL-GAP-full
1,957,0.7054,MTL-GAP-full
1,958,0.5011,MTL-GAP-full
1,959,0.4403,MTL-GAP-full
1,960,0.3666,MTL-GAP-full
1,961,0.3476,MTL-GAP-full
1,962,0.3461,MTL-GAP-full
1,963,0.3337,MTL-GAP-full
1,964,0.3321,MTL-GAP-full
1,965,0.3445,MTL-GAP-full
1,966,0.3329,MTL-GAP-full
1,967,0.3345,MTL-GAP-full
1,968,0.4723,MTL-GAP-full
1,969,0.5057,MTL-GAP-full
1,970,0.3437,MTL-GAP-full
1,971,0.7586,MTL-GAP-full
1,972,0.5643,MTL-GAP-full
1,973,0.3833,MTL-GAP-full
1,974,0.3757,MTL-GAP-full
1,975,0.6994,MTL-GAP-full
1,976,0.3973,MTL-GAP-full
1,977,0.3731,MTL-GAP-full
1,978,0.3596,MTL-GAP-full
1,979,0.3843,MTL-GAP-full
1,980,0.3629,MTL-GAP-full
1,981,0.3632,MTL-GAP-full
1,982,0.346,MTL-GAP-full
1,983,0.3341,MTL-GAP-full
1,984,0.334,MTL-GAP-full
1,985,0.7631,MTL-GAP-full
1,986,0.6745,MTL-GAP-full
1,987,0.6142,MTL-GAP-full
1,988,0.6578,MTL-GAP-full
1,989,0.6102,MTL-GAP-full
1,990,0.5479,MTL-GAP-full
1,991,0.5431,MTL-GAP-full
1,992,0.6228,MTL-GAP-full
1,993,0.526,MTL-GAP-full
1,994,0.5245,MTL-GAP-full
1,995,0.7111,MTL-GAP-full
1,996,0.697,MTL-GAP-full
1,997,0.6057,MTL-GAP-full
1,998,0.4406,MTL-GAP-full
1,999,0.3791,MTL-GAP-full
1,1000,0.3422,MTL-GAP-full
2,1,0.3622,MTL-GAP-full
2,2,0.3516,MTL-GAP-full
2,3,0.3504,MTL-GAP-full
2,4,0.3337,MTL-GAP-full
2,5,0.3464,MTL-GAP-full
2,6,0.3361,MTL-GAP-full
2,7,0.3539,MTL-GAP-full
2,8,0.3345,MTL-GAP-full
2,9,0.3422,MTL-GAP-full
2,10,0.3933,MTL-GAP-full
2,11,0.3597,MTL-GAP-full
2,12,0.5675,MTL-GAP-full
2,13,0.6792,MTL-GAP-full
2,14,0.3855,MTL-GAP-full
2,15,0.3876,MTL-GAP-full
2,16,0.3492,MTL-GAP-full
2,17,0.341,MTL-GAP-full
2,18,0.3674,MTL-GAP-full
2,19,0.3372,MTL-GAP-full
2,20,0.4448,MTL-GAP-full
2,21,0.5791,MTL-GAP-full
2,22,0.5243,MTL-GAP-full
2,23,0.5046,MTL-GAP-full
2,24,0.5303,MTL-GAP-full
2,25,0.5638,MTL-GAP-full
2,26,0.6639,MTL-GAP-full
2,27,0.4381,MTL-GAP-full
2,28,0.3748,MTL-GAP-full
2,29,0.3954,MTL-GAP-full
2,30,0.3456,MTL-GAP-full
2,31,0.3342,MTL-GAP-full
2,32,0.3756,MTL-GAP-full
2,33,0.4881,MTL-GAP-full
2,34,0.4051,MTL-GAP-full
2,35,0.3412,MTL-GAP-full
2,36,0.3379,MTL-GAP-full
2,37,0.3428,MTL-GAP-full
2,38,0.3456,MTL-GAP-full
2,39,0.3329,MTL-GAP-full
2,40,0.5069,MTL-GAP-full
2,41,0.533,MTL-GAP-full
2,42,0.4738,MTL-GAP-full
2,43,0.3697,MTL-GAP-full
2,44,0.3804,MTL-GAP-full
2,45,0.3629,MTL-GAP-full
2,46,0.3389,MTL-GAP-full
2,47,0.3576,MTL-GAP-full
2,48,0.3343,MTL-GAP-full
2,49,0.3377,MTL-GAP-full
2,50,0.3461,MTL-GAP-full
2,51,0.3328,MTL-GAP-full
2,52,0.3334,MTL-GAP-full
2,53,0.3432,MTL-GAP-full
2,54,0.3356,MTL-GAP-full
2,55,0.3361,MTL-GAP-full
2,56,0.4615,MTL-GAP-full
2,57,0.6902,MTL-GAP-full
2,58,0.6792,MTL-GAP-full
2,59,0.5342,MTL-GAP-full
2,60,0.6419,MTL-GAP-full
2,61,0.4194,MTL-GAP-full
2,62,0.422,MTL-GAP-full
2,63,0.348,MTL-GAP-full
2,64,0.3375,MTL-GAP-full
2,65,0.3427,MTL-GAP-full
2,66,0.3374,MTL-GAP-full
2,67,0.3399,MTL-GAP-full
2,68,0.3372,MTL-GAP-full
2,69,0.3624,MTL-GAP-full
2,70,0.6908,MTL-GAP-full
2,71,0.4813,MTL-GAP-full
2,72,0.4325,MTL-GAP-full
2,73,0.3968,MTL-GAP-full
2,74,0.5062,MTL-GAP-full
2,75,0.3785,MTL-GAP-full
2,76,0.3513,MTL-GAP-full
2,77,0.3357,MTL-GAP-full
2,78,0.3584,MTL-GAP-full
2,79,0.3381,MTL-GAP-full
2,80,0.3336,MTL-GAP-full
2,81,0.4133,MTL-GAP-full
2,82,0.4857,MTL-GAP-full
2,83,0.377,MTL-GAP-full
2,84,0.5687,MTL-GAP-full
2,85,0.5331,MTL-GAP-full
2,86,0.4784,MTL-GAP-full
2,87,0.3765,MTL-GAP-full
2,88,0.3854,MTL-GAP-full
2,89,0.3694,MTL-GAP-full
2,90,0.3462,MTL-GAP-full
2,91,0.3368,MTL-GAP-full
2,92,0.3339,MTL-GAP-full
2,93,0.3398,MTL-GAP-full
2,94,0.3391,MTL-GAP-full
2,95,0.3328,MTL-GAP-full
2,96,0.7668,MTL-GAP-full
2,97,0.3944,MTL-GAP-full
2,98,0.4266,MTL-GAP-full
2,99,0.6871,MTL-GAP-full
2,100,0.5042,MTL-GAP-full
2,101,0.5703,MTL-GAP-full
2,102,0.5951,MTL-GAP-full
2,103,0.5507,MTL-GAP-full
2,104,0.7062,MTL-GAP-full
2,105,0.3905,MTL-GAP-full
2,106,0.3535,MTL-GAP-full
2,107,0.3357,MTL-GAP-full
2,108,0.3341,MTL-GAP-full
2,109,0.3342,MTL-GAP-full
2,110,0.3337,MTL-GAP-full
2,111,0.5285,MTL-GAP-full
2,112,0.6092,MTL-GAP-full
2,113,0.4725,MTL-GAP-full
2,114,0.3848,MTL-GAP-full
2,115,0.3849,MTL-GAP-full
2,116,0.3443,MTL-GAP-full
2,117,0.3352,MTL-GAP-full
2,118,0.3338,MTL-GAP-full
2,119,0.3327,MTL-GAP-full
2,120,0.3327,MTL-GAP-full
2,121,0.3483,MTL-GAP-full
2,122,0.4733,MTL-GAP-full
2,123,0.3876,MTL-GAP-full
2,124,0.3411,MTL-GAP-full
2,125,0.3476,MTL-GAP-full
2,126,0.4327,MTL-GAP-full
2,127,0.6604,MTL-GAP-full
2,128,0.5798,MTL-GAP-full
2,129,0.3823,MTL-GAP-full
2,130,0.5403,MTL-GAP-full
2,131,0.412,MTL-GAP-full
2,132,0.3552,MTL-GAP-full
2,133,0.3426,MTL-GAP-full
2,134,0.3352,MTL-GAP-full
2,135,0.3481,MTL-GAP-full
2,136,0.3414,MTL-GAP-full
2,137,0.5605,MTL-GAP-full
2,138,0.3626,MTL-GAP-full
2,139,0.3383,MTL-GAP-full
2,140,0.4139,MTL-GAP-full
2,141,0.6288,MTL-GAP-full
2,142,0.5778,MTL-GAP-full
2,143,0.3856,MTL-GAP-full
2,144,0.3875,MTL-GAP-full
2,145,0.3569,MTL-GAP-full
2,146,0.3407,MTL-GAP-full
2,147,0.337,MTL-GAP-full
2,148,0.3349,MTL-GAP-full
2,149,0.3381,MTL-GAP-full
2,150,0.3418,MTL-GAP-full
2,151,0.334,MTL-GAP-full
2,152,0.352,MTL-GAP-full
2,153,0.3661,MTL-GAP-full
2,154,0.3402,MTL-GAP-full
2,155,0.3429,MTL-GAP-full
2,156,0.4141,MTL-GAP-full
2,157,0.6472,MTL-GAP-full
2,158,0.5009,MTL-GAP-full
2,159,0.3708,MTL-GAP-full
2,160,0.3646,MTL-GAP-full
2,161,0.3376,MTL-GAP-full
2,162,0.3351,MTL-GAP-full
2,163,0.3354,MTL-GAP-full
2,164,0.3332,MTL-GAP-full
2,165,0.3421,MTL-GAP-full
2,166,0.3536,MTL-GAP-full
2,167,0.3336,MTL-GAP-full
2,168,0.3337,MTL-GAP-full
2,169,0.3413,MTL-GAP-full
2,170,0.4542,MTL-GAP-full
2,171,0.4274,MTL-GAP-full
2,172,0.6824,MTL-GAP-full
2,173,0.5628,MTL-GAP-full
2,174,0.3797,MTL-GAP-full
2,175,0.3862,MTL-GAP-full
2,176,0.3445,MTL-GAP-full
2,177,0.4103,MTL-GAP-full
2,178,0.4216,MTL-GAP-full
2,179,0.3416,MTL-GAP-full
2,180,0.3821,MTL-GAP-full
2,181,0.3514,MTL-GAP-full
2,182,0.3364,MTL-GAP-full
2,183,0.3432,MTL-GAP-full
2,184,0.3334,MTL-GAP-full
2,185,0.3343,MTL-GAP-full
2,186,0.3447,MTL-GAP-full
2,187,0.5451,MTL-GAP-full
2,188,0.6156,MTL-GAP-full
2,189,0.3941,MTL-GAP-full
2,190,0.4099,MTL-GAP-full
2,191,0.3482,MTL-GAP-full
2,192,0.3376,MTL-GAP-full
2,193,0.3378,MTL-GAP-full
2,194,0.3367,MTL-GAP-full
2,195,0.3359,MTL-GAP-full
2,196,0.3499,MTL-GAP-full
2,197,0.3365,MTL-GAP-full
2,198,0.3383,MTL-GAP-full
2,199,0.3349,MTL-GAP-full
2,200,0.3345,MTL-GAP-full
2,201,0.3343,MTL-GAP-full
2,202,0.3454,MTL-GAP-full
2,203,0.5439,MTL-GAP-full
2,204,0.6362,MTL-GAP-full
2,205,0.3785,MTL-GAP-full
2,206,0.3812,MTL-GAP-full
2,207,0.3602,MTL-GAP-full
2,208,0.458,MTL-GAP-full
2,209,0.3857,MTL-GAP-full
2,210,0.343,MTL-GAP-full
2,211,0.3652,MTL-GAP-full
2,212,0.3582,MTL-GAP-full
2,213,0.5574,MTL-GAP-full
2,214,0.5344,MTL-GAP-full
2,215,0.5863,MTL-GAP-full
2,216,0.9198,MTL-GAP-full
2,217,0.7741,MTL-GAP-full
2,218,0.4359,MTL-GAP-full
2,219,0.4209,MTL-GAP-full
2,220,0.3809,MTL-GAP-full
2,221,0.3511,MTL-GAP-full
2,222,0.3441,MTL-GAP-full
2,223,0.3545,MTL-GAP-full
2,224,0.3396,MTL-GAP-full
2,225,0.3399,MTL-GAP-full
2,226,0.4464,MTL-GAP-full
2,227,0.4403,MTL-GAP-full
2,228,0.3564,MTL-GAP-full
2,229,0.3458,MTL-GAP-full
2,230,0.7518,MTL-GAP-full
2,231,0.6426,MTL-GAP-full
2,232,0.4265,MTL-GAP-full
2,233,0.398,MTL-GAP-full
2,234,0.4066,MTL-GAP-full
2,235,0.3466,MTL-GAP-full
2,236,0.3441,MTL-GAP-full
2,237,0.3561,MTL-GAP-full
2,238,0.3457,MTL-GAP-full
2,239,0.3547,MTL-GAP-full
2,240,0.3453,MTL-GAP-full
2,241,0.3436,MTL-GAP-full
2,242,0.3386,MTL-GAP-full
2,243,0.5285,MTL-GAP-full
2,244,0.6328,MTL-GAP-full
2,245,0.6378,MTL-GAP-full
2,246,0.6794,MTL-GAP-full
2,247,0.4966,MTL-GAP-full
2,248,0.4433,MTL-GAP-full
2,249,0.4095,MTL-GAP-full
2,250,0.4215,MTL-GAP-full
2,251,0.3618,MTL-GAP-full
2,252,0.3456,MTL-GAP-full
2,253,0.3502,MTL-GAP-full
2,254,0.3446,MTL-GAP-full
2,255,0.3777,MTL-GAP-full
2,256,0.3572,MTL-GAP-full
2,257,0.3504,MTL-GAP-full
2,258,0.7342,MTL-GAP-full
2,259,0.6151,MTL-GAP-full
2,260,0.4163,MTL-GAP-full
2,261,0.4018,MTL-GAP-full
2,262,0.3855,MTL-GAP-full
2,263,0.36,MTL-GAP-full
2,264,0.4988,MTL-GAP-full
2,265,0.6426,MTL-GAP-full
2,266,0.4933,MTL-GAP-full
2,267,0.4971,MTL-GAP-full
2,268,0.4942,MTL-GAP-full
2,269,0.4886,MTL-GAP-full
2,270,0.7996,MTL-GAP-full
2,271,0.6542,MTL-GAP-full
2,272,0.5327,MTL-GAP-full
2,273,0.5471,MTL-GAP-full
2,274,0.5998,MTL-GAP-full
2,275,0.6233,MTL-GAP-full
2,276,0.5139,MTL-GAP-full
2,277,0.4516,MTL-GAP-full
2,278,0.5519,MTL-GAP-full
2,279,0.7112,MTL-GAP-full
2,280,0.8471,MTL-GAP-full
2,281,0.4768,MTL-GAP-full
2,282,0.3856,MTL-GAP-full
2,283,0.3781,MTL-GAP-full
2,284,0.3893,MTL-GAP-full
2,285,0.3552,MTL-GAP-full
2,286,0.4658,MTL-GAP-full
2,287,0.3556,MTL-GAP-full
2,288,0.4293,MTL-GAP-full
2,289,0.3878,MTL-GAP-full
2,290,0.3637,MTL-GAP-full
2,291,0.3432,MTL-GAP-full
2,292,0.3441,MTL-GAP-full
2,293,0.3439,MTL-GAP-full
2,294,0.5251,MTL-GAP-full
2,295,0.7825,MTL-GAP-full
2,296,0.5351,MTL-GAP-full
2,297,0.4108,MTL-GAP-full
2,298,0.3772,MTL-GAP-full
2,299,0.3791,MTL-GAP-full
2,300,0.3441,MTL-GAP-full
2,301,0.3414,MTL-GAP-full
2,302,0.3393,MTL-GAP-full
2,303,0.3395,MTL-GAP-full
2,304,0.3472,MTL-GAP-full
2,305,0.352,MTL-GAP-full
2,306,0.3457,MTL-GAP-full
2,307,0.3391,MTL-GAP-full
2,308,0.3411,MTL-GAP-full
2,309,0.4455,MTL-GAP-full
2,310,0.7929,MTL-GAP-full
2,311,0.4993,MTL-GAP-full
2,312,0.5225,MTL-GAP-full
2,313,0.4536,MTL-GAP-full
2,314,0.3719,MTL-GAP-full
2,315,0.3791,MTL-GAP-full
2,316,0.3523,MTL-GAP-full
2,317,0.3482,MTL-GAP-full
2,318,0.3394,MTL-GAP-full
2,319,0.3493,MTL-GAP-full
2,320,0.3402,MTL-GAP-full
2,321,0.3397,MTL-GAP-full
2,322,0.3384,MTL-GAP-full
2,323,0.3496,MTL-GAP-full
2,324,0.7282,MTL-GAP-full
2,325,0.6319,MTL-GAP-full
2,326,0.4246,MTL-GAP-full
2,327,0.392,MTL-GAP-full
2,328,0.3508,MTL-GAP-full
2,329,0.3571,MTL-GAP-full
2,330,0.3409,MTL-GAP-full
2,331,0.3385,MTL-GAP-full
2,332,0.3375,MTL-GAP-full
2,333,0.3484,MTL-GAP-full
2,334,0.3392,MTL-GAP-full
2,335,0.352,MTL-GAP-full
2,336,0.3377,MTL-GAP-full
2,337,0.3545,MTL-GAP-full
2,338,0.3714,MTL-GAP-full
2,339,0.5586,MTL-GAP-full
2,340,0.713,MTL-GAP-full
2,341,0.4181,MTL-GAP-full
2,342,0.3673,MTL-GAP-full
2,343,0.3856,MTL-GAP-full
2,344,0.3779,MTL-GAP-full
2,345,0.3608,MTL-GAP-full
2,346,0.3434,MTL-GAP-full
2,347,0.3375,MTL-GAP-full
2,348,0.3378,MTL-GAP-full
2,349,0.3382,MTL-GAP-full
2,350,0.6297,MTL-GAP-full
2,351,0.4896,MTL-GAP-full
2,352,0.4344,MTL-GAP-full
2,353,0.7167,MTL-GAP-full
2,354,0.6638,MTL-GAP-full
2,355,0.3974,MTL-GAP-full
2,356,0.3821,MTL-GAP-full
2,357,0.3657,MTL-GAP-full
2,358,0.361,MTL-GAP-full
2,359,0.3405,MTL-GAP-full
2,360,0.3631,MTL-GAP-full
2,361,0.4601,MTL-GAP-full
2,362,0.3623,MTL-GAP-full
2,363,0.3562,MTL-GAP-full
2,364,0.343,MTL-GAP-full
2,365,0.3418,MTL-GAP-full
2,366,0.3386,MTL-GAP-full
2,367,0.4324,MTL-GAP-full
2,368,0.6934,MTL-GAP-full
2,369,0.533,MTL-GAP-full
2,370,0.391,MTL-GAP-full
2,371,0.3814,MTL-GAP-full
2,372,0.3498,MTL-GAP-full
2,373,0.3563,MTL-GAP-full
2,374,0.3391,MTL-GAP-full
2,375,0.3405,MTL-GAP-full
2,376,0.3393,MTL-GAP-full
2,377,0.3496,MTL-GAP-full
2,378,0.3438,MTL-GAP-full
2,379,0.353,MTL-GAP-full
2,380,0.3405,MTL-GAP-full
2,381,0.338,MTL-GAP-full
2,382,0.3389,MTL-GAP-full
2,383,0.5265,MTL-GAP-full
2,384,0.6906,MTL-GAP-full
2,385,0.6915,MTL-GAP-full
2,386,0.4983,MTL-GAP-full
2,387,0.4104,MTL-GAP-full
2,388,0.3455,MTL-GAP-full
2,389,0.4655,MTL-GAP-full
2,390,0.4318,MTL-GAP-full
2,391,0.423,MTL-GAP-full
2,392,0.3803,MTL-GAP-full
2,393,0.357,MTL-GAP-full
2,394,0.3424,MTL-GAP-full
2,395,0.3398,MTL-GAP-full
2,396,0.4413,MTL-GAP-full
2,397,0.6851,MTL-GAP-full
2,398,0.5381,MTL-GAP-full
2,399,0.397,MTL-GAP-full
2,400,0.3873,MTL-GAP-full
2,401,0.3608,MTL-GAP-full
2,402,0.354,MTL-GAP-full
2,403,0.3467,MTL-GAP-full
2,404,0.3422,MTL-GAP-full
2,405,0.3358,MTL-GAP-full
2,406,0.3378,MTL-GAP-full
2,407,0.3402,MTL-GAP-full
2,408,0.3466,MTL-GAP-full
2,409,0.3512,MTL-GAP-full
2,410,0.5803,MTL-GAP-full
2,411,0.6918,MTL-GAP-full
2,412,0.7139,MTL-GAP-full
2,413,0.3975,MTL-GAP-full
2,414,0.375,MTL-GAP-full
2,415,0.3914,MTL-GAP-full
2,416,0.3643,MTL-GAP-full
2,417,0.3493,MTL-GAP-full
2,418,0.3477,MTL-GAP-full
2,419,0.3394,MTL-GAP-full
2,420,0.3399,MTL-GAP-full
2,421,0.3427,MTL-GAP-full
2,422,0.4866,MTL-GAP-full
2,423,0.3847,MTL-GAP-full
2,424,0.3827,MTL-GAP-full
2,425,0.3717,MTL-GAP-full
2,426,0.707,MTL-GAP-full
2,427,0.4528,MTL-GAP-full
2,428,0.3788,MTL-GAP-full
2,429,0.3775,MTL-GAP-full
2,430,0.4073,MTL-GAP-full
2,431,0.3478,MTL-GAP-full
2,432,0.3437,MTL-GAP-full
2,433,0.3725,MTL-GAP-full
2,434,0.3548,MTL-GAP-full
2,435,0.4303,MTL-GAP-full
2,436,0.46,MTL-GAP-full
2,437,0.4271,MTL-GAP-full
2,438,0.4251,MTL-GAP-full
2,439,0.3594,MTL-GAP-full
2,440,0.61,MTL-GAP-full
2,441,0.6652,MTL-GAP-full
2,442,0.4271,MTL-GAP-full
2,443,0.4124,MTL-GAP-full
2,444,0.3743,MTL-GAP-full
2,445,0.3599,MTL-GAP-full
2,446,0.3385,MTL-GAP-full
2,447,0.3455,MTL-GAP-full
2,448,0.3374,MTL-GAP-full
2,449,0.3483,MTL-GAP-full
2,450,0.3433,MTL-GAP-full
2,451,0.3388,MTL-GAP-full
2,452,0.3445,MTL-GAP-full
2,453,0.337,MTL-GAP-full
2,454,0.3463,MTL-GAP-full
2,455,0.6941,MTL-GAP-full
2,456,0.6759,MTL-GAP-full
2,457,0.6945,MTL-GAP-full
2,458,0.5161,MTL-GAP-full
2,459,0.4362,MTL-GAP-full
2,460,0.4395,MTL-GAP-full
2,461,0.3839,MTL-GAP-full
2,462,0.3507,MTL-GAP-full
2,463,0.494,MTL-GAP-full
2,464,0.526,MTL-GAP-full
2,465,0.5387,MTL-GAP-full
2,466,0.5204,MTL-GAP-full
2,467,0.8885,MTL-GAP-full
2,468,0.605,MTL-GAP-full
2,469,0.3936,MTL-GAP-full
2,470,0.3982,MTL-GAP-full
2,471,0.3985,MTL-GAP-full
2,472,0.3635,MTL-GAP-full
2,473,0.3398,MTL-GAP-full
2,474,0.3441,MTL-GAP-full
2,475,0.5967,MTL-GAP-full
2,476,0.4569,MTL-GAP-full
2,477,0.3653,MTL-GAP-full
2,478,0.3732,MTL-GAP-full
2,479,0.3466,MTL-GAP-full
2,480,0.5027,MTL-GAP-full
2,481,0.7201,MTL-GAP-full
2,482,0.4945,MTL-GAP-full
2,483,0.3663,MTL-GAP-full
2,484,0.3687,MTL-GAP-full
2,485,0.4154,MTL-GAP-full
2,486,0.371,MTL-GAP-full
2,487,0.3617,MTL-GAP-full
2,488,0.3426,MTL-GAP-full
2,489,0.3388,MTL-GAP-full
2,490,0.3386,MTL-GAP-full
2,491,0.6997,MTL-GAP-full
2,492,0.47,MTL-GAP-full
2,493,0.3778,MTL-GAP-full
2,494,0.8134,MTL-GAP-full
2,495,0.6139,MTL-GAP-full
2,496,0.4583,MTL-GAP-full
2,497,0.6737,MTL-GAP-full
2,498,0.6854,MTL-GAP-full
2,499,0.6949,MTL-GAP-full
2,500,0.5641,MTL-GAP-full
2,501,0.5388,MTL-GAP-full
2,502,0.546,MTL-GAP-full
2,503,0.5911,MTL-GAP-full
2,504,0.8599,MTL-GAP-full
2,505,0.7267,MTL-GAP-full
2,506,0.6652,MTL-GAP-full
2,507,0.6088,MTL-GAP-full
2,508,0.5482,MTL-GAP-full
2,509,0.5797,MTL-GAP-full
2,510,0.5379,MTL-GAP-full
2,511,0.6196,MTL-GAP-full
2,512,0.6677,MTL-GAP-full
2,513,1.122,MTL-GAP-full
2,514,0.9544,MTL-GAP-full
2,515,0.4629,MTL-GAP-full
2,516,0.3903,MTL-GAP-full
2,517,0.3491,MTL-GAP-full
2,518,0.4808,MTL-GAP-full
2,519,0.821,MTL-GAP-full
2,520,0.5328,MTL-GAP-full
2,521,0.3878,MTL-GAP-full
2,522,0.3441,MTL-GAP-full
2,523,0.4207,MTL-GAP-full
2,524,0.7039,MTL-GAP-full
2,525,0.6081,MTL-GAP-full
2,526,0.4007,MTL-GAP-full
2,527,0.3998,MTL-GAP-full
2,528,0.3594,MTL-GAP-full
2,529,0.3448,MTL-GAP-full
2,530,0.3571,MTL-GAP-full
2,531,0.3396,MTL-GAP-full
2,532,0.3369,MTL-GAP-full
2,533,0.3363,MTL-GAP-full
2,534,0.3421,MTL-GAP-full
2,535,0.3596,MTL-GAP-full
2,536,0.4328,MTL-GAP-full
2,537,0.3478,MTL-GAP-full
2,538,0.4803,MTL-GAP-full
2,539,0.6561,MTL-GAP-full
2,540,0.5232,MTL-GAP-full
2,541,0.3694,MTL-GAP-full
2,542,0.388,MTL-GAP-full
2,543,0.3681,MTL-GAP-full
2,544,0.3476,MTL-GAP-full
2,545,0.3491,MTL-GAP-full
2,546,0.3436,MTL-GAP-full
2,547,0.3395,MTL-GAP-full
2,548,0.3396,MTL-GAP-full
2,549,0.3384,MTL-GAP-full
2,550,0.3373,MTL-GAP-full
2,551,0.8633,MTL-GAP-full
2,552,0.4994,MTL-GAP-full
2,553,0.7498,MTL-GAP-full
2,554,0.5284,MTL-GAP-full
2,555,0.3847,MTL-GAP-full
2,556,0.3831,MTL-GAP-full
2,557,0.3883,MTL-GAP-full
2,558,0.3559,MTL-GAP-full
2,559,0.3501,MTL-GAP-full
2,560,0.3432,MTL-GAP-full
2,561,0.3385,MTL-GAP-full
2,562,0.34,MTL-GAP-full
2,563,0.3412,MTL-GAP-full
2,564,0.345,MTL-GAP-full
2,565,0.3571,MTL-GAP-full
2,566,0.3437,MTL-GAP-full
2,567,0.4522,MTL-GAP-full
2,568,0.6834,MTL-GAP-full
2,569,0.5306,MTL-GAP-full
2,570,0.3759,MTL-GAP-full
2,571,0.3673,MTL-GAP-full
2,572,0.3647,MTL-GAP-full
2,573,0.3456,MTL-GAP-full
2,574,0.3408,MTL-GAP-full
2,575,0.3549,MTL-GAP-full
2,576,0.3418,MTL-GAP-full
2,577,0.3382,MTL-GAP-full
2,578,0.3367,MTL-GAP-full
2,579,0.3479,MTL-GAP-full
2,580,0.3413,MTL-GAP-full
2,581,0.3516,MTL-GAP-full
2,582,0.3396,MTL-GAP-full
2,583,0.6303,MTL-GAP-full
2,584,0.8297,MTL-GAP-full
2,585,0.4178,MTL-GAP-full
2,586,0.4502,MTL-GAP-full
2,587,0.3811,MTL-GAP-full
2,588,0.602,MTL-GAP-full
2,589,0.5385,MTL-GAP-full
2,590,0.4563,MTL-GAP-full
2,591,0.4332,MTL-GAP-full
2,592,0.5877,MTL-GAP-full
2,593,0.6037,MTL-GAP-full
2,594,0.7189,MTL-GAP-full
2,595,0.8744,MTL-GAP-full
2,596,0.6907,MTL-GAP-full
2,597,0.6585,MTL-GAP-full
2,598,0.5733,MTL-GAP-full
2,599,0.6406,MTL-GAP-full
2,600,0.649,MTL-GAP-full
2,601,0.6239,MTL-GAP-full
2,602,0.6016,MTL-GAP-full
2,603,0.7421,MTL-GAP-full
2,604,0.7579,MTL-GAP-full
2,605,0.6838,MTL-GAP-full
2,606,0.6449,MTL-GAP-full
2,607,0.6356,MTL-GAP-full
2,608,0.5368,MTL-GAP-full
2,609,0.5465,MTL-GAP-full
2,610,0.5871,MTL-GAP-full
2,611,0.5405,MTL-GAP-full
2,612,0.5349,MTL-GAP-full
2,613,0.7804,MTL-GAP-full
2,614,0.8023,MTL-GAP-full
2,615,0.6564,MTL-GAP-full
2,616,0.7437,MTL-GAP-full
2,617,0.5503,MTL-GAP-full
2,618,0.5374,MTL-GAP-full
2,619,0.5667,MTL-GAP-full
2,620,0.54,MTL-GAP-full
2,621,0.5589,MTL-GAP-full
2,622,0.5657,MTL-GAP-full
2,623,0.8601,MTL-GAP-full
2,624,0.6481,MTL-GAP-full
2,625,0.5989,MTL-GAP-full
2,626,0.6504,MTL-GAP-full
2,627,0.5434,MTL-GAP-full
2,628,0.5288,MTL-GAP-full
2,629,0.56,MTL-GAP-full
2,630,0.5275,MTL-GAP-full
2,631,0.5363,MTL-GAP-full
2,632,0.5768,MTL-GAP-full
2,633,0.881,MTL-GAP-full
2,634,0.6569,MTL-GAP-full
2,635,0.7997,MTL-GAP-full
2,636,0.6013,MTL-GAP-full
2,637,0.5573,MTL-GAP-full
2,638,0.7221,MTL-GAP-full
2,639,0.6407,MTL-GAP-full
2,640,0.5286,MTL-GAP-full
2,641,0.3773,MTL-GAP-full
2,642,0.6705,MTL-GAP-full
2,643,0.6372,MTL-GAP-full
2,644,0.4853,MTL-GAP-full
2,645,0.4241,MTL-GAP-full
2,646,0.3983,MTL-GAP-full
2,647,0.4051,MTL-GAP-full
2,648,0.4826,MTL-GAP-full
2,649,0.4117,MTL-GAP-full
2,650,0.7348,MTL-GAP-full
2,651,0.706,MTL-GAP-full
2,652,0.6155,MTL-GAP-full
2,653,0.725,MTL-GAP-full
2,654,0.7224,MTL-GAP-full
2,655,0.6058,MTL-GAP-full
2,656,0.6036,MTL-GAP-full
2,657,0.6813,MTL-GAP-full
2,658,0.6384,MTL-GAP-full
2,659,0.6253,MTL-GAP-full
2,660,0.5593,MTL-GAP-full
2,661,0.5428,MTL-GAP-full
2,662,0.5396,MTL-GAP-full
2,663,0.9636,MTL-GAP-full
2,664,0.7111,MTL-GAP-full
2,665,0.4931,MTL-GAP-full
2,666,0.4495,MTL-GAP-full
2,667,0.3893,MTL-GAP-full
2,668,0.3616,MTL-GAP-full
2,669,0.3446,MTL-GAP-full
2,670,0.3522,MTL-GAP-full
2,671,0.3563,MTL-GAP-full
2,672,0.3417,MTL-GAP-full
2,673,0.3603,MTL-GAP-full
2,674,0.3505,MTL-GAP-full
2,675,0.3499,MTL-GAP-full
2,676,0.5165,MTL-GAP-full
2,677,0.7833,MTL-GAP-full
2,678,0.5334,MTL-GAP-full
2,679,0.404,MTL-GAP-full
2,680,0.4053,MTL-GAP-full
2,681,0.3972,MTL-GAP-full
2,682,0.3493,MTL-GAP-full
2,683,0.3544,MTL-GAP-full
2,684,0.3529,MTL-GAP-full
2,685,0.346,MTL-GAP-full
2,686,0.3425,MTL-GAP-full
2,687,0.378,MTL-GAP-full
2,688,0.3494,MTL-GAP-full
2,689,0.3426,MTL-GAP-full
2,690,0.3954,MTL-GAP-full
2,691,0.8435,MTL-GAP-full
2,692,0.6727,MTL-GAP-full
2,693,0.4039,MTL-GAP-full
2,694,0.4198,MTL-GAP-full
2,695,0.3667,MTL-GAP-full
2,696,0.3594,MTL-GAP-full
2,697,0.3531,MTL-GAP-full
2,698,0.3378,MTL-GAP-full
2,699,0.3415,MTL-GAP-full
2,700,0.6074,MTL-GAP-full
2,701,0.3657,MTL-GAP-full
2,702,0.3812,MTL-GAP-full
2,703,0.3662,MTL-GAP-full
2,704,0.5796,MTL-GAP-full
2,705,0.6959,MTL-GAP-full
2,706,0.5145,MTL-GAP-full
2,707,0.4131,MTL-GAP-full
2,708,0.4174,MTL-GAP-full
2,709,0.3958,MTL-GAP-full
2,710,0.3611,MTL-GAP-full
2,711,0.3585,MTL-GAP-full
2,712,0.4544,MTL-GAP-full
2,713,0.3854,MTL-GAP-full
2,714,0.352,MTL-GAP-full
2,715,0.3433,MTL-GAP-full
2,716,0.3504,MTL-GAP-full
2,717,0.352,MTL-GAP-full
2,718,0.4845,MTL-GAP-full
2,719,0.7042,MTL-GAP-full
2,720,0.5578,MTL-GAP-full
2,721,0.4035,MTL-GAP-full
2,722,0.6337,MTL-GAP-full
2,723,0.5728,MTL-GAP-full
2,724,0.5765,MTL-GAP-full
2,725,0.5956,MTL-GAP-full
2,726,0.5357,MTL-GAP-full
2,727,0.5443,MTL-GAP-full
2,728,0.5038,MTL-GAP-full
2,729,0.5285,MTL-GAP-full
2,730,0.7009,MTL-GAP-full
2,731,0.7275,MTL-GAP-full
2,732,0.5919,MTL-GAP-full
2,733,0.3959,MTL-GAP-full
2,734,0.3535,MTL-GAP-full
2,735,0.5358,MTL-GAP-full
2,736,0.5878,MTL-GAP-full
2,737,0.5632,MTL-GAP-full
2,738,0.5302,MTL-GAP-full
2,739,0.5367,MTL-GAP-full
2,740,0.6517,MTL-GAP-full
2,741,0.7862,MTL-GAP-full
2,742,0.4245,MTL-GAP-full
2,743,0.3927,MTL-GAP-full
2,744,0.3909,MTL-GAP-full
2,745,0.7628,MTL-GAP-full
2,746,0.6285,MTL-GAP-full
2,747,0.5441,MTL-GAP-full
2,748,0.5435,MTL-GAP-full
2,749,0.6779,MTL-GAP-full
2,750,0.7438,MTL-GAP-full
2,751,0.8605,MTL-GAP-full
2,752,0.4872,MTL-GAP-full
2,753,0.886,MTL-GAP-full
2,754,0.6506,MTL-GAP-full
2,755,0.5757,MTL-GAP-full
2,756,0.5648,MTL-GAP-full
2,757,0.5506,MTL-GAP-full
2,758,0.8765,MTL-GAP-full
2,759,0.4957,MTL-GAP-full
2,760,0.5979,MTL-GAP-full
2,761,0.7672,MTL-GAP-full
2,762,0.3983,MTL-GAP-full
2,763,0.3984,MTL-GAP-full
2,764,0.3682,MTL-GAP-full
2,765,0.3801,MTL-GAP-full
2,766,0.513,MTL-GAP-full
2,767,0.3778,MTL-GAP-full
2,768,0.3447,MTL-GAP-full
2,769,0.3436,MTL-GAP-full
2,770,0.3484,MTL-GAP-full
2,771,0.5429,MTL-GAP-full
2,772,0.7354,MTL-GAP-full
2,773,0.7472,MTL-GAP-full
2,774,0.7223,MTL-GAP-full
2,775,0.6724,MTL-GAP-full
2,776,0.6304,MTL-GAP-full
2,777,0.5667,MTL-GAP-full
2,778,0.6434,MTL-GAP-full
2,779,0.848,MTL-GAP-full
2,780,0.6575,MTL-GAP-full
2,781,0.6746,MTL-GAP-full
2,782,0.7495,MTL-GAP-full
2,783,0.6385,MTL-GAP-full
2,784,0.6457,MTL-GAP-full
2,785,0.5417,MTL-GAP-full
2,786,0.4457,MTL-GAP-full
2,787,0.3893,MTL-GAP-full
2,788,0.6028,MTL-GAP-full
2,789,0.4216,MTL-GAP-full
2,790,0.3628,MTL-GAP-full
2,791,0.3403,MTL-GAP-full
2,792,0.3504,MTL-GAP-full
2,793,0.5126,MTL-GAP-full
2,794,0.7198,MTL-GAP-full
2,795,0.492,MTL-GAP-full
2,796,0.3994,MTL-GAP-full
2,797,0.4069,MTL-GAP-full
2,798,0.3601,MTL-GAP-full
2,799,0.3604,MTL-GAP-full
2,800,0.3481,MTL-GAP-full
2,801,0.3402,MTL-GAP-full
2,802,0.3585,MTL-GAP-full
2,803,0.3487,MTL-GAP-full
2,804,0.3752,MTL-GAP-full
2,805,0.3934,MTL-GAP-full
2,806,0.3533,MTL-GAP-full
2,807,0.3639,MTL-GAP-full
2,808,0.7055,MTL-GAP-full
2,809,0.6384,MTL-GAP-full
2,810,0.4316,MTL-GAP-full
2,811,0.434,MTL-GAP-full
2,812,0.3637,MTL-GAP-full
2,813,0.3531,MTL-GAP-full
2,814,0.3394,MTL-GAP-full
2,815,0.3707,MTL-GAP-full
2,816,0.4533,MTL-GAP-full
2,817,0.5258,MTL-GAP-full
2,818,0.5232,MTL-GAP-full
2,819,0.6357,MTL-GAP-full
2,820,0.6982,MTL-GAP-full
2,821,0.8285,MTL-GAP-full
2,822,0.6023,MTL-GAP-full
2,823,0.5607,MTL-GAP-full
2,824,0.527,MTL-GAP-full
2,825,0.5099,MTL-GAP-full
2,826,0.5284,MTL-GAP-full
2,827,0.4813,MTL-GAP-full
2,828,0.4897,MTL-GAP-full
2,829,0.4795,MTL-GAP-full
2,830,0.5237,MTL-GAP-full
2,831,1.0242,MTL-GAP-full
2,832,0.7222,MTL-GAP-full
2,833,0.6031,MTL-GAP-full
2,834,0.5541,MTL-GAP-full
2,835,0.5408,MTL-GAP-full
2,836,0.4962,MTL-GAP-full
2,837,0.4724,MTL-GAP-full
2,838,0.4778,MTL-GAP-full
2,839,0.4768,MTL-GAP-full
2,840,0.506,MTL-GAP-full
2,841,0.5086,MTL-GAP-full
2,842,0.6914,MTL-GAP-full
2,843,0.6076,MTL-GAP-full
2,844,0.606,MTL-GAP-full
2,845,0.7348,MTL-GAP-full
2,846,0.5023,MTL-GAP-full
2,847,0.4878,MTL-GAP-full
2,848,0.5102,MTL-GAP-full
2,849,0.5114,MTL-GAP-full
2,850,0.4793,MTL-GAP-full
2,851,0.4869,MTL-GAP-full
2,852,0.6094,MTL-GAP-full
2,853,0.6354,MTL-GAP-full
2,854,0.5372,MTL-GAP-full
2,855,0.5441,MTL-GAP-full
2,856,0.5559,MTL-GAP-full
2,857,0.4913,MTL-GAP-full
2,858,0.4854,MTL-GAP-full
2,859,0.4848,MTL-GAP-full
2,860,0.5288,MTL-GAP-full
2,861,0.6046,MTL-GAP-full
2,862,0.4993,MTL-GAP-full
2,863,0.4241,MTL-GAP-full
2,864,0.7901,MTL-GAP-full
2,865,0.5353,MTL-GAP-full
2,866,0.3848,MTL-GAP-full
2,867,0.4382,MTL-GAP-full
2,868,0.381,MTL-GAP-full
2,869,0.4206,MTL-GAP-full
2,870,0.4087,MTL-GAP-full
2,871,0.3548,MTL-GAP-full
2,872,0.4343,MTL-GAP-full
2,873,0.484,MTL-GAP-full
2,874,0.4339,MTL-GAP-full
2,875,0.3801,MTL-GAP-full
2,876,0.7213,MTL-GAP-full
2,877,0.5634,MTL-GAP-full
2,878,0.3976,MTL-GAP-full
2,879,0.4862,MTL-GAP-full
2,880,0.4041,MTL-GAP-full
2,881,0.3728,MTL-GAP-full
2,882,0.4505,MTL-GAP-full
2,883,0.4008,MTL-GAP-full
2,884,0.4017,MTL-GAP-full
2,885,0.4534,MTL-GAP-full
2,886,0.3445,MTL-GAP-full
2,887,0.3463,MTL-GAP-full
2,888,0.349,MTL-GAP-full
2,889,0.343,MTL-GAP-full
2,890,0.336,MTL-GAP-full
2,891,0.5215,MTL-GAP-full
2,892,0.6783,MTL-GAP-full
2,893,0.4125,MTL-GAP-full
2,894,0.3579,MTL-GAP-full
2,895,0.3729,MTL-GAP-full
2,896,0.3687,MTL-GAP-full
2,897,0.3468,MTL-GAP-full
2,898,0.3882,MTL-GAP-full
2,899,0.418,MTL-GAP-full
2,900,0.4143,MTL-GAP-full
2,901,0.3442,MTL-GAP-full
2,902,0.3374,MTL-GAP-full
2,903,0.3355,MTL-GAP-full
2,904,0.3347,MTL-GAP-full
2,905,0.3581,MTL-GAP-full
2,906,0.4279,MTL-GAP-full
2,907,0.7275,MTL-GAP-full
2,908,0.4324,MTL-GAP-full
2,909,0.394,MTL-GAP-full
2,910,0.3638,MTL-GAP-full
2,911,0.3499,MTL-GAP-full
2,912,0.3376,MTL-GAP-full
2,913,0.396,MTL-GAP-full
2,914,0.7093,MTL-GAP-full
2,915,0.5562,MTL-GAP-full
2,916,0.5064,MTL-GAP-full
2,917,0.5117,MTL-GAP-full
2,918,0.7589,MTL-GAP-full
2,919,0.7792,MTL-GAP-full
2,920,0.5172,MTL-GAP-full
2,921,0.4056,MTL-GAP-full
2,922,0.3874,MTL-GAP-full
2,923,0.3707,MTL-GAP-full
2,924,0.3376,MTL-GAP-full
2,925,0.4823,MTL-GAP-full
2,926,0.3804,MTL-GAP-full
2,927,0.3694,MTL-GAP-full
2,928,0.4432,MTL-GAP-full
2,929,0.4434,MTL-GAP-full
2,930,0.3414,MTL-GAP-full
2,931,0.3421,MTL-GAP-full
2,932,0.459,MTL-GAP-full
2,933,0.6849,MTL-GAP-full
2,934,0.5455,MTL-GAP-full
2,935,0.4553,MTL-GAP-full
2,936,0.5442,MTL-GAP-full
2,937,0.3747,MTL-GAP-full
2,938,0.338,MTL-GAP-full
2,939,0.334,MTL-GAP-full
2,940,0.3443,MTL-GAP-full
2,941,0.338,MTL-GAP-full
2,942,0.3359,MTL-GAP-full
2,943,0.3403,MTL-GAP-full
2,944,0.3347,MTL-GAP-full
2,945,0.3321,MTL-GAP-full
2,946,0.3417,MTL-GAP-full
2,947,0.668,MTL-GAP-full
2,948,0.664,MTL-GAP-full
2,949,0.6695,MTL-GAP-full
2,950,0.4827,MTL-GAP-full
2,951,0.4354,MTL-GAP-full
2,952,0.5297,MTL-GAP-full
2,953,0.5927,MTL-GAP-full
2,954,0.5308,MTL-GAP-full
2,955,0.3775,MTL-GAP-full
2,956,0.3923,MTL-GAP-full
2,957,0.3609,MTL-GAP-full
2,958,0.4208,MTL-GAP-full
2,959,1.0541,MTL-GAP-full
2,960,0.7667,MTL-GAP-full
2,961,0.5052,MTL-GAP-full
2,962,0.4494,MTL-GAP-full
2,963,0.6184,MTL-GAP-full
2,964,0.5762,MTL-GAP-full
2,965,0.5514,MTL-GAP-full
2,966,0.6834,MTL-GAP-full
2,967,0.5925,MTL-GAP-full
2,968,0.8941,MTL-GAP-full
2,969,0.9474,MTL-GAP-full
2,970,0.8559,MTL-GAP-full
2,971,0.7194,MTL-GAP-full
2,972,0.5198,MTL-GAP-full
2,973,0.4705,MTL-GAP-full
2,974,0.4821,MTL-GAP-full
2,975,0.4682,MTL-GAP-full
2,976,0.5232,MTL-GAP-full
2,977,0.5567,MTL-GAP-full
2,978,0.7751,MTL-GAP-full
2,979,0.595,MTL-GAP-full
2,980,0.5286,MTL-GAP-full
2,981,0.6353,MTL-GAP-full
2,982,0.4975,MTL-GAP-full
2,983,0.4331,MTL-GAP-full
2,984,0.3688,MTL-GAP-full
2,985,0.5973,MTL-GAP-full
2,986,0.655,MTL-GAP-full
2,987,0.6719,MTL-GAP-full
2,988,0.9529,MTL-GAP-full
2,989,0.8997,MTL-GAP-full
2,990,0.7638,MTL-GAP-full
2,991,0.7636,MTL-GAP-full
2,992,0.5935,MTL-GAP-full
2,993,0.6062,MTL-GAP-full
2,994,0.5908,MTL-GAP-full
2,995,0.6383,MTL-GAP-full
2,996,0.3978,MTL-GAP-full
2,997,0.7709,MTL-GAP-full
2,998,0.7561,MTL-GAP-full
2,999,0.8367,MTL-GAP-full
2,1000,0.5868,MTL-GAP-full
3,1,0.3355,MTL-GAP-full
3,2,0.3579,MTL-GAP-full
3,3,0.3366,MTL-GAP-full
3,4,0.3327,MTL-GAP-full
3,5,0.3382,MTL-GAP-full
3,6,0.3342,MTL-GAP-full
3,7,0.3386,MTL-GAP-full
3,8,0.5176,MTL-GAP-full
3,9,0.5639,MTL-GAP-full
3,10,0.6402,MTL-GAP-full
3,11,0.3787,MTL-GAP-full
3,12,0.3649,MTL-GAP-full
3,13,0.3825,MTL-GAP-full
3,14,0.3446,MTL-GAP-full
3,15,0.3352,MTL-GAP-full
3,16,0.4108,MTL-GAP-full
3,17,0.3775,MTL-GAP-full
3,18,0.3424,MTL-GAP-full
3,19,0.4075,MTL-GAP-full
3,20,0.3423,MTL-GAP-full
3,21,0.3355,MTL-GAP-full
3,22,0.3459,MTL-GAP-full
3,23,0.3324,MTL-GAP-full
3,24,0.4719,MTL-GAP-full
3,25,0.6675,MTL-GAP-full
3,26,0.4914,MTL-GAP-full
3,27,0.3953,MTL-GAP-full
3,28,0.3647,MTL-GAP-full
3,29,0.3629,MTL-GAP-full
3,30,0.3494,MTL-GAP-full
3,31,0.338,MTL-GAP-full
3,32,0.3357,MTL-GAP-full
3,33,0.3438,MTL-GAP-full
3,34,0.3387,MTL-GAP-full
3,35,0.3351,MTL-GAP-full
3,36,0.3451,MTL-GAP-full
3,37,0.3382,MTL-GAP-full
3,38,0.3341,MTL-GAP-full
3,39,0.3342,MTL-GAP-full
3,40,0.4761,MTL-GAP-full
3,41,0.5775,MTL-GAP-full
3,42,0.4733,MTL-GAP-full
3,43,0.5133,MTL-GAP-full
3,44,0.3781,MTL-GAP-full
3,45,0.3524,MTL-GAP-full
3,46,0.337,MTL-GAP-full
3,47,1.0088,MTL-GAP-full
3,48,0.472,MTL-GAP-full
3,49,0.3522,MTL-GAP-full
3,50,0.3492,MTL-GAP-full
3,51,0.3367,MTL-GAP-full
3,52,0.3941,MTL-GAP-full
3,53,0.6807,MTL-GAP-full
3,54,0.8481,MTL-GAP-full
3,55,0.4285,MTL-GAP-full
3,56,0.3643,MTL-GAP-full
3,57,0.3798,MTL-GAP-full
3,58,0.3664,MTL-GAP-full
3,59,0.3599,MTL-GAP-full
3,60,0.3371,MTL-GAP-full
3,61,0.3343,MTL-GAP-full
3,62,0.3524,MTL-GAP-full
3,63,0.3425,MTL-GAP-full
3,64,0.3367,MTL-GAP-full
3,65,0.369,MTL-GAP-full
3,66,0.3672,MTL-GAP-full
3,67,0.3567,MTL-GAP-full
3,68,0.5792,MTL-GAP-full
3,69,0.5737,MTL-GAP-full
3,70,0.3872,MTL-GAP-full
3,71,0.3691,MTL-GAP-full
3,72,0.3428,MTL-GAP-full
3,73,0.3434,MTL-GAP-full
3,74,0.3339,MTL-GAP-full
3,75,0.3329,MTL-GAP-full
3,76,0.3399,MTL-GAP-full
3,77,0.3336,MTL-GAP-full
3,78,0.334,MTL-GAP-full
3,79,0.3521,MTL-GAP-full
3,80,0.3332,MTL-GAP-full
3,81,0.3319,MTL-GAP-full
3,82,0.3447,MTL-GAP-full
3,83,0.3327,MTL-GAP-full
3,84,0.738,MTL-GAP-full
3,85,0.6771,MTL-GAP-full
3,86,0.4318,MTL-GAP-full
3,87,0.41,MTL-GAP-full
3,88,0.3605,MTL-GAP-full
3,89,0.399,MTL-GAP-full
3,90,0.6395,MTL-GAP-full
3,91,0.543,MTL-GAP-full
3,92,0.4132,MTL-GAP-full
3,93,0.3514,MTL-GAP-full
3,94,0.3397,MTL-GAP-full
3,95,0.3341,MTL-GAP-full
3,96,0.3395,MTL-GAP-full
3,97,0.5094,MTL-GAP-full
3,98,0.5845,MTL-GAP-full
3,99,0.5299,MTL-GAP-full
3,100,0.3976,MTL-GAP-full
3,101,0.3774,MTL-GAP-full
3,102,0.3576,MTL-GAP-full
3,103,0.3475,MTL-GAP-full
3,104,0.3365,MTL-GAP-full
3,105,0.3389,MTL-GAP-full
3,106,0.341,MTL-GAP-full
3,107,0.3354,MTL-GAP-full
3,108,0.3341,MTL-GAP-full
3,109,0.3473,MTL-GAP-full
3,110,0.3387,MTL-GAP-full
3,111,0.3349,MTL-GAP-full
3,112,0.391,MTL-GAP-full
3,113,0.6083,MTL-GAP-full
3,114,0.5095,MTL-GAP-full
3,115,0.4053,MTL-GAP-full
3,116,0.3607,MTL-GAP-full
3,117,0.3483,MTL-GAP-full
3,118,0.3392,MTL-GAP-full
3,119,0.3355,MTL-GAP-full
3,120,0.3419,MTL-GAP-full
3,121,0.3401,MTL-GAP-full
3,122,0.3385,MTL-GAP-full
3,123,0.5137,MTL-GAP-full
3,124,0.4251,MTL-GAP-full
3,125,0.3538,MTL-GAP-full
3,126,0.3415,MTL-GAP-full
3,127,0.3356,MTL-GAP-full
3,128,0.5004,MTL-GAP-full
3,129,0.6442,MTL-GAP-full
3,130,0.4941,MTL-GAP-full
3,131,0.3616,MTL-GAP-full
3,132,0.3988,MTL-GAP-full
3,133,0.3668,MTL-GAP-full
3,134,0.3446,MTL-GAP-full
3,135,0.3375,MTL-GAP-full
3,136,0.3382,MTL-GAP-full
3,137,0.3575,MTL-GAP-full
3,138,0.3337,MTL-GAP-full
3,139,0.3372,MTL-GAP-full
3,140,0.4832,MTL-GAP-full
3,141,0.4277,MTL-GAP-full
3,142,0.3613,MTL-GAP-full
3,143,0.5896,MTL-GAP-full
3,144,0.6098,MTL-GAP-full
3,145,0.3887,MTL-GAP-full
3,146,0.3908,MTL-GAP-full
3,147,0.3486,MTL-GAP-full
3,148,0.3406,MTL-GAP-full
3,149,0.3472,MTL-GAP-full
3,150,0.3359,MTL-GAP-full
3,151,0.3388,MTL-GAP-full
3,152,0.3445,MTL-GAP-full
3,153,0.3354,MTL-GAP-full
3,154,0.3436,MTL-GAP-full
3,155,0.3364,MTL-GAP-full
3,156,0.3338,MTL-GAP-full
3,157,0.3404,MTL-GAP-full
3,158,0.3363,MTL-GAP-full
3,159,0.6384,MTL-GAP-full
3,160,0.5896,MTL-GAP-full
3,161,0.5389,MTL-GAP-full
3,162,0.5141,MTL-GAP-full
3,163,0.3857,MTL-GAP-full
3,164,0.3852,MTL-GAP-full
3,165,0.3482,MTL-GAP-full
3,166,0.5203,MTL-GAP-full
3,167,0.5005,MTL-GAP-full
3,168,0.3517,MTL-GAP-full
3,169,0.3931,MTL-GAP-full
3,170,0.4557,MTL-GAP-full
3,171,0.352,MTL-GAP-full
3,172,0.4857,MTL-GAP-full
3,173,0.6659,MTL-GAP-full
3,174,0.483,MTL-GAP-full
3,175,0.4178,MTL-GAP-full
3,176,0.3687,MTL-GAP-full
3,177,0.3466,MTL-GAP-full
3,178,0.3377,MTL-GAP-full
3,179,0.3393,MTL-GAP-full
3,180,0.3372,MTL-GAP-full
3,181,0.3465,MTL-GAP-full
3,182,0.336,MTL-GAP-full
3,183,0.3371,MTL-GAP-full
3,184,0.3323,MTL-GAP-full
3,185,0.3321,MTL-GAP-full
3,186,0.3445,MTL-GAP-full
3,187,0.3671,MTL-GAP-full
3,188,0.732,MTL-GAP-full
3,189,0.5406,MTL-GAP-full
3,190,0.467,MTL-GAP-full
3,191,0.4166,MTL-GAP-full
3,192,0.3464,MTL-GAP-full
3,193,0.3396,MTL-GAP-full
3,194,0.3402,MTL-GAP-full
3,195,0.3366,MTL-GAP-full
3,196,0.3487,MTL-GAP-full
3,197,0.3364,MTL-GAP-full
3,198,0.6338,MTL-GAP-full
3,199,0.5709,MTL-GAP-full
3,200,0.3858,MTL-GAP-full
3,201,0.4575,MTL-GAP-full
3,202,0.8711,MTL-GAP-full
3,203,0.5022,MTL-GAP-full
3,204,0.4495,MTL-GAP-full
3,205,0.3741,MTL-GAP-full
3,206,0.5561,MTL-GAP-full
3,207,0.4978,MTL-GAP-full
3,208,0.4552,MTL-GAP-full
3,209,0.5995,MTL-GAP-full
3,210,0.3637,MTL-GAP-full
3,211,0.3369,MTL-GAP-full
3,212,0.3381,MTL-GAP-full
3,213,0.34,MTL-GAP-full
3,214,0.4475,MTL-GAP-full
3,215,0.4915,MTL-GAP-full
3,216,0.449,MTL-GAP-full
3,217,0.4201,MTL-GAP-full
3,218,0.4033,MTL-GAP-full
3,219,0.359,MTL-GAP-full
3,220,0.3549,MTL-GAP-full
3,221,0.3422,MTL-GAP-full
3,222,0.335,MTL-GAP-full
3,223,0.3425,MTL-GAP-full
3,224,0.3341,MTL-GAP-full
3,225,0.5008,MTL-GAP-full
3,226,0.401,MTL-GAP-full
3,227,0.3368,MTL-GAP-full
3,228,0.3327,MTL-GAP-full
3,229,0.4067,MTL-GAP-full
3,230,0.6281,MTL-GAP-full
3,231,0.5568,MTL-GAP-full
3,232,0.3851,MTL-GAP-full
3,233,0.3997,MTL-GAP-full
3,234,0.598,MTL-GAP-full
3,235,0.3845,MTL-GAP-full
3,236,0.3817,MTL-GAP-full
3,237,0.3437,MTL-GAP-full
3,238,0.4327,MTL-GAP-full
3,239,0.5387,MTL-GAP-full
3,240,0.5065,MTL-GAP-full
3,241,0.3573,MTL-GAP-full
3,242,0.3347,MTL-GAP-full
3,243,0.5047,MTL-GAP-full
3,244,0.4605,MTL-GAP-full
3,245,0.5448,MTL-GAP-full
3,246,0.3783,MTL-GAP-full
3,247,0.376,MTL-GAP-full
3,248,0.3662,MTL-GAP-full
3,249,0.3451,MTL-GAP-full
3,250,0.351,MTL-GAP-full
3,251,0.3352,MTL-GAP-full
3,252,0.3326,MTL-GAP-full
3,253,0.3434,MTL-GAP-full
3,254,0.3343,MTL-GAP-full
3,255,0.3336,MTL-GAP-full
3,256,0.3527,MTL-GAP-full
3,257,0.339,MTL-GAP-full
3,258,0.3562,MTL-GAP-full
3,259,0.7732,MTL-GAP-full
3,260,0.5805,MTL-GAP-full
3,261,0.3871,MTL-GAP-full
3,262,0.3716,MTL-GAP-full
3,263,0.3564,MTL-GAP-full
3,264,0.3463,MTL-GAP-full
3,265,0.3398,MTL-GAP-full
3,266,0.3353,MTL-GAP-full
3,267,0.3451,MTL-GAP-full
3,268,0.3354,MTL-GAP-full
3,269,0.3323,MTL-GAP-full
3,270,0.3403,MTL-GAP-full
3,271,0.3337,MTL-GAP-full
3,272,0.3321,MTL-GAP-full
3,273,0.5678,MTL-GAP-full
3,274,0.6554,MTL-GAP-full
3,275,0.6418,MTL-GAP-full
3,276,0.3926,MTL-GAP-full
3,277,0.3585,MTL-GAP-full
3,278,0.3796,MTL-GAP-full
3,279,0.3469,MTL-GAP-full
3,280,0.364,MTL-GAP-full
3,281,0.4797,MTL-GAP-full
3,282,0.4015,MTL-GAP-full
3,283,0.4743,MTL-GAP-full
3,284,0.3565,MTL-GAP-full
3,285,0.3486,MTL-GAP-full
3,286,0.3352,MTL-GAP-full
3,287,0.3336,MTL-GAP-full
3,288,0.4256,MTL-GAP-full
3,289,0.5585,MTL-GAP-full
3,290,0.4682,MTL-GAP-full
3,291,0.4123,MTL-GAP-full
3,292,0.3726,MTL-GAP-full
3,293,0.3746,MTL-GAP-full
3,294,0.3464,MTL-GAP-full
3,295,0.345,MTL-GAP-full
3,296,0.3372,MTL-GAP-full
3,297,0.3358,MTL-GAP-full
3,298,0.3459,MTL-GAP-full
3,299,0.3377,MTL-GAP-full
3,300,0.3353,MTL-GAP-full
3,301,0.3402,MTL-GAP-full
3,302,0.3344,MTL-GAP-full
3,303,0.3356,MTL-GAP-full
3,304,0.4441,MTL-GAP-full
3,305,0.6118,MTL-GAP-full
3,306,0.4598,MTL-GAP-full
3,307,0.3771,MTL-GAP-full
3,308,0.3805,MTL-GAP-full
3,309,0.3462,MTL-GAP-full
3,310,0.4069,MTL-GAP-full
3,311,0.3443,MTL-GAP-full
3,312,0.5025,MTL-GAP-full
3,313,0.5808,MTL-GAP-full
3,314,0.5079,MTL-GAP-full
3,315,0.4219,MTL-GAP-full
3,316,0.5633,MTL-GAP-full
3,317,0.5838,MTL-GAP-full
3,318,0.6204,MTL-GAP-full
3,319,0.4646,MTL-GAP-full
3,320,0.3863,MTL-GAP-full
3,321,0.3775,MTL-GAP-full
3,322,0.3559,MTL-GAP-full
3,323,0.339,MTL-GAP-full
3,324,0.3351,MTL-GAP-full
3,325,0.3423,MTL-GAP-full
3,326,0.3356,MTL-GAP-full
3,327,0.3314,MTL-GAP-full
3,328,0.3314,MTL-GAP-full
3,329,0.332,MTL-GAP-full
3,330,0.353,MTL-GAP-full
3,331,0.332,MTL-GAP-full
3,332,0.3501,MTL-GAP-full
3,333,0.5923,MTL-GAP-full
3,334,0.5135,MTL-GAP-full
3,335,0.4379,MTL-GAP-full
3,336,0.374,MTL-GAP-full
3,337,0.3692,MTL-GAP-full
3,338,0.3408,MTL-GAP-full
3,339,0.3354,MTL-GAP-full
3,340,0.345,MTL-GAP-full
3,341,0.3351,MTL-GAP-full
3,342,0.3348,MTL-GAP-full
3,343,0.3396,MTL-GAP-full
3,344,0.3431,MTL-GAP-full
3,345,0.3333,MTL-GAP-full
3,346,0.3398,MTL-GAP-full
3,347,0.3353,MTL-GAP-full
3,348,0.3321,MTL-GAP-full
3,349,0.4572,MTL-GAP-full
3,350,0.7363,MTL-GAP-full
3,351,0.6021,MTL-GAP-full
3,352,0.46,MTL-GAP-full
3,353,0.4382,MTL-GAP-full
3,354,0.4954,MTL-GAP-full
3,355,0.3559,MTL-GAP-full
3,356,0.3487,MTL-GAP-full
3,357,0.3692,MTL-GAP-full
3,358,0.3437,MTL-GAP-full
3,359,0.3373,MTL-GAP-full
3,360,0.35,MTL-GAP-full
3,361,0.3365,MTL-GAP-full
3,362,0.334,MTL-GAP-full
3,363,0.3452,MTL-GAP-full
3,364,0.5419,MTL-GAP-full
3,365,0.7118,MTL-GAP-full
3,366,0.3933,MTL-GAP-full
3,367,0.4021,MTL-GAP-full
3,368,0.3473,MTL-GAP-full
3,369,0.3516,MTL-GAP-full
3,370,0.3399,MTL-GAP-full
3,371,0.334,MTL-GAP-full
3,372,0.3389,MTL-GAP-full
3,373,0.3341,MTL-GAP-full
3,374,0.332,MTL-GAP-full
3,375,0.3504,MTL-GAP-full
3,376,0.3337,MTL-GAP-full
3,377,0.3347,MTL-GAP-full
3,378,0.3386,MTL-GAP-full
3,379,0.4113,MTL-GAP-full
3,380,0.5753,MTL-GAP-full
3,381,0.4782,MTL-GAP-full
3,382,0.4063,MTL-GAP-full
3,383,0.5105,MTL-GAP-full
3,384,0.4365,MTL-GAP-full
3,385,0.4719,MTL-GAP-full
3,386,0.5772,MTL-GAP-full
3,387,0.8091,MTL-GAP-full
3,388,0.8852,MTL-GAP-full
3,389,0.5369,MTL-GAP-full
3,390,0.7879,MTL-GAP-full
3,391,0.8451,MTL-GAP-full
3,392,0.4303,MTL-GAP-full
3,393,0.4036,MTL-GAP-full
3,394,0.3776,MTL-GAP-full
3,395,0.3508,MTL-GAP-full
3,396,0.356,MTL-GAP-full
3,397,0.3442,MTL-GAP-full
3,398,0.3363,MTL-GAP-full
3,399,0.3342,MTL-GAP-full
3,400,0.3604,MTL-GAP-full
3,401,0.4009,MTL-GAP-full
3,402,0.5083,MTL-GAP-full
3,403,0.445,MTL-GAP-full
3,404,0.7245,MTL-GAP-full
3,405,0.6009,MTL-GAP-full
3,406,0.3926,MTL-GAP-full
3,407,0.4078,MTL-GAP-full
3,408,0.4555,MTL-GAP-full
3,409,0.3645,MTL-GAP-full
3,410,0.337,MTL-GAP-full
3,411,0.3435,MTL-GAP-full
3,412,0.3343,MTL-GAP-full
3,413,0.3325,MTL-GAP-full
3,414,0.3406,MTL-GAP-full
3,415,0.3342,MTL-GAP-full
3,416,0.3353,MTL-GAP-full
3,417,0.4606,MTL-GAP-full
3,418,0.4658,MTL-GAP-full
3,419,0.6033,MTL-GAP-full
3,420,0.4992,MTL-GAP-full
3,421,0.3767,MTL-GAP-full
3,422,0.895,MTL-GAP-full
3,423,0.4781,MTL-GAP-full
3,424,0.3921,MTL-GAP-full
3,425,0.5048,MTL-GAP-full
3,426,0.3668,MTL-GAP-full
3,427,0.3374,MTL-GAP-full
3,428,0.3343,MTL-GAP-full
3,429,0.3347,MTL-GAP-full
3,430,0.3344,MTL-GAP-full
3,431,0.6638,MTL-GAP-full
3,432,0.655,MTL-GAP-full
3,433,0.4884,MTL-GAP-full
3,434,0.4487,MTL-GAP-full
3,435,0.4842,MTL-GAP-full
3,436,0.3903,MTL-GAP-full
3,437,0.3395,MTL-GAP-full
3,438,0.3489,MTL-GAP-full
3,439,0.3384,MTL-GAP-full
3,440,0.3355,MTL-GAP-full
3,441,0.3548,MTL-GAP-full
3,442,0.3387,MTL-GAP-full
3,443,0.3357,MTL-GAP-full
3,444,0.3444,MTL-GAP-full
3,445,0.3348,MTL-GAP-full
3,446,0.5265,MTL-GAP-full
3,447,0.6407,MTL-GAP-full
3,448,0.4848,MTL-GAP-full
3,449,0.3884,MTL-GAP-full
3,450,0.4711,MTL-GAP-full
3,451,0.3599,MTL-GAP-full
3,452,0.3475,MTL-GAP-full
3,453,0.3357,MTL-GAP-full
3,454,0.3325,MTL-GAP-full
3,455,0.3388,MTL-GAP-full
3,456,0.3336,MTL-GAP-full
3,457,0.3342,MTL-GAP-full
3,458,0.3387,MTL-GAP-full
3,459,0.3327,MTL-GAP-full
3,460,0.3313,MTL-GAP-full
3,461,0.6915,MTL-GAP-full
3,462,0.6195,MTL-GAP-full
3,463,0.4106,MTL-GAP-full
3,464,0.5164,MTL-GAP-full
3,465,0.4084,MTL-GAP-full
3,466,0.3567,MTL-GAP-full
3,467,0.3397,MTL-GAP-full
3,468,0.3393,MTL-GAP-full
3,469,0.337,MTL-GAP-full
3,470,0.3475,MTL-GAP-full
3,471,0.3361,MTL-GAP-full
3,472,0.3352,MTL-GAP-full
3,473,0.4351,MTL-GAP-full
3,474,0.3915,MTL-GAP-full
3,475,0.3534,MTL-GAP-full
3,476,0.4607,MTL-GAP-full
3,477,0.6693,MTL-GAP-full
3,478,0.4981,MTL-GAP-full
3,479,0.3817,MTL-GAP-full
3,480,0.3662,MTL-GAP-full
3,481,0.3429,MTL-GAP-full
3,482,0.3363,MTL-GAP-full
3,483,0.3352,MTL-GAP-full
3,484,0.3348,MTL-GAP-full
3,485,0.3453,MTL-GAP-full
3,486,0.3353,MTL-GAP-full
3,487,0.3339,MTL-GAP-full
3,488,0.3884,MTL-GAP-full
3,489,0.3363,MTL-GAP-full
3,490,0.3398,MTL-GAP-full
3,491,0.3459,MTL-GAP-full
3,492,0.522,MTL-GAP-full
3,493,0.6908,MTL-GAP-full
3,494,0.6333,MTL-GAP-full
3,495,0.5113,MTL-GAP-full
3,496,0.377,MTL-GAP-full
3,497,0.4383,MTL-GAP-full
3,498,0.5699,MTL-GAP-full
3,499,0.3643,MTL-GAP-full
3,500,0.3401,MTL-GAP-full
3,501,0.3396,MTL-GAP-full
3,502,0.3531,MTL-GAP-full
3,503,0.3426,MTL-GAP-full
3,504,0.3446,MTL-GAP-full
3,505,0.4025,MTL-GAP-full
3,506,0.7351,MTL-GAP-full
3,507,0.6121,MTL-GAP-full
3,508,0.5357,MTL-GAP-full
3,509,0.3978,MTL-GAP-full
3,510,0.3519,MTL-GAP-full
3,511,0.341,MTL-GAP-full
3,512,0.3371,MTL-GAP-full
3,513,0.5338,MTL-GAP-full
3,514,0.3636,MTL-GAP-full
3,515,0.3409,MTL-GAP-full
3,516,0.3379,MTL-GAP-full
3,517,0.3381,MTL-GAP-full
3,518,0.3449,MTL-GAP-full
3,519,0.3471,MTL-GAP-full
3,520,0.7198,MTL-GAP-full
3,521,0.6992,MTL-GAP-full
3,522,0.408,MTL-GAP-full
3,523,0.3731,MTL-GAP-full
3,524,0.3641,MTL-GAP-full
3,525,0.5073,MTL-GAP-full
3,526,0.3627,MTL-GAP-full
3,527,0.3494,MTL-GAP-full
3,528,0.3364,MTL-GAP-full
3,529,0.343,MTL-GAP-full
3,530,0.3382,MTL-GAP-full
3,531,0.3826,MTL-GAP-full
3,532,0.3367,MTL-GAP-full
3,533,0.3458,MTL-GAP-full
3,534,0.4991,MTL-GAP-full
3,535,0.6854,MTL-GAP-full
3,536,0.7755,MTL-GAP-full
3,537,0.4841,MTL-GAP-full
3,538,0.4187,MTL-GAP-full
3,539,0.4291,MTL-GAP-full
3,540,0.5633,MTL-GAP-full
3,541,0.4236,MTL-GAP-full
3,542,0.336,MTL-GAP-full
3,543,0.3791,MTL-GAP-full
3,544,0.3424,MTL-GAP-full
3,545,0.3611,MTL-GAP-full
3,546,0.3698,MTL-GAP-full
3,547,0.4854,MTL-GAP-full
3,548,0.7013,MTL-GAP-full
3,549,0.5023,MTL-GAP-full
3,550,0.388,MTL-GAP-full
3,551,0.3713,MTL-GAP-full
3,552,0.355,MTL-GAP-full
3,553,0.3404,MTL-GAP-full
3,554,0.4279,MTL-GAP-full
3,555,0.4182,MTL-GAP-full
3,556,0.4236,MTL-GAP-full
3,557,0.3446,MTL-GAP-full
3,558,0.4055,MTL-GAP-full
3,559,0.3365,MTL-GAP-full
3,560,0.3421,MTL-GAP-full
3,561,0.3368,MTL-GAP-full
3,562,0.6833,MTL-GAP-full
3,563,0.6615,MTL-GAP-full
3,564,0.4249,MTL-GAP-full
3,565,0.3837,MTL-GAP-full
3,566,0.4601,MTL-GAP-full
3,567,0.534,MTL-GAP-full
3,568,0.5607,MTL-GAP-full
3,569,0.4422,MTL-GAP-full
3,570,0.3513,MTL-GAP-full
3,571,0.3357,MTL-GAP-full
3,572,0.6253,MTL-GAP-full
3,573,0.606,MTL-GAP-full
3,574,0.5307,MTL-GAP-full
3,575,0.6552,MTL-GAP-full
3,576,0.6316,MTL-GAP-full
3,577,0.6371,MTL-GAP-full
3,578,0.5207,MTL-GAP-full
3,579,0.3854,MTL-GAP-full
3,580,0.3477,MTL-GAP-full
3,581,0.3878,MTL-GAP-full
3,582,0.5969,MTL-GAP-full
3,583,0.3981,MTL-GAP-full
3,584,0.3389,MTL-GAP-full
3,585,0.3629,MTL-GAP-full
3,586,0.4403,MTL-GAP-full
3,587,0.7956,MTL-GAP-full
3,588,0.6381,MTL-GAP-full
3,589,0.4023,MTL-GAP-full
3,590,0.384,MTL-GAP-full
3,591,0.364,MTL-GAP-full
3,592,0.3382,MTL-GAP-full
3,593,0.3442,MTL-GAP-full
3,594,0.5429,MTL-GAP-full
3,595,0.3925,MTL-GAP-full
3,596,0.3523,MTL-GAP-full
3,597,0.3357,MTL-GAP-full
3,598,0.3338,MTL-GAP-full
3,599,0.3451,MTL-GAP-full
3,600,0.416,MTL-GAP-full
3,601,0.6623,MTL-GAP-full
3,602,0.5473,MTL-GAP-full
3,603,0.381,MTL-GAP-full
3,604,0.3625,MTL-GAP-full
3,605,0.4813,MTL-GAP-full
3,606,0.3767,MTL-GAP-full
3,607,0.3407,MTL-GAP-full
3,608,0.3634,MTL-GAP-full
3,609,0.3361,MTL-GAP-full
3,610,0.6944,MTL-GAP-full
3,611,0.6569,MTL-GAP-full
3,612,0.5111,MTL-GAP-full
3,613,0.5539,MTL-GAP-full
3,614,0.6117,MTL-GAP-full
3,615,0.4334,MTL-GAP-full
3,616,0.3893,MTL-GAP-full
3,617,0.3742,MTL-GAP-full
3,618,0.3446,MTL-GAP-full
3,619,0.3382,MTL-GAP-full
3,620,0.341,MTL-GAP-full
3,621,0.3467,MTL-GAP-full
3,622,0.3423,MTL-GAP-full
3,623,0.3369,MTL-GAP-full
3,624,0.3336,MTL-GAP-full
3,625,0.3793,MTL-GAP-full
3,626,0.3336,MTL-GAP-full
3,627,0.3322,MTL-GAP-full
3,628,0.3416,MTL-GAP-full
3,629,0.4837,MTL-GAP-full
3,630,0.591,MTL-GAP-full
3,631,0.3727,MTL-GAP-full
3,632,0.3548,MTL-GAP-full
3,633,0.3907,MTL-GAP-full
3,634,0.3737,MTL-GAP-full
3,635,0.3583,MTL-GAP-full
3,636,0.336,MTL-GAP-full
3,637,0.3394,MTL-GAP-full
3,638,0.3442,MTL-GAP-full
3,639,0.3365,MTL-GAP-full
3,640,0.3342,MTL-GAP-full
3,641,0.3342,MTL-GAP-full
3,642,0.3339,MTL-GAP-full
3,643,0.3428,MTL-GAP-full
3,644,0.3431,MTL-GAP-full
3,645,0.7884,MTL-GAP-full
3,646,0.6502,MTL-GAP-full
3,647,0.3796,MTL-GAP-full
3,648,0.4297,MTL-GAP-full
3,649,0.3539,MTL-GAP-full
3,650,0.3396,MTL-GAP-full
3,651,0.3441,MTL-GAP-full
3,652,0.3358,MTL-GAP-full
3,653,0.3879,MTL-GAP-full
3,654,0.496,MTL-GAP-full
3,655,0.4371,MTL-GAP-full
3,656,0.4485,MTL-GAP-full
3,657,0.435,MTL-GAP-full
3,658,0.373,MTL-GAP-full
3,659,0.7841,MTL-GAP-full
3,660,0.5655,MTL-GAP-full
3,661,0.4253,MTL-GAP-full
3,662,0.3919,MTL-GAP-full
3,663,0.3511,MTL-GAP-full
3,664,0.3334,MTL-GAP-full
3,665,0.3439,MTL-GAP-full
3,666,0.3315,MTL-GAP-full
3,667,0.3417,MTL-GAP-full
3,668,0.3419,MTL-GAP-full
3,669,0.3385,MTL-GAP-full
3,670,0.3356,MTL-GAP-full
3,671,0.3414,MTL-GAP-full
3,672,0.3341,MTL-GAP-full
3,673,0.3364,MTL-GAP-full
3,674,0.5501,MTL-GAP-full
3,675,0.5175,MTL-GAP-full
3,676,0.4291,MTL-GAP-full
3,677,0.3648,MTL-GAP-full
3,678,0.3709,MTL-GAP-full
3,679,0.3404,MTL-GAP-full
3,680,0.3352,MTL-GAP-full
3,681,0.3497,MTL-GAP-full
3,682,0.5161,MTL-GAP-full
3,683,0.466,MTL-GAP-full
3,684,0.3975,MTL-GAP-full
3,685,0.342,MTL-GAP-full
3,686,0.3351,MTL-GAP-full
3,687,0.3403,MTL-GAP-full
3,688,0.3337,MTL-GAP-full
3,689,0.4513,MTL-GAP-full
3,690,0.628,MTL-GAP-full
3,691,0.5145,MTL-GAP-full
3,692,0.3646,MTL-GAP-full
3,693,0.3873,MTL-GAP-full
3,694,0.3658,MTL-GAP-full
3,695,0.3417,MTL-GAP-full
3,696,0.3418,MTL-GAP-full
3,697,0.3403,MTL-GAP-full
3,698,0.3321,MTL-GAP-full
3,699,0.3323,MTL-GAP-full
3,700,0.397,MTL-GAP-full
3,701,0.3332,MTL-GAP-full
3,702,0.3336,MTL-GAP-full
3,703,0.3444,MTL-GAP-full
3,704,0.3316,MTL-GAP-full
3,705,0.5175,MTL-GAP-full
3,706,0.6241,MTL-GAP-full
3,707,0.3788,MTL-GAP-full
3,708,0.3542,MTL-GAP-full
3,709,0.4199,MTL-GAP-full
3,710,0.4495,MTL-GAP-full
3,711,0.3687,MTL-GAP-full
3,712,0.3353,MTL-GAP-full
3,713,0.3325,MTL-GAP-full
3,714,0.3411,MTL-GAP-full
3,715,0.3333,MTL-GAP-full
3,716,0.3316,MTL-GAP-full
3,717,0.3493,MTL-GAP-full
3,718,0.3338,MTL-GAP-full
3,719,0.3377,MTL-GAP-full
3,720,0.3452,MTL-GAP-full
3,721,0.5902,MTL-GAP-full
3,722,0.6979,MTL-GAP-full
3,723,0.3717,MTL-GAP-full
3,724,0.4125,MTL-GAP-full
3,725,0.3573,MTL-GAP-full
3,726,0.3388,MTL-GAP-full
3,727,0.3416,MTL-GAP-full
3,728,0.3533,MTL-GAP-full
3,729,0.3333,MTL-GAP-full
3,730,0.3335,MTL-GAP-full
3,731,0.3323,MTL-GAP-full
3,732,0.3523,MTL-GAP-full
3,733,0.3384,MTL-GAP-full
3,734,0.333,MTL-GAP-full
3,735,0.3392,MTL-GAP-full
3,736,0.4368,MTL-GAP-full
3,737,0.705,MTL-GAP-full
3,738,0.4602,MTL-GAP-full
3,739,0.371,MTL-GAP-full
3,740,0.3625,MTL-GAP-full
3,741,0.3445,MTL-GAP-full
3,742,0.3443,MTL-GAP-full
3,743,0.3351,MTL-GAP-full
3,744,0.3345,MTL-GAP-full
3,745,0.3438,MTL-GAP-full
3,746,0.3382,MTL-GAP-full
3,747,0.3343,MTL-GAP-full
3,748,0.342,MTL-GAP-full
3,749,0.3363,MTL-GAP-full
3,750,0.3361,MTL-GAP-full
3,751,0.3412,MTL-GAP-full
3,752,0.4601,MTL-GAP-full
3,753,0.5632,MTL-GAP-full
3,754,0.4385,MTL-GAP-full
3,755,0.3774,MTL-GAP-full
3,756,0.362,MTL-GAP-full
3,757,0.359,MTL-GAP-full
3,758,0.3523,MTL-GAP-full
3,759,0.3462,MTL-GAP-full
3,760,0.4055,MTL-GAP-full
3,761,0.5406,MTL-GAP-full
3,762,0.775,MTL-GAP-full
3,763,0.4882,MTL-GAP-full
3,764,0.3446,MTL-GAP-full
3,765,0.5399,MTL-GAP-full
3,766,0.9309,MTL-GAP-full
3,767,0.6466,MTL-GAP-full
3,768,0.408,MTL-GAP-full
3,769,0.3657,MTL-GAP-full
3,770,0.3409,MTL-GAP-full
3,771,0.3432,MTL-GAP-full
3,772,0.3353,MTL-GAP-full
3,773,0.3331,MTL-GAP-full
3,774,0.4195,MTL-GAP-full
3,775,0.3398,MTL-GAP-full
3,776,0.3352,MTL-GAP-full
3,777,0.3457,MTL-GAP-full
3,778,0.3343,MTL-GAP-full
3,779,0.3351,MTL-GAP-full
3,780,0.4633,MTL-GAP-full
3,781,0.6965,MTL-GAP-full
3,782,0.4151,MTL-GAP-full
3,783,0.3864,MTL-GAP-full
3,784,0.3815,MTL-GAP-full
3,785,0.3679,MTL-GAP-full
3,786,0.3401,MTL-GAP-full
3,787,0.3357,MTL-GAP-full
3,788,0.3409,MTL-GAP-full
3,789,0.3346,MTL-GAP-full
3,790,0.3323,MTL-GAP-full
3,791,0.3398,MTL-GAP-full
3,792,0.3336,MTL-GAP-full
3,793,0.334,MTL-GAP-full
3,794,0.3512,MTL-GAP-full
3,795,0.3333,MTL-GAP-full
3,796,0.592,MTL-GAP-full
3,797,0.6273,MTL-GAP-full
3,798,0.6445,MTL-GAP-full
3,799,0.442,MTL-GAP-full
3,800,0.3767,MTL-GAP-full
3,801,0.3437,MTL-GAP-full
3,802,0.4125,MTL-GAP-full
3,803,0.3751,MTL-GAP-full
3,804,0.3418,MTL-GAP-full
3,805,0.3521,MTL-GAP-full
3,806,0.3382,MTL-GAP-full
3,807,0.3497,MTL-GAP-full
3,808,0.4058,MTL-GAP-full
3,809,0.3984,MTL-GAP-full
3,810,0.4919,MTL-GAP-full
3,811,0.7277,MTL-GAP-full
3,812,0.612,MTL-GAP-full
3,813,0.5768,MTL-GAP-full
3,814,0.3753,MTL-GAP-full
3,815,0.3508,MTL-GAP-full
3,816,0.3344,MTL-GAP-full
3,817,0.3331,MTL-GAP-full
3,818,0.3406,MTL-GAP-full
3,819,0.333,MTL-GAP-full
3,820,0.3326,MTL-GAP-full
3,821,0.3458,MTL-GAP-full
3,822,0.3358,MTL-GAP-full
3,823,0.374,MTL-GAP-full
3,824,0.4319,MTL-GAP-full
3,825,0.6862,MTL-GAP-full
3,826,0.4873,MTL-GAP-full
3,827,0.36,MTL-GAP-full
3,828,0.379,MTL-GAP-full
3,829,0.466,MTL-GAP-full
3,830,0.3916,MTL-GAP-full
3,831,0.3857,MTL-GAP-full
3,832,0.3565,MTL-GAP-full
3,833,0.3403,MTL-GAP-full
3,834,0.5322,MTL-GAP-full
3,835,0.4002,MTL-GAP-full
3,836,0.3502,MTL-GAP-full
3,837,0.3389,MTL-GAP-full
3,838,0.3365,MTL-GAP-full
3,839,0.5515,MTL-GAP-full
3,840,0.6462,MTL-GAP-full
3,841,0.4524,MTL-GAP-full
3,842,0.391,MTL-GAP-full
3,843,0.3724,MTL-GAP-full
3,844,0.3532,MTL-GAP-full
3,845,0.3339,MTL-GAP-full
3,846,0.3924,MTL-GAP-full
3,847,0.3403,MTL-GAP-full
3,848,0.3351,MTL-GAP-full
3,849,0.3427,MTL-GAP-full
3,850,0.3338,MTL-GAP-full
3,851,0.3332,MTL-GAP-full
3,852,0.3484,MTL-GAP-full
3,853,0.5028,MTL-GAP-full
3,854,0.7044,MTL-GAP-full
3,855,0.6682,MTL-GAP-full
3,856,0.4653,MTL-GAP-full
3,857,0.3827,MTL-GAP-full
3,858,0.377,MTL-GAP-full
3,859,0.3608,MTL-GAP-full
3,860,0.347,MTL-GAP-full
3,861,0.3386,MTL-GAP-full
3,862,0.3543,MTL-GAP-full
3,863,0.3352,MTL-GAP-full
3,864,0.3432,MTL-GAP-full
3,865,0.3423,MTL-GAP-full
3,866,0.3339,MTL-GAP-full
3,867,0.3338,MTL-GAP-full
3,868,0.341,MTL-GAP-full
3,869,0.5713,MTL-GAP-full
3,870,0.5408,MTL-GAP-full
3,871,0.4507,MTL-GAP-full
3,872,0.9451,MTL-GAP-full
3,873,0.5257,MTL-GAP-full
3,874,0.3684,MTL-GAP-full
3,875,0.3456,MTL-GAP-full
3,876,0.3372,MTL-GAP-full
3,877,0.3615,MTL-GAP-full
3,878,0.3365,MTL-GAP-full
3,879,0.36,MTL-GAP-full
3,880,0.372,MTL-GAP-full
3,881,0.3396,MTL-GAP-full
3,882,0.4023,MTL-GAP-full
3,883,0.7045,MTL-GAP-full
3,884,0.5699,MTL-GAP-full
3,885,0.397,MTL-GAP-full
3,886,0.4029,MTL-GAP-full
3,887,0.3652,MTL-GAP-full
3,888,0.3394,MTL-GAP-full
3,889,0.3461,MTL-GAP-full
3,890,0.3345,MTL-GAP-full
3,891,0.3376,MTL-GAP-full
3,892,0.3422,MTL-GAP-full
3,893,0.3368,MTL-GAP-full
3,894,0.3319,MTL-GAP-full
3,895,0.3426,MTL-GAP-full
3,896,0.3332,MTL-GAP-full
3,897,0.3326,MTL-GAP-full
3,898,0.4681,MTL-GAP-full
3,899,0.6674,MTL-GAP-full
3,900,0.3788,MTL-GAP-full
3,901,0.3851,MTL-GAP-full
3,902,0.3771,MTL-GAP-full
3,903,0.3493,MTL-GAP-full
3,904,0.3475,MTL-GAP-full
3,905,0.4796,MTL-GAP-full
3,906,0.3827,MTL-GAP-full
3,907,0.337,MTL-GAP-full
3,908,0.3345,MTL-GAP-full
3,909,0.3509,MTL-GAP-full
3,910,0.661,MTL-GAP-full
3,911,0.5757,MTL-GAP-full
3,912,0.9201,MTL-GAP-full
3,913,0.4654,MTL-GAP-full
3,914,0.3683,MTL-GAP-full
3,915,0.3777,MTL-GAP-full
3,916,0.3921,MTL-GAP-full
3,917,0.4198,MTL-GAP-full
3,918,0.3974,MTL-GAP-full
3,919,0.4401,MTL-GAP-full
3,920,0.4261,MTL-GAP-full
3,921,0.4266,MTL-GAP-full
3,922,0.3394,MTL-GAP-full
3,923,0.3442,MTL-GAP-full
3,924,0.3349,MTL-GAP-full
3,925,0.3573,MTL-GAP-full
3,926,0.6106,MTL-GAP-full
3,927,0.6144,MTL-GAP-full
3,928,0.3839,MTL-GAP-full
3,929,0.3741,MTL-GAP-full
3,930,0.3631,MTL-GAP-full
3,931,0.3622,MTL-GAP-full
3,932,0.3539,MTL-GAP-full
3,933,0.3408,MTL-GAP-full
3,934,0.3413,MTL-GAP-full
3,935,0.3418,MTL-GAP-full
3,936,0.3347,MTL-GAP-full
3,937,0.3344,MTL-GAP-full
3,938,0.3392,MTL-GAP-full
3,939,0.3343,MTL-GAP-full
3,940,0.344,MTL-GAP-full
3,941,0.3394,MTL-GAP-full
3,942,0.6346,MTL-GAP-full
3,943,0.5589,MTL-GAP-full
3,944,0.3692,MTL-GAP-full
3,945,0.6867,MTL-GAP-full
3,946,0.6662,MTL-GAP-full
3,947,0.3859,MTL-GAP-full
3,948,0.3468,MTL-GAP-full
3,949,0.3368,MTL-GAP-full
3,950,0.4987,MTL-GAP-full
3,951,0.5648,MTL-GAP-full
3,952,0.5219,MTL-GAP-full
3,953,0.3989,MTL-GAP-full
3,954,0.5254,MTL-GAP-full
3,955,0.5025,MTL-GAP-full
3,956,0.4393,MTL-GAP-full
3,957,0.5758,MTL-GAP-full
3,958,0.4622,MTL-GAP-full
3,959,0.3692,MTL-GAP-full
3,960,0.3404,MTL-GAP-full
3,961,0.334,MTL-GAP-full
3,962,0.3392,MTL-GAP-full
3,963,0.3345,MTL-GAP-full
3,964,0.3572,MTL-GAP-full
3,965,0.5112,MTL-GAP-full
3,966,0.3538,MTL-GAP-full
3,967,0.3365,MTL-GAP-full
3,968,0.3581,MTL-GAP-full
3,969,0.689,MTL-GAP-full
3,970,0.5236,MTL-GAP-full
3,971,0.3684,MTL-GAP-full
3,972,0.4052,MTL-GAP-full
3,973,0.3815,MTL-GAP-full
3,974,0.4114,MTL-GAP-full
3,975,0.3903,MTL-GAP-full
3,976,0.3448,MTL-GAP-full
3,977,0.3343,MTL-GAP-full
3,978,0.3422,MTL-GAP-full
3,979,0.336,MTL-GAP-full
3,980,0.3344,MTL-GAP-full
3,981,0.5454,MTL-GAP-full
3,982,0.6593,MTL-GAP-full
3,983,0.6439,MTL-GAP-full
3,984,0.596,MTL-GAP-full
3,985,0.4283,MTL-GAP-full
3,986,0.4041,MTL-GAP-full
3,987,0.4116,MTL-GAP-full
3,988,0.3596,MTL-GAP-full
3,989,0.5803,MTL-GAP-full
3,990,0.4436,MTL-GAP-full
3,991,0.3555,MTL-GAP-full
3,992,0.3433,MTL-GAP-full
3,993,0.3506,MTL-GAP-full
3,994,0.3329,MTL-GAP-full
3,995,0.3433,MTL-GAP-full
3,996,0.3354,MTL-GAP-full
3,997,0.5308,MTL-GAP-full
3,998,0.7866,MTL-GAP-full
3,999,0.4188,MTL-GAP-full
3,1000,0.3616,MTL-GAP-full
1,1,0.2081,MTL-GAP-classification-only
1,2,0.226,MTL-GAP-classification-only
1,3,0.2131,MTL-GAP-classification-only
1,4,0.2018,MTL-GAP-classification-only
1,5,0.1967,MTL-GAP-classification-only
1,6,0.1978,MTL-GAP-classification-only
1,7,0.1948,MTL-GAP-classification-only
1,8,0.1934,MTL-GAP-classification-only
1,9,0.1937,MTL-GAP-classification-only
1,10,0.192,MTL-GAP-classification-only
1,11,0.2006,MTL-GAP-classification-only
1,12,0.1962,MTL-GAP-classification-only
1,13,0.1929,MTL-GAP-classification-only
1,14,0.2019,MTL-GAP-classification-only
1,15,0.1953,MTL-GAP-classification-only
1,16,0.1933,MTL-GAP-classification-only
1,17,0.1929,MTL-GAP-classification-only
1,18,0.1922,MTL-GAP-classification-only
1,19,0.1925,MTL-GAP-classification-only
1,20,0.1929,MTL-GAP-classification-only
1,21,0.2988,MTL-GAP-classification-only
1,22,0.3292,MTL-GAP-classification-only
1,23,0.3734,MTL-GAP-classification-only
1,24,0.2803,MTL-GAP-classification-only
1,25,0.2058,MTL-GAP-classification-only
1,26,0.2184,MTL-GAP-classification-only
1,27,0.2009,MTL-GAP-classification-only
1,28,0.1951,MTL-GAP-classification-only
1,29,0.2053,MTL-GAP-classification-only
1,30,0.1947,MTL-GAP-classification-only
1,31,0.1928,MTL-GAP-classification-only
1,32,0.194,MTL-GAP-classification-only
1,33,0.1932,MTL-GAP-classification-only
1,34,0.1955,MTL-GAP-classification-only
1,35,0.194,MTL-GAP-classification-only
1,36,0.1936,MTL-GAP-classification-only
1,37,0.2022,MTL-GAP-classification-only
1,38,0.3144,MTL-GAP-classification-only
1,39,0.2863,MTL-GAP-classification-only
1,40,0.2271,MTL-GAP-classification-only
1,41,0.4319,MTL-GAP-classification-only
1,42,0.3078,MTL-GAP-classification-only
1,43,0.2541,MTL-GAP-classification-only
1,44,0.2455,MTL-GAP-classification-only
1,45,0.2121,MTL-GAP-classification-only
1,46,0.251,MTL-GAP-classification-only
1,47,0.4705,MTL-GAP-classification-only
1,48,0.3355,MTL-GAP-classification-only
1,49,0.2548,MTL-GAP-classification-only
1,50,0.206,MTL-GAP-classification-only
1,51,0.2229,MTL-GAP-classification-only
1,52,0.2167,MTL-GAP-classification-only
1,53,0.2113,MTL-GAP-classification-only
1,54,0.2025,MTL-GAP-classification-only
1,55,0.1955,MTL-GAP-classification-only
1,56,0.2025,MTL-GAP-classification-only
1,57,0.1944,MTL-GAP-classification-only
1,58,0.1933,MTL-GAP-classification-only
1,59,0.1944,MTL-GAP-classification-only
1,60,0.1942,MTL-GAP-classification-only
1,61,0.1996,MTL-GAP-classification-only
1,62,0.1938,MTL-GAP-classification-only
1,63,0.1967,MTL-GAP-classification-only
1,64,0.2,MTL-GAP-classification-only
1,65,0.1937,MTL-GAP-classification-only
1,66,0.2013,MTL-GAP-classification-only
1,67,0.1937,MTL-GAP-classification-only
1,68,0.1937,MTL-GAP-classification-only
1,69,0.1932,MTL-GAP-classification-only
1,70,0.1937,MTL-GAP-classification-only
1,71,0.2007,MTL-GAP-classification-only
1,72,0.1934,MTL-GAP-classification-only
1,73,0.2444,MTL-GAP-classification-only
1,74,0.3083,MTL-GAP-classification-only
1,75,0.3803,MTL-GAP-classification-only
1,76,0.2784,MTL-GAP-classification-only
1,77,0.2101,MTL-GAP-classification-only
1,78,0.2012,MTL-GAP-classification-only
1,79,0.2202,MTL-GAP-classification-only
1,80,0.2205,MTL-GAP-classification-only
1,81,0.2086,MTL-GAP-classification-only
1,82,0.1967,MTL-GAP-classification-only
1,83,0.1938,MTL-GAP-classification-only
1,84,0.1926,MTL-GAP-classification-only
1,85,0.1927,MTL-GAP-classification-only
1,86,0.1977,MTL-GAP-classification-only
1,87,0.1937,MTL-GAP-classification-only
1,88,0.1922,MTL-GAP-classification-only
1,89,0.1927,MTL-GAP-classification-only
1,90,0.1919,MTL-GAP-classification-only
1,91,0.1972,MTL-GAP-classification-only
1,92,0.1944,MTL-GAP-classification-only
1,93,0.1943,MTL-GAP-classification-only
1,94,0.1945,MTL-GAP-classification-only
1,95,0.1937,MTL-GAP-classification-only
1,96,0.1969,MTL-GAP-classification-only
1,97,0.1957,MTL-GAP-classification-only
1,98,0.1936,MTL-GAP-classification-only
1,99,0.1932,MTL-GAP-classification-only
1,100,0.1927,MTL-GAP-classification-only
1,101,0.1929,MTL-GAP-classification-only
1,102,0.3162,MTL-GAP-classification-only
1,103,0.3554,MTL-GAP-classification-only
1,104,0.346,MTL-GAP-classification-only
1,105,0.2148,MTL-GAP-classification-only
1,106,0.2,MTL-GAP-classification-only
1,107,0.207,MTL-GAP-classification-only
1,108,0.2064,MTL-GAP-classification-only
1,109,0.4341,MTL-GAP-classification-only
1,110,0.4096,MTL-GAP-classification-only
1,111,0.32,MTL-GAP-classification-only
1,112,0.3245,MTL-GAP-classification-only
1,113,0.2243,MTL-GAP-classification-only
1,114,0.2198,MTL-GAP-classification-only
1,115,0.7158,MTL-GAP-classification-only
1,116,0.5492,MTL-GAP-classification-only
1,117,0.3685,MTL-GAP-classification-only
1,118,0.3032,MTL-GAP-classification-only
1,119,0.2481,MTL-GAP-classification-only
1,120,0.3145,MTL-GAP-classification-only
1,121,0.4058,MTL-GAP-classification-only
1,122,0.404,MTL-GAP-classification-only
1,123,0.3602,MTL-GAP-classification-only
1,124,0.246,MTL-GAP-classification-only
1,125,0.2317,MTL-GAP-classification-only
1,126,0.2168,MTL-GAP-classification-only
1,127,0.2291,MTL-GAP-classification-only
1,128,0.2575,MTL-GAP-classification-only
1,129,0.2198,MTL-GAP-classification-only
1,130,0.2111,MTL-GAP-classification-only
1,131,0.221,MTL-GAP-classification-only
1,132,0.1989,MTL-GAP-classification-only
1,133,0.193,MTL-GAP-classification-only
1,134,0.1934,MTL-GAP-classification-only
1,135,0.1925,MTL-GAP-classification-only
1,136,0.1928,MTL-GAP-classification-only
1,137,0.1925,MTL-GAP-classification-only
1,138,0.2011,MTL-GAP-classification-only
1,139,0.1937,MTL-GAP-classification-only
1,140,0.1924,MTL-GAP-classification-only
1,141,0.1921,MTL-GAP-classification-only
1,142,0.1932,MTL-GAP-classification-only
1,143,0.1956,MTL-GAP-classification-only
1,144,0.295,MTL-GAP-classification-only
1,145,0.3702,MTL-GAP-classification-only
1,146,0.4691,MTL-GAP-classification-only
1,147,0.371,MTL-GAP-classification-only
1,148,0.2523,MTL-GAP-classification-only
1,149,0.2045,MTL-GAP-classification-only
1,150,0.2132,MTL-GAP-classification-only
1,151,0.2028,MTL-GAP-classification-only
1,152,0.1982,MTL-GAP-classification-only
1,153,0.1953,MTL-GAP-classification-only
1,154,0.2034,MTL-GAP-classification-only
1,155,0.1936,MTL-GAP-classification-only
1,156,0.1923,MTL-GAP-classification-only
1,157,0.1927,MTL-GAP-classification-only
1,158,0.1919,MTL-GAP-classification-only
1,159,0.1926,MTL-GAP-classification-only
1,160,0.2193,MTL-GAP-classification-only
1,161,0.2054,MTL-GAP-classification-only
1,162,0.1939,MTL-GAP-classification-only
1,163,0.1933,MTL-GAP-classification-only
1,164,0.2055,MTL-GAP-classification-only
1,165,0.4375,MTL-GAP-classification-only
1,166,0.3554,MTL-GAP-classification-only
1,167,0.2854,MTL-GAP-classification-only
1,168,0.2031,MTL-GAP-classification-only
1,169,0.2055,MTL-GAP-classification-only
1,170,0.2975,MTL-GAP-classification-only
1,171,0.4141,MTL-GAP-classification-only
1,172,0.3239,MTL-GAP-classification-only
1,173,0.3071,MTL-GAP-classification-only
1,174,0.2224,MTL-GAP-classification-only
1,175,0.2065,MTL-GAP-classification-only
1,176,0.2328,MTL-GAP-classification-only
1,177,0.2083,MTL-GAP-classification-only
1,178,0.1995,MTL-GAP-classification-only
1,179,0.1985,MTL-GAP-classification-only
1,180,0.1991,MTL-GAP-classification-only
1,181,0.1953,MTL-GAP-classification-only
1,182,0.2033,MTL-GAP-classification-only
1,183,0.1933,MTL-GAP-classification-only
1,184,0.1925,MTL-GAP-classification-only
1,185,0.1927,MTL-GAP-classification-only
1,186,0.1994,MTL-GAP-classification-only
1,187,0.1931,MTL-GAP-classification-only
1,188,0.1927,MTL-GAP-classification-only
1,189,0.1917,MTL-GAP-classification-only
1,190,0.1919,MTL-GAP-classification-only
1,191,0.2023,MTL-GAP-classification-only
1,192,0.1922,MTL-GAP-classification-only
1,193,0.1923,MTL-GAP-classification-only
1,194,0.1958,MTL-GAP-classification-only
1,195,0.202,MTL-GAP-classification-only
1,196,0.1948,MTL-GAP-classification-only
1,197,0.2142,MTL-GAP-classification-only
1,198,0.3162,MTL-GAP-classification-only
1,199,0.2724,MTL-GAP-classification-only
1,200,0.3826,MTL-GAP-classification-only
1,201,0.2745,MTL-GAP-classification-only
1,202,0.3417,MTL-GAP-classification-only
1,203,0.3,MTL-GAP-classification-only
1,204,0.2216,MTL-GAP-classification-only
1,205,0.2258,MTL-GAP-classification-only
1,206,0.1985,MTL-GAP-classification-only
1,207,0.1963,MTL-GAP-classification-only
1,208,0.255,MTL-GAP-classification-only
1,209,0.3177,MTL-GAP-classification-only
1,210,0.2203,MTL-GAP-classification-only
1,211,0.21,MTL-GAP-classification-only
1,212,0.2095,MTL-GAP-classification-only
1,213,0.2011,MTL-GAP-classification-only
1,214,0.1957,MTL-GAP-classification-only
1,215,0.1925,MTL-GAP-classification-only
1,216,0.1929,MTL-GAP-classification-only
1,217,0.1927,MTL-GAP-classification-only
1,218,0.1929,MTL-GAP-classification-only
1,219,0.1998,MTL-GAP-classification-only
1,220,0.1929,MTL-GAP-classification-only
1,221,0.1932,MTL-GAP-classification-only
1,222,0.1933,MTL-GAP-classification-only
1,223,0.2458,MTL-GAP-classification-only
1,224,0.3118,MTL-GAP-classification-only
1,225,0.3822,MTL-GAP-classification-only
1,226,0.6522,MTL-GAP-classification-only
1,227,0.4205,MTL-GAP-classification-only
1,228,0.2835,MTL-GAP-classification-only
1,229,0.2198,MTL-GAP-classification-only
1,230,0.2116,MTL-GAP-classification-only
1,231,0.2075,MTL-GAP-classification-only
1,232,0.2077,MTL-GAP-classification-only
1,233,0.2048,MTL-GAP-classification-only
1,234,0.1952,MTL-GAP-classification-only
1,235,0.193,MTL-GAP-classification-only
1,236,0.1935,MTL-GAP-classification-only
1,237,0.1929,MTL-GAP-classification-only
1,238,0.2096,MTL-GAP-classification-only
1,239,0.1927,MTL-GAP-classification-only
1,240,0.2047,MTL-GAP-classification-only
1,241,0.1977,MTL-GAP-classification-only
1,242,0.1939,MTL-GAP-classification-only
1,243,0.1934,MTL-GAP-classification-only
1,244,0.2021,MTL-GAP-classification-only
1,245,0.2713,MTL-GAP-classification-only
1,246,0.2199,MTL-GAP-classification-only
1,247,0.2704,MTL-GAP-classification-only
1,248,0.3886,MTL-GAP-classification-only
1,249,0.3758,MTL-GAP-classification-only
1,250,0.3386,MTL-GAP-classification-only
1,251,0.3095,MTL-GAP-classification-only
1,252,0.322,MTL-GAP-classification-only
1,253,0.2214,MTL-GAP-classification-only
1,254,0.2096,MTL-GAP-classification-only
1,255,0.2187,MTL-GAP-classification-only
1,256,0.2167,MTL-GAP-classification-only
1,257,0.2069,MTL-GAP-classification-only
1,258,0.2,MTL-GAP-classification-only
1,259,0.1945,MTL-GAP-classification-only
1,260,0.1935,MTL-GAP-classification-only
1,261,0.2009,MTL-GAP-classification-only
1,262,0.1941,MTL-GAP-classification-only
1,263,0.1969,MTL-GAP-classification-only
1,264,0.1922,MTL-GAP-classification-only
1,265,0.1946,MTL-GAP-classification-only
1,266,0.2011,MTL-GAP-classification-only
1,267,0.1928,MTL-GAP-classification-only
1,268,0.1924,MTL-GAP-classification-only
1,269,0.192,MTL-GAP-classification-only
1,270,0.1938,MTL-GAP-classification-only
1,271,0.1987,MTL-GAP-classification-only
1,272,0.1926,MTL-GAP-classification-only
1,273,0.2473,MTL-GAP-classification-only
1,274,0.3549,MTL-GAP-classification-only
1,275,0.3864,MTL-GAP-classification-only
1,276,0.3599,MTL-GAP-classification-only
1,277,0.3265,MTL-GAP-classification-only
1,278,0.2323,MTL-GAP-classification-only
1,279,0.2071,MTL-GAP-classification-only
1,280,0.2298,MTL-GAP-classification-only
1,281,0.1957,MTL-GAP-classification-only
1,282,0.1938,MTL-GAP-classification-only
1,283,0.1954,MTL-GAP-classification-only
1,284,0.1983,MTL-GAP-classification-only
1,285,0.2004,MTL-GAP-classification-only
1,286,0.2074,MTL-GAP-classification-only
1,287,0.2359,MTL-GAP-classification-only
1,288,0.2285,MTL-GAP-classification-only
1,289,0.4503,MTL-GAP-classification-only
1,290,0.3376,MTL-GAP-classification-only
1,291,0.2955,MTL-GAP-classification-only
1,292,0.283,MTL-GAP-classification-only
1,293,0.1945,MTL-GAP-classification-only
1,294,0.1964,MTL-GAP-classification-only
1,295,0.1936,MTL-GAP-classification-only
1,296,0.2939,MTL-GAP-classification-only
1,297,0.3892,MTL-GAP-classification-only
1,298,0.3607,MTL-GAP-classification-only
1,299,0.3387,MTL-GAP-classification-only
1,300,0.326,MTL-GAP-classification-only
1,301,0.2564,MTL-GAP-classification-only
1,302,0.3392,MTL-GAP-classification-only
1,303,0.2715,MTL-GAP-classification-only
1,304,0.2208,MTL-GAP-classification-only
1,305,0.1958,MTL-GAP-classification-only
1,306,0.1992,MTL-GAP-classification-only
1,307,0.1968,MTL-GAP-classification-only
1,308,0.1937,MTL-GAP-classification-only
1,309,0.1926,MTL-GAP-classification-only
1,310,0.1932,MTL-GAP-classification-only
1,311,0.1948,MTL-GAP-classification-only
1,312,0.3484,MTL-GAP-classification-only
1,313,0.2139,MTL-GAP-classification-only
1,314,0.1954,MTL-GAP-classification-only
1,315,0.1947,MTL-GAP-classification-only
1,316,0.2038,MTL-GAP-classification-only
1,317,0.1932,MTL-GAP-classification-only
1,318,0.1926,MTL-GAP-classification-only
1,319,0.1917,MTL-GAP-classification-only
1,320,0.202,MTL-GAP-classification-only
1,321,0.2315,MTL-GAP-classification-only
1,322,0.2886,MTL-GAP-classification-only
1,323,0.3813,MTL-GAP-classification-only
1,324,0.3474,MTL-GAP-classification-only
1,325,0.3077,MTL-GAP-classification-only
1,326,0.2235,MTL-GAP-classification-only
1,327,0.2234,MTL-GAP-classification-only
1,328,0.2106,MTL-GAP-classification-only
1,329,0.2044,MTL-GAP-classification-only
1,330,0.2075,MTL-GAP-classification-only
1,331,0.1958,MTL-GAP-classification-only
1,332,0.1919,MTL-GAP-classification-only
1,333,0.1936,MTL-GAP-classification-only
1,334,0.1923,MTL-GAP-classification-only
1,335,0.1982,MTL-GAP-classification-only
1,336,0.1985,MTL-GAP-classification-only
1,337,0.1928,MTL-GAP-classification-only
1,338,0.2578,MTL-GAP-classification-only
1,339,0.3534,MTL-GAP-classification-only
1,340,0.2983,MTL-GAP-classification-only
1,341,0.2027,MTL-GAP-classification-only
1,342,0.1965,MTL-GAP-classification-only
1,343,0.1952,MTL-GAP-classification-only
1,344,0.2034,MTL-GAP-classification-only
1,345,0.1946,MTL-GAP-classification-only
1,346,0.2002,MTL-GAP-classification-only
1,347,0.2543,MTL-GAP-classification-only
1,348,0.3199,MTL-GAP-classification-only
1,349,0.3844,MTL-GAP-classification-only
1,350,0.3992,MTL-GAP-classification-only
1,351,0.6146,MTL-GAP-classification-only
1,352,0.4169,MTL-GAP-classification-only
1,353,0.3309,MTL-GAP-classification-only
1,354,0.2275,MTL-GAP-classification-only
1,355,0.2219,MTL-GAP-classification-only
1,356,0.4036,MTL-GAP-classification-only
1,357,0.3191,MTL-GAP-classification-only
1,358,0.2121,MTL-GAP-classification-only
1,359,0.1962,MTL-GAP-classification-only
1,360,0.1953,MTL-GAP-classification-only
1,361,0.1935,MTL-GAP-classification-only
1,362,0.1921,MTL-GAP-classification-only
1,363,0.2036,MTL-GAP-classification-only
1,364,0.2035,MTL-GAP-classification-only
1,365,0.2185,MTL-GAP-classification-only
1,366,0.2538,MTL-GAP-classification-only
1,367,0.2067,MTL-GAP-classification-only
1,368,0.1941,MTL-GAP-classification-only
1,369,0.3422,MTL-GAP-classification-only
1,370,0.3554,MTL-GAP-classification-only
1,371,0.4113,MTL-GAP-classification-only
1,372,0.3042,MTL-GAP-classification-only
1,373,0.2075,MTL-GAP-classification-only
1,374,0.2045,MTL-GAP-classification-only
1,375,0.2002,MTL-GAP-classification-only
1,376,0.2101,MTL-GAP-classification-only
1,377,0.2149,MTL-GAP-classification-only
1,378,0.2023,MTL-GAP-classification-only
1,379,0.195,MTL-GAP-classification-only
1,380,0.2115,MTL-GAP-classification-only
1,381,0.1936,MTL-GAP-classification-only
1,382,0.1939,MTL-GAP-classification-only
1,383,0.194,MTL-GAP-classification-only
1,384,0.1932,MTL-GAP-classification-only
1,385,0.1932,MTL-GAP-classification-only
1,386,0.2021,MTL-GAP-classification-only
1,387,0.1933,MTL-GAP-classification-only
1,388,0.1932,MTL-GAP-classification-only
1,389,0.1925,MTL-GAP-classification-only
1,390,0.2023,MTL-GAP-classification-only
1,391,0.1992,MTL-GAP-classification-only
1,392,0.3425,MTL-GAP-classification-only
1,393,0.2472,MTL-GAP-classification-only
1,394,0.2008,MTL-GAP-classification-only
1,395,0.2981,MTL-GAP-classification-only
1,396,0.3349,MTL-GAP-classification-only
1,397,0.3866,MTL-GAP-classification-only
1,398,0.2911,MTL-GAP-classification-only
1,399,0.2039,MTL-GAP-classification-only
1,400,0.2222,MTL-GAP-classification-only
1,401,0.2081,MTL-GAP-classification-only
1,402,0.2,MTL-GAP-classification-only
1,403,0.1973,MTL-GAP-classification-only
1,404,0.1947,MTL-GAP-classification-only
1,405,0.1952,MTL-GAP-classification-only
1,406,0.2061,MTL-GAP-classification-only
1,407,0.2061,MTL-GAP-classification-only
1,408,0.213,MTL-GAP-classification-only
1,409,0.1965,MTL-GAP-classification-only
1,410,0.1974,MTL-GAP-classification-only
1,411,0.2298,MTL-GAP-classification-only
1,412,0.2684,MTL-GAP-classification-only
1,413,0.3567,MTL-GAP-classification-only
1,414,0.3308,MTL-GAP-classification-only
1,415,0.2107,MTL-GAP-classification-only
1,416,0.3271,MTL-GAP-classification-only
1,417,0.2839,MTL-GAP-classification-only
1,418,0.2493,MTL-GAP-classification-only
1,419,0.3314,MTL-GAP-classification-only
1,420,0.3755,MTL-GAP-classification-only
1,421,0.3244,MTL-GAP-classification-only
1,422,0.3967,MTL-GAP-classification-only
1,423,0.314,MTL-GAP-classification-only
1,424,0.2201,MTL-GAP-classification-only
1,425,0.2275,MTL-GAP-classification-only
1,426,0.2058,MTL-GAP-classification-only
1,427,0.2019,MTL-GAP-classification-only
1,428,0.1967,MTL-GAP-classification-only
1,429,0.1945,MTL-GAP-classification-only
1,430,0.4072,MTL-GAP-classification-only
1,431,0.2922,MTL-GAP-classification-only
1,432,0.2045,MTL-GAP-classification-only
1,433,0.2061,MTL-GAP-classification-only
1,434,0.1945,MTL-GAP-classification-only
1,435,0.194,MTL-GAP-classification-only
1,436,0.2017,MTL-GAP-classification-only
1,437,0.1989,MTL-GAP-classification-only
1,438,0.1937,MTL-GAP-classification-only
1,439,0.1922,MTL-GAP-classification-only
1,440,0.1922,MTL-GAP-classification-only
1,441,0.2024,MTL-GAP-classification-only
1,442,0.2319,MTL-GAP-classification-only
1,443,0.2467,MTL-GAP-classification-only
1,444,0.3618,MTL-GAP-classification-only
1,445,0.4619,MTL-GAP-classification-only
1,446,0.477,MTL-GAP-classification-only
1,447,0.2566,MTL-GAP-classification-only
1,448,0.2346,MTL-GAP-classification-only
1,449,0.3709,MTL-GAP-classification-only
1,450,0.243,MTL-GAP-classification-only
1,451,0.2107,MTL-GAP-classification-only
1,452,0.2098,MTL-GAP-classification-only
1,453,0.2033,MTL-GAP-classification-only
1,454,0.2008,MTL-GAP-classification-only
1,455,0.1941,MTL-GAP-classification-only
1,456,0.1961,MTL-GAP-classification-only
1,457,0.1923,MTL-GAP-classification-only
1,458,0.1982,MTL-GAP-classification-only
1,459,0.1943,MTL-GAP-classification-only
1,460,0.1919,MTL-GAP-classification-only
1,461,0.1916,MTL-GAP-classification-only
1,462,0.1965,MTL-GAP-classification-only
1,463,0.1916,MTL-GAP-classification-only
1,464,0.2002,MTL-GAP-classification-only
1,465,0.269,MTL-GAP-classification-only
1,466,0.2892,MTL-GAP-classification-only
1,467,0.2001,MTL-GAP-classification-only
1,468,0.2798,MTL-GAP-classification-only
1,469,0.2921,MTL-GAP-classification-only
1,470,0.3899,MTL-GAP-classification-only
1,471,0.3445,MTL-GAP-classification-only
1,472,0.2203,MTL-GAP-classification-only
1,473,0.203,MTL-GAP-classification-only
1,474,0.231,MTL-GAP-classification-only
1,475,0.4272,MTL-GAP-classification-only
1,476,0.2251,MTL-GAP-classification-only
1,477,0.317,MTL-GAP-classification-only
1,478,0.2317,MTL-GAP-classification-only
1,479,0.203,MTL-GAP-classification-only
1,480,0.2186,MTL-GAP-classification-only
1,481,0.2011,MTL-GAP-classification-only
1,482,0.1943,MTL-GAP-classification-only
1,483,0.1943,MTL-GAP-classification-only
1,484,0.1926,MTL-GAP-classification-only
1,485,0.2149,MTL-GAP-classification-only
1,486,0.2177,MTL-GAP-classification-only
1,487,0.2025,MTL-GAP-classification-only
1,488,0.1954,MTL-GAP-classification-only
1,489,0.1932,MTL-GAP-classification-only
1,490,0.2041,MTL-GAP-classification-only
1,491,0.1946,MTL-GAP-classification-only
1,492,0.1918,MTL-GAP-classification-only
1,493,0.2366,MTL-GAP-classification-only
1,494,0.2904,MTL-GAP-classification-only
1,495,0.3751,MTL-GAP-classification-only
1,496,0.3712,MTL-GAP-classification-only
1,497,0.2827,MTL-GAP-classification-only
1,498,0.2105,MTL-GAP-classification-only
1,499,0.2359,MTL-GAP-classification-only
1,500,0.4081,MTL-GAP-classification-only
1,501,0.2582,MTL-GAP-classification-only
1,502,0.2096,MTL-GAP-classification-only
1,503,0.2006,MTL-GAP-classification-only
1,504,0.199,MTL-GAP-classification-only
1,505,0.194,MTL-GAP-classification-only
1,506,0.204,MTL-GAP-classification-only
1,507,0.1935,MTL-GAP-classification-only
1,508,0.1924,MTL-GAP-classification-only
1,509,0.1934,MTL-GAP-classification-only
1,510,0.1935,MTL-GAP-classification-only
1,511,0.2009,MTL-GAP-classification-only
1,512,0.1931,MTL-GAP-classification-only
1,513,0.1928,MTL-GAP-classification-only
1,514,0.1925,MTL-GAP-classification-only
1,515,0.1929,MTL-GAP-classification-only
1,516,0.1989,MTL-GAP-classification-only
1,517,0.1967,MTL-GAP-classification-only
1,518,0.1995,MTL-GAP-classification-only
1,519,0.2672,MTL-GAP-classification-only
1,520,0.4317,MTL-GAP-classification-only
1,521,0.2852,MTL-GAP-classification-only
1,522,0.2824,MTL-GAP-classification-only
1,523,0.2137,MTL-GAP-classification-only
1,524,0.2447,MTL-GAP-classification-only
1,525,0.2153,MTL-GAP-classification-only
1,526,0.2164,MTL-GAP-classification-only
1,527,0.1993,MTL-GAP-classification-only
1,528,0.2111,MTL-GAP-classification-only
1,529,0.2612,MTL-GAP-classification-only
1,530,0.2136,MTL-GAP-classification-only
1,531,0.1978,MTL-GAP-classification-only
1,532,0.1936,MTL-GAP-classification-only
1,533,0.2682,MTL-GAP-classification-only
1,534,0.3252,MTL-GAP-classification-only
1,535,0.275,MTL-GAP-classification-only
1,536,0.2372,MTL-GAP-classification-only
1,537,0.2057,MTL-GAP-classification-only
1,538,0.1937,MTL-GAP-classification-only
1,539,0.1934,MTL-GAP-classification-only
1,540,0.193,MTL-GAP-classification-only
1,541,0.3242,MTL-GAP-classification-only
1,542,0.3119,MTL-GAP-classification-only
1,543,0.2361,MTL-GAP-classification-only
1,544,0.3131,MTL-GAP-classification-only
1,545,0.3043,MTL-GAP-classification-only
1,546,0.2375,MTL-GAP-classification-only
1,547,0.3233,MTL-GAP-classification-only
1,548,0.2906,MTL-GAP-classification-only
1,549,0.229,MTL-GAP-classification-only
1,550,0.2219,MTL-GAP-classification-only
1,551,0.2121,MTL-GAP-classification-only
1,552,0.2073,MTL-GAP-classification-only
1,553,0.2207,MTL-GAP-classification-only
1,554,0.2247,MTL-GAP-classification-only
1,555,0.3484,MTL-GAP-classification-only
1,556,0.2391,MTL-GAP-classification-only
1,557,0.2185,MTL-GAP-classification-only
1,558,0.2,MTL-GAP-classification-only
1,559,0.2041,MTL-GAP-classification-only
1,560,0.199,MTL-GAP-classification-only
1,561,0.1951,MTL-GAP-classification-only
1,562,0.1931,MTL-GAP-classification-only
1,563,0.1932,MTL-GAP-classification-only
1,564,0.1953,MTL-GAP-classification-only
1,565,0.2767,MTL-GAP-classification-only
1,566,0.2663,MTL-GAP-classification-only
1,567,0.2253,MTL-GAP-classification-only
1,568,0.2261,MTL-GAP-classification-only
1,569,0.299,MTL-GAP-classification-only
1,570,0.4128,MTL-GAP-classification-only
1,571,0.3191,MTL-GAP-classification-only
1,572,0.2095,MTL-GAP-classification-only
1,573,0.3701,MTL-GAP-classification-only
1,574,0.341,MTL-GAP-classification-only
1,575,0.3243,MTL-GAP-classification-only
1,576,0.355,MTL-GAP-classification-only
1,577,0.3665,MTL-GAP-classification-only
1,578,0.312,MTL-GAP-classification-only
1,579,0.3077,MTL-GAP-classification-only
1,580,0.3937,MTL-GAP-classification-only
1,581,0.3538,MTL-GAP-classification-only
1,582,0.3259,MTL-GAP-classification-only
1,583,0.3276,MTL-GAP-classification-only
1,584,0.3445,MTL-GAP-classification-only
1,585,0.3377,MTL-GAP-classification-only
1,586,0.3444,MTL-GAP-classification-only
1,587,0.4371,MTL-GAP-classification-only
1,588,0.3968,MTL-GAP-classification-only
1,589,0.3728,MTL-GAP-classification-only
1,590,0.2225,MTL-GAP-classification-only
1,591,0.2342,MTL-GAP-classification-only
1,592,0.2132,MTL-GAP-classification-only
1,593,0.3796,MTL-GAP-classification-only
1,594,0.2873,MTL-GAP-classification-only
1,595,0.2042,MTL-GAP-classification-only
1,596,0.198,MTL-GAP-classification-only
1,597,0.197,MTL-GAP-classification-only
1,598,0.195,MTL-GAP-classification-only
1,599,0.2076,MTL-GAP-classification-only
1,600,0.2046,MTL-GAP-classification-only
1,601,0.1968,MTL-GAP-classification-only
1,602,0.1936,MTL-GAP-classification-only
1,603,0.2169,MTL-GAP-classification-only
1,604,0.2936,MTL-GAP-classification-only
1,605,0.2248,MTL-GAP-classification-only
1,606,0.2187,MTL-GAP-classification-only
1,607,0.2866,MTL-GAP-classification-only
1,608,0.309,MTL-GAP-classification-only
1,609,0.2016,MTL-GAP-classification-only
1,610,0.1967,MTL-GAP-classification-only
1,611,0.442,MTL-GAP-classification-only
1,612,0.3932,MTL-GAP-classification-only
1,613,0.3526,MTL-GAP-classification-only
1,614,0.2986,MTL-GAP-classification-only
1,615,0.2671,MTL-GAP-classification-only
1,616,0.203,MTL-GAP-classification-only
1,617,0.2058,MTL-GAP-classification-only
1,618,0.2303,MTL-GAP-classification-only
1,619,0.2135,MTL-GAP-classification-only
1,620,0.2034,MTL-GAP-classification-only
1,621,0.2001,MTL-GAP-classification-only
1,622,0.1997,MTL-GAP-classification-only
1,623,0.1929,MTL-GAP-classification-only
1,624,0.2055,MTL-GAP-classification-only
1,625,0.1936,MTL-GAP-classification-only
1,626,0.1928,MTL-GAP-classification-only
1,627,0.1929,MTL-GAP-classification-only
1,628,0.1926,MTL-GAP-classification-only
1,629,0.1932,MTL-GAP-classification-only
1,630,0.1934,MTL-GAP-classification-only
1,631,0.1948,MTL-GAP-classification-only
1,632,0.3484,MTL-GAP-classification-only
1,633,0.2379,MTL-GAP-classification-only
1,634,0.198,MTL-GAP-classification-only
1,635,0.195,MTL-GAP-classification-only
1,636,0.2819,MTL-GAP-classification-only
1,637,0.4001,MTL-GAP-classification-only
1,638,0.3554,MTL-GAP-classification-only
1,639,0.3417,MTL-GAP-classification-only
1,640,0.2809,MTL-GAP-classification-only
1,641,0.2213,MTL-GAP-classification-only
1,642,0.2047,MTL-GAP-classification-only
1,643,0.2808,MTL-GAP-classification-only
1,644,0.2215,MTL-GAP-classification-only
1,645,0.1965,MTL-GAP-classification-only
1,646,0.1964,MTL-GAP-classification-only
1,647,0.2393,MTL-GAP-classification-only
1,648,0.1967,MTL-GAP-classification-only
1,649,0.2041,MTL-GAP-classification-only
1,650,0.1928,MTL-GAP-classification-only
1,651,0.1927,MTL-GAP-classification-only
1,652,0.1955,MTL-GAP-classification-only
1,653,0.2071,MTL-GAP-classification-only
1,654,0.2708,MTL-GAP-classification-only
1,655,0.2953,MTL-GAP-classification-only
1,656,0.2035,MTL-GAP-classification-only
1,657,0.422,MTL-GAP-classification-only
1,658,0.268,MTL-GAP-classification-only
1,659,0.2511,MTL-GAP-classification-only
1,660,0.3052,MTL-GAP-classification-only
1,661,0.3058,MTL-GAP-classification-only
1,662,0.4304,MTL-GAP-classification-only
1,663,0.3355,MTL-GAP-classification-only
1,664,0.214,MTL-GAP-classification-only
1,665,0.2051,MTL-GAP-classification-only
1,666,0.218,MTL-GAP-classification-only
1,667,0.2215,MTL-GAP-classification-only
1,668,0.2437,MTL-GAP-classification-only
1,669,0.2375,MTL-GAP-classification-only
1,670,0.2588,MTL-GAP-classification-only
1,671,0.2046,MTL-GAP-classification-only
1,672,0.2119,MTL-GAP-classification-only
1,673,0.1974,MTL-GAP-classification-only
1,674,0.195,MTL-GAP-classification-only
1,675,0.2937,MTL-GAP-classification-only
1,676,0.2765,MTL-GAP-classification-only
1,677,0.2294,MTL-GAP-classification-only
1,678,0.1975,MTL-GAP-classification-only
1,679,0.205,MTL-GAP-classification-only
1,680,0.1939,MTL-GAP-classification-only
1,681,0.1941,MTL-GAP-classification-only
1,682,0.1933,MTL-GAP-classification-only
1,683,0.1925,MTL-GAP-classification-only
1,684,0.2015,MTL-GAP-classification-only
1,685,0.3788,MTL-GAP-classification-only
1,686,0.4451,MTL-GAP-classification-only
1,687,0.3935,MTL-GAP-classification-only
1,688,0.3104,MTL-GAP-classification-only
1,689,0.2158,MTL-GAP-classification-only
1,690,0.216,MTL-GAP-classification-only
1,691,0.221,MTL-GAP-classification-only
1,692,0.2133,MTL-GAP-classification-only
1,693,0.2065,MTL-GAP-classification-only
1,694,0.2089,MTL-GAP-classification-only
1,695,0.197,MTL-GAP-classification-only
1,696,0.1944,MTL-GAP-classification-only
1,697,0.2883,MTL-GAP-classification-only
1,698,0.3376,MTL-GAP-classification-only
1,699,0.2078,MTL-GAP-classification-only
1,700,0.1954,MTL-GAP-classification-only
1,701,0.1962,MTL-GAP-classification-only
1,702,0.1937,MTL-GAP-classification-only
1,703,0.1982,MTL-GAP-classification-only
1,704,0.1977,MTL-GAP-classification-only
1,705,0.2603,MTL-GAP-classification-only
1,706,0.2653,MTL-GAP-classification-only
1,707,0.1975,MTL-GAP-classification-only
1,708,0.2557,MTL-GAP-classification-only
1,709,0.2673,MTL-GAP-classification-only
1,710,0.3415,MTL-GAP-classification-only
1,711,0.267,MTL-GAP-classification-only
1,712,0.3551,MTL-GAP-classification-only
1,713,0.3242,MTL-GAP-classification-only
1,714,0.3824,MTL-GAP-classification-only
1,715,0.295,MTL-GAP-classification-only
1,716,0.4456,MTL-GAP-classification-only
1,717,0.2993,MTL-GAP-classification-only
1,718,0.2675,MTL-GAP-classification-only
1,719,0.2065,MTL-GAP-classification-only
1,720,0.2572,MTL-GAP-classification-only
1,721,0.2181,MTL-GAP-classification-only
1,722,0.3629,MTL-GAP-classification-only
1,723,0.3011,MTL-GAP-classification-only
1,724,0.2692,MTL-GAP-classification-only
1,725,0.2604,MTL-GAP-classification-only
1,726,0.3554,MTL-GAP-classification-only
1,727,0.2989,MTL-GAP-classification-only
1,728,0.2197,MTL-GAP-classification-only
1,729,0.228,MTL-GAP-classification-only
1,730,0.4116,MTL-GAP-classification-only
1,731,0.3759,MTL-GAP-classification-only
1,732,0.4132,MTL-GAP-classification-only
1,733,0.25,MTL-GAP-classification-only
1,734,0.238,MTL-GAP-classification-only
1,735,0.2113,MTL-GAP-classification-only
1,736,0.2032,MTL-GAP-classification-only
1,737,0.2122,MTL-GAP-classification-only
1,738,0.2369,MTL-GAP-classification-only
1,739,0.2142,MTL-GAP-classification-only
1,740,0.2001,MTL-GAP-classification-only
1,741,0.1999,MTL-GAP-classification-only
1,742,0.201,MTL-GAP-classification-only
1,743,0.1932,MTL-GAP-classification-only
1,744,0.2048,MTL-GAP-classification-only
1,745,0.1939,MTL-GAP-classification-only
1,746,0.1928,MTL-GAP-classification-only
1,747,0.1938,MTL-GAP-classification-only
1,748,0.1924,MTL-GAP-classification-only
1,749,0.1926,MTL-GAP-classification-only
1,750,0.1935,MTL-GAP-classification-only
1,751,0.1923,MTL-GAP-classification-only
1,752,0.192,MTL-GAP-classification-only
1,753,0.1925,MTL-GAP-classification-only
1,754,0.2015,MTL-GAP-classification-only
1,755,0.1944,MTL-GAP-classification-only
1,756,0.3363,MTL-GAP-classification-only
1,757,0.3811,MTL-GAP-classification-only
1,758,0.3807,MTL-GAP-classification-only
1,759,0.2299,MTL-GAP-classification-only
1,760,0.2099,MTL-GAP-classification-only
1,761,0.2232,MTL-GAP-classification-only
1,762,0.2287,MTL-GAP-classification-only
1,763,0.2667,MTL-GAP-classification-only
1,764,0.2701,MTL-GAP-classification-only
1,765,0.2374,MTL-GAP-classification-only
1,766,0.3253,MTL-GAP-classification-only
1,767,0.2137,MTL-GAP-classification-only
1,768,0.2936,MTL-GAP-classification-only
1,769,0.2101,MTL-GAP-classification-only
1,770,0.1982,MTL-GAP-classification-only
1,771,0.1922,MTL-GAP-classification-only
1,772,0.1919,MTL-GAP-classification-only
1,773,0.1916,MTL-GAP-classification-only
1,774,0.1919,MTL-GAP-classification-only
1,775,0.1913,MTL-GAP-classification-only
1,776,0.1973,MTL-GAP-classification-only
1,777,0.1981,MTL-GAP-classification-only
1,778,0.3207,MTL-GAP-classification-only
1,779,0.3264,MTL-GAP-classification-only
1,780,0.3136,MTL-GAP-classification-only
1,781,0.3438,MTL-GAP-classification-only
1,782,0.4032,MTL-GAP-classification-only
1,783,0.2658,MTL-GAP-classification-only
1,784,0.2132,MTL-GAP-classification-only
1,785,0.2208,MTL-GAP-classification-only
1,786,0.2128,MTL-GAP-classification-only
1,787,0.299,MTL-GAP-classification-only
1,788,0.3147,MTL-GAP-classification-only
1,789,0.2155,MTL-GAP-classification-only
1,790,0.1969,MTL-GAP-classification-only
1,791,0.1971,MTL-GAP-classification-only
1,792,0.1945,MTL-GAP-classification-only
1,793,0.1959,MTL-GAP-classification-only
1,794,0.2123,MTL-GAP-classification-only
1,795,0.194,MTL-GAP-classification-only
1,796,0.1923,MTL-GAP-classification-only
1,797,0.1926,MTL-GAP-classification-only
1,798,0.1925,MTL-GAP-classification-only
1,799,0.1932,MTL-GAP-classification-only
1,800,0.197,MTL-GAP-classification-only
1,801,0.1931,MTL-GAP-classification-only
1,802,0.2294,MTL-GAP-classification-only
1,803,0.3429,MTL-GAP-classification-only
1,804,0.2204,MTL-GAP-classification-only
1,805,0.2538,MTL-GAP-classification-only
1,806,0.383,MTL-GAP-classification-only
1,807,0.3685,MTL-GAP-classification-only
1,808,0.285,MTL-GAP-classification-only
1,809,0.2055,MTL-GAP-classification-only
1,810,0.2149,MTL-GAP-classification-only
1,811,0.2075,MTL-GAP-classification-only
1,812,0.2491,MTL-GAP-classification-only
1,813,0.2891,MTL-GAP-classification-only
1,814,0.3172,MTL-GAP-classification-only
1,815,0.2179,MTL-GAP-classification-only
1,816,0.1975,MTL-GAP-classification-only
1,817,0.1952,MTL-GAP-classification-only
1,818,0.1935,MTL-GAP-classification-only
1,819,0.2043,MTL-GAP-classification-only
1,820,0.1956,MTL-GAP-classification-only
1,821,0.1956,MTL-GAP-classification-only
1,822,0.1946,MTL-GAP-classification-only
1,823,0.193,MTL-GAP-classification-only
1,824,0.1931,MTL-GAP-classification-only
1,825,0.218,MTL-GAP-classification-only
1,826,0.2494,MTL-GAP-classification-only
1,827,0.1978,MTL-GAP-classification-only
1,828,0.1945,MTL-GAP-classification-only
1,829,0.2037,MTL-GAP-classification-only
1,830,0.2285,MTL-GAP-classification-only
1,831,0.243,MTL-GAP-classification-only
1,832,0.3425,MTL-GAP-classification-only
1,833,0.3735,MTL-GAP-classification-only
1,834,0.2603,MTL-GAP-classification-only
1,835,0.2036,MTL-GAP-classification-only
1,836,0.2101,MTL-GAP-classification-only
1,837,0.2146,MTL-GAP-classification-only
1,838,0.3731,MTL-GAP-classification-only
1,839,0.2816,MTL-GAP-classification-only
1,840,0.2985,MTL-GAP-classification-only
1,841,0.2884,MTL-GAP-classification-only
1,842,0.2875,MTL-GAP-classification-only
1,843,0.2876,MTL-GAP-classification-only
1,844,0.5247,MTL-GAP-classification-only
1,845,0.4143,MTL-GAP-classification-only
1,846,0.2935,MTL-GAP-classification-only
1,847,0.1967,MTL-GAP-classification-only
1,848,0.1942,MTL-GAP-classification-only
1,849,0.2011,MTL-GAP-classification-only
1,850,0.1957,MTL-GAP-classification-only
1,851,0.1938,MTL-GAP-classification-only
1,852,0.194,MTL-GAP-classification-only
1,853,0.2537,MTL-GAP-classification-only
1,854,0.3199,MTL-GAP-classification-only
1,855,0.3465,MTL-GAP-classification-only
1,856,0.3037,MTL-GAP-classification-only
1,857,0.2233,MTL-GAP-classification-only
1,858,0.2147,MTL-GAP-classification-only
1,859,0.201,MTL-GAP-classification-only
1,860,0.2005,MTL-GAP-classification-only
1,861,0.2154,MTL-GAP-classification-only
1,862,0.2169,MTL-GAP-classification-only
1,863,0.1968,MTL-GAP-classification-only
1,864,0.1962,MTL-GAP-classification-only
1,865,0.198,MTL-GAP-classification-only
1,866,0.194,MTL-GAP-classification-only
1,867,0.2029,MTL-GAP-classification-only
1,868,0.1935,MTL-GAP-classification-only
1,869,0.1926,MTL-GAP-classification-only
1,870,0.1929,MTL-GAP-classification-only
1,871,0.192,MTL-GAP-classification-only
1,872,0.1984,MTL-GAP-classification-only
1,873,0.2005,MTL-GAP-classification-only
1,874,0.1935,MTL-GAP-classification-only
1,875,0.193,MTL-GAP-classification-only
1,876,0.193,MTL-GAP-classification-only
1,877,0.203,MTL-GAP-classification-only
1,878,0.1934,MTL-GAP-classification-only
1,879,0.1928,MTL-GAP-classification-only
1,880,0.1924,MTL-GAP-classification-only
1,881,0.2689,MTL-GAP-classification-only
1,882,0.3081,MTL-GAP-classification-only
1,883,0.3398,MTL-GAP-classification-only
1,884,0.3156,MTL-GAP-classification-only
1,885,0.2298,MTL-GAP-classification-only
1,886,0.2169,MTL-GAP-classification-only
1,887,0.2177,MTL-GAP-classification-only
1,888,0.1957,MTL-GAP-classification-only
1,889,0.1937,MTL-GAP-classification-only
1,890,0.1928,MTL-GAP-classification-only
1,891,0.193,MTL-GAP-classification-only
1,892,0.2509,MTL-GAP-classification-only
1,893,0.2091,MTL-GAP-classification-only
1,894,0.1924,MTL-GAP-classification-only
1,895,0.1911,MTL-GAP-classification-only
1,896,0.192,MTL-GAP-classification-only
1,897,0.1996,MTL-GAP-classification-only
1,898,0.1925,MTL-GAP-classification-only
1,899,0.1927,MTL-GAP-classification-only
1,900,0.1923,MTL-GAP-classification-only
1,901,0.1923,MTL-GAP-classification-only
1,902,0.5022,MTL-GAP-classification-only
1,903,0.3141,MTL-GAP-classification-only
1,904,0.2947,MTL-GAP-classification-only
1,905,0.2373,MTL-GAP-classification-only
1,906,0.2166,MTL-GAP-classification-only
1,907,0.4016,MTL-GAP-classification-only
1,908,0.3778,MTL-GAP-classification-only
1,909,0.3195,MTL-GAP-classification-only
1,910,0.2109,MTL-GAP-classification-only
1,911,0.2013,MTL-GAP-classification-only
1,912,0.2126,MTL-GAP-classification-only
1,913,0.2133,MTL-GAP-classification-only
1,914,0.1963,MTL-GAP-classification-only
1,915,0.1971,MTL-GAP-classification-only
1,916,0.1933,MTL-GAP-classification-only
1,917,0.1932,MTL-GAP-classification-only
1,918,0.2036,MTL-GAP-classification-only
1,919,0.1929,MTL-GAP-classification-only
1,920,0.1938,MTL-GAP-classification-only
1,921,0.1928,MTL-GAP-classification-only
1,922,0.1933,MTL-GAP-classification-only
1,923,0.1932,MTL-GAP-classification-only
1,924,0.1939,MTL-GAP-classification-only
1,925,0.2298,MTL-GAP-classification-only
1,926,0.198,MTL-GAP-classification-only
1,927,0.1952,MTL-GAP-classification-only
1,928,0.194,MTL-GAP-classification-only
1,929,0.2024,MTL-GAP-classification-only
1,930,0.2536,MTL-GAP-classification-only
1,931,0.2719,MTL-GAP-classification-only
1,932,0.2197,MTL-GAP-classification-only
1,933,0.252,MTL-GAP-classification-only
1,934,0.2811,MTL-GAP-classification-only
1,935,0.3035,MTL-GAP-classification-only
1,936,0.3537,MTL-GAP-classification-only
1,937,0.2316,MTL-GAP-classification-only
1,938,0.216,MTL-GAP-classification-only
1,939,0.2184,MTL-GAP-classification-only
1,940,0.224,MTL-GAP-classification-only
1,941,0.2002,MTL-GAP-classification-only
1,942,0.1966,MTL-GAP-classification-only
1,943,0.1933,MTL-GAP-classification-only
1,944,0.1933,MTL-GAP-classification-only
1,945,0.2033,MTL-GAP-classification-only
1,946,0.2702,MTL-GAP-classification-only
1,947,0.2126,MTL-GAP-classification-only
1,948,0.1948,MTL-GAP-classification-only
1,949,0.2016,MTL-GAP-classification-only
1,950,0.1944,MTL-GAP-classification-only
1,951,0.1927,MTL-GAP-classification-only
1,952,0.1926,MTL-GAP-classification-only
1,953,0.2215,MTL-GAP-classification-only
1,954,0.3787,MTL-GAP-classification-only
1,955,0.2658,MTL-GAP-classification-only
1,956,0.1978,MTL-GAP-classification-only
1,957,0.1972,MTL-GAP-classification-only
1,958,0.2582,MTL-GAP-classification-only
1,959,0.2456,MTL-GAP-classification-only
1,960,0.3564,MTL-GAP-classification-only
1,961,0.2865,MTL-GAP-classification-only
1,962,0.3597,MTL-GAP-classification-only
1,963,0.2174,MTL-GAP-classification-only
1,964,0.2048,MTL-GAP-classification-only
1,965,0.2175,MTL-GAP-classification-only
1,966,0.2126,MTL-GAP-classification-only
1,967,0.2025,MTL-GAP-classification-only
1,968,0.4891,MTL-GAP-classification-only
1,969,0.2832,MTL-GAP-classification-only
1,970,0.2857,MTL-GAP-classification-only
1,971,0.2391,MTL-GAP-classification-only
1,972,0.2009,MTL-GAP-classification-only
1,973,0.1983,MTL-GAP-classification-only
1,974,0.285,MTL-GAP-classification-only
1,975,0.2148,MTL-GAP-classification-only
1,976,0.2459,MTL-GAP-classification-only
1,977,0.2659,MTL-GAP-classification-only
1,978,0.2425,MTL-GAP-classification-only
1,979,0.2551,MTL-GAP-classification-only
1,980,0.2386,MTL-GAP-classification-only
1,981,0.2155,MTL-GAP-classification-only
1,982,0.1955,MTL-GAP-classification-only
1,983,0.394,MTL-GAP-classification-only
1,984,0.2639,MTL-GAP-classification-only
1,985,0.34,MTL-GAP-classification-only
1,986,0.3457,MTL-GAP-classification-only
1,987,0.215,MTL-GAP-classification-only
1,988,0.2258,MTL-GAP-classification-only
1,989,0.2047,MTL-GAP-classification-only
1,990,0.2019,MTL-GAP-classification-only
1,991,0.2224,MTL-GAP-classification-only
1,992,0.215,MTL-GAP-classification-only
1,993,0.2841,MTL-GAP-classification-only
1,994,0.2322,MTL-GAP-classification-only
1,995,0.2314,MTL-GAP-classification-only
1,996,0.1975,MTL-GAP-classification-only
1,997,0.1931,MTL-GAP-classification-only
1,998,0.1945,MTL-GAP-classification-only
1,999,0.1938,MTL-GAP-classification-only
1,1000,0.2027,MTL-GAP-classification-only
2,1,0.247,MTL-GAP-classification-only
2,2,0.2136,MTL-GAP-classification-only
2,3,0.1962,MTL-GAP-classification-only
2,4,0.2152,MTL-GAP-classification-only
2,5,0.2011,MTL-GAP-classification-only
2,6,0.1944,MTL-GAP-classification-only
2,7,0.1948,MTL-GAP-classification-only
2,8,0.1966,MTL-GAP-classification-only
2,9,0.2119,MTL-GAP-classification-only
2,10,0.2131,MTL-GAP-classification-only
2,11,0.1951,MTL-GAP-classification-only
2,12,0.2041,MTL-GAP-classification-only
2,13,0.1963,MTL-GAP-classification-only
2,14,0.2172,MTL-GAP-classification-only
2,15,0.3469,MTL-GAP-classification-only
2,16,0.3238,MTL-GAP-classification-only
2,17,0.3657,MTL-GAP-classification-only
2,18,0.223,MTL-GAP-classification-only
2,19,0.2134,MTL-GAP-classification-only
2,20,0.2004,MTL-GAP-classification-only
2,21,0.1986,MTL-GAP-classification-only
2,22,0.2087,MTL-GAP-classification-only
2,23,0.2114,MTL-GAP-classification-only
2,24,0.2018,MTL-GAP-classification-only
2,25,0.1968,MTL-GAP-classification-only
2,26,0.1992,MTL-GAP-classification-only
2,27,0.2067,MTL-GAP-classification-only
2,28,0.2235,MTL-GAP-classification-only
2,29,0.2057,MTL-GAP-classification-only
2,30,0.1936,MTL-GAP-classification-only
2,31,0.1937,MTL-GAP-classification-only
2,32,0.2102,MTL-GAP-classification-only
2,33,0.2187,MTL-GAP-classification-only
2,34,0.2018,MTL-GAP-classification-only
2,35,0.2041,MTL-GAP-classification-only
2,36,0.1936,MTL-GAP-classification-only
2,37,0.2109,MTL-GAP-classification-only
2,38,0.2137,MTL-GAP-classification-only
2,39,0.2035,MTL-GAP-classification-only
2,40,0.194,MTL-GAP-classification-only
2,41,0.1928,MTL-GAP-classification-only
2,42,0.2473,MTL-GAP-classification-only
2,43,0.3386,MTL-GAP-classification-only
2,44,0.3332,MTL-GAP-classification-only
2,45,0.3487,MTL-GAP-classification-only
2,46,0.2221,MTL-GAP-classification-only
2,47,0.2069,MTL-GAP-classification-only
2,48,0.205,MTL-GAP-classification-only
2,49,0.1983,MTL-GAP-classification-only
2,50,0.2579,MTL-GAP-classification-only
2,51,0.2214,MTL-GAP-classification-only
2,52,0.2,MTL-GAP-classification-only
2,53,0.1928,MTL-GAP-classification-only
2,54,0.2096,MTL-GAP-classification-only
2,55,0.2132,MTL-GAP-classification-only
2,56,0.2035,MTL-GAP-classification-only
2,57,0.1923,MTL-GAP-classification-only
2,58,0.2031,MTL-GAP-classification-only
2,59,0.2062,MTL-GAP-classification-only
2,60,0.2131,MTL-GAP-classification-only
2,61,0.1947,MTL-GAP-classification-only
2,62,0.1936,MTL-GAP-classification-only
2,63,0.1928,MTL-GAP-classification-only
2,64,0.2028,MTL-GAP-classification-only
2,65,0.2153,MTL-GAP-classification-only
2,66,0.2131,MTL-GAP-classification-only
2,67,0.1935,MTL-GAP-classification-only
2,68,0.1937,MTL-GAP-classification-only
2,69,0.3264,MTL-GAP-classification-only
2,70,0.4592,MTL-GAP-classification-only
2,71,0.4127,MTL-GAP-classification-only
2,72,0.3166,MTL-GAP-classification-only
2,73,0.2099,MTL-GAP-classification-only
2,74,0.2095,MTL-GAP-classification-only
2,75,0.2145,MTL-GAP-classification-only
2,76,0.224,MTL-GAP-classification-only
2,77,0.2214,MTL-GAP-classification-only
2,78,0.202,MTL-GAP-classification-only
2,79,0.1961,MTL-GAP-classification-only
2,80,0.1937,MTL-GAP-classification-only
2,81,0.1951,MTL-GAP-classification-only
2,82,0.2053,MTL-GAP-classification-only
2,83,0.209,MTL-GAP-classification-only
2,84,0.2322,MTL-GAP-classification-only
2,85,0.2075,MTL-GAP-classification-only
2,86,0.1928,MTL-GAP-classification-only
2,87,0.1949,MTL-GAP-classification-only
2,88,0.2042,MTL-GAP-classification-only
2,89,0.2186,MTL-GAP-classification-only
2,90,0.2878,MTL-GAP-classification-only
2,91,0.2202,MTL-GAP-classification-only
2,92,0.2014,MTL-GAP-classification-only
2,93,0.2048,MTL-GAP-classification-only
2,94,0.3324,MTL-GAP-classification-only
2,95,0.436,MTL-GAP-classification-only
2,96,0.379,MTL-GAP-classification-only
2,97,0.3125,MTL-GAP-classification-only
2,98,0.2149,MTL-GAP-classification-only
2,99,0.2106,MTL-GAP-classification-only
2,100,0.2297,MTL-GAP-classification-only
2,101,0.2175,MTL-GAP-classification-only
2,102,0.2077,MTL-GAP-classification-only
2,103,0.1967,MTL-GAP-classification-only
2,104,0.1945,MTL-GAP-classification-only
2,105,0.1964,MTL-GAP-classification-only
2,106,0.2644,MTL-GAP-classification-only
2,107,0.2157,MTL-GAP-classification-only
2,108,0.1963,MTL-GAP-classification-only
2,109,0.1961,MTL-GAP-classification-only
2,110,0.2,MTL-GAP-classification-only
2,111,0.2075,MTL-GAP-classification-only
2,112,0.1958,MTL-GAP-classification-only
2,113,0.1943,MTL-GAP-classification-only
2,114,0.1938,MTL-GAP-classification-only
2,115,0.1944,MTL-GAP-classification-only
2,116,0.2588,MTL-GAP-classification-only
2,117,0.1979,MTL-GAP-classification-only
2,118,0.1928,MTL-GAP-classification-only
2,119,0.1942,MTL-GAP-classification-only
2,120,0.1992,MTL-GAP-classification-only
2,121,0.3485,MTL-GAP-classification-only
2,122,0.3371,MTL-GAP-classification-only
2,123,0.3745,MTL-GAP-classification-only
2,124,0.2522,MTL-GAP-classification-only
2,125,0.2229,MTL-GAP-classification-only
2,126,0.2222,MTL-GAP-classification-only
2,127,0.2143,MTL-GAP-classification-only
2,128,0.2038,MTL-GAP-classification-only
2,129,0.1988,MTL-GAP-classification-only
2,130,0.2166,MTL-GAP-classification-only
2,131,0.2098,MTL-GAP-classification-only
2,132,0.2113,MTL-GAP-classification-only
2,133,0.2063,MTL-GAP-classification-only
2,134,0.1945,MTL-GAP-classification-only
2,135,0.3653,MTL-GAP-classification-only
2,136,0.2276,MTL-GAP-classification-only
2,137,0.1978,MTL-GAP-classification-only
2,138,0.2204,MTL-GAP-classification-only
2,139,0.244,MTL-GAP-classification-only
2,140,0.3122,MTL-GAP-classification-only
2,141,0.2313,MTL-GAP-classification-only
2,142,0.1966,MTL-GAP-classification-only
2,143,0.2058,MTL-GAP-classification-only
2,144,0.1942,MTL-GAP-classification-only
2,145,0.1927,MTL-GAP-classification-only
2,146,0.3006,MTL-GAP-classification-only
2,147,0.4125,MTL-GAP-classification-only
2,148,0.398,MTL-GAP-classification-only
2,149,0.3431,MTL-GAP-classification-only
2,150,0.2318,MTL-GAP-classification-only
2,151,0.2076,MTL-GAP-classification-only
2,152,0.2028,MTL-GAP-classification-only
2,153,0.2063,MTL-GAP-classification-only
2,154,0.2467,MTL-GAP-classification-only
2,155,0.2158,MTL-GAP-classification-only
2,156,0.2016,MTL-GAP-classification-only
2,157,0.2189,MTL-GAP-classification-only
2,158,0.2011,MTL-GAP-classification-only
2,159,0.2409,MTL-GAP-classification-only
2,160,0.3457,MTL-GAP-classification-only
2,161,0.2786,MTL-GAP-classification-only
2,162,0.2111,MTL-GAP-classification-only
2,163,0.2075,MTL-GAP-classification-only
2,164,0.1926,MTL-GAP-classification-only
2,165,0.192,MTL-GAP-classification-only
2,166,0.2026,MTL-GAP-classification-only
2,167,0.2039,MTL-GAP-classification-only
2,168,0.2051,MTL-GAP-classification-only
2,169,0.1927,MTL-GAP-classification-only
2,170,0.1919,MTL-GAP-classification-only
2,171,0.3105,MTL-GAP-classification-only
2,172,0.3096,MTL-GAP-classification-only
2,173,0.4496,MTL-GAP-classification-only
2,174,0.3028,MTL-GAP-classification-only
2,175,0.2094,MTL-GAP-classification-only
2,176,0.2354,MTL-GAP-classification-only
2,177,0.2228,MTL-GAP-classification-only
2,178,0.2074,MTL-GAP-classification-only
2,179,0.2007,MTL-GAP-classification-only
2,180,0.1966,MTL-GAP-classification-only
2,181,0.2065,MTL-GAP-classification-only
2,182,0.1946,MTL-GAP-classification-only
2,183,0.2061,MTL-GAP-classification-only
2,184,0.1937,MTL-GAP-classification-only
2,185,0.1932,MTL-GAP-classification-only
2,186,0.2052,MTL-GAP-classification-only
2,187,0.1936,MTL-GAP-classification-only
2,188,0.1932,MTL-GAP-classification-only
2,189,0.1924,MTL-GAP-classification-only
2,190,0.1926,MTL-GAP-classification-only
2,191,0.2041,MTL-GAP-classification-only
2,192,0.1932,MTL-GAP-classification-only
2,193,0.2019,MTL-GAP-classification-only
2,194,0.1937,MTL-GAP-classification-only
2,195,0.1928,MTL-GAP-classification-only
2,196,0.2035,MTL-GAP-classification-only
2,197,0.2043,MTL-GAP-classification-only
2,198,0.2874,MTL-GAP-classification-only
2,199,0.3063,MTL-GAP-classification-only
2,200,0.3655,MTL-GAP-classification-only
2,201,0.4286,MTL-GAP-classification-only
2,202,0.2312,MTL-GAP-classification-only
2,203,0.2159,MTL-GAP-classification-only
2,204,0.2027,MTL-GAP-classification-only
2,205,0.2015,MTL-GAP-classification-only
2,206,0.2132,MTL-GAP-classification-only
2,207,0.1962,MTL-GAP-classification-only
2,208,0.1946,MTL-GAP-classification-only
2,209,0.2056,MTL-GAP-classification-only
2,210,0.1928,MTL-GAP-classification-only
2,211,0.2153,MTL-GAP-classification-only
2,212,0.1991,MTL-GAP-classification-only
2,213,0.1934,MTL-GAP-classification-only
2,214,0.1928,MTL-GAP-classification-only
2,215,0.1931,MTL-GAP-classification-only
2,216,0.211,MTL-GAP-classification-only
2,217,0.2208,MTL-GAP-classification-only
2,218,0.2154,MTL-GAP-classification-only
2,219,0.2001,MTL-GAP-classification-only
2,220,0.1944,MTL-GAP-classification-only
2,221,0.2052,MTL-GAP-classification-only
2,222,0.195,MTL-GAP-classification-only
2,223,0.1938,MTL-GAP-classification-only
2,224,0.1933,MTL-GAP-classification-only
2,225,0.2821,MTL-GAP-classification-only
2,226,0.2983,MTL-GAP-classification-only
2,227,0.4041,MTL-GAP-classification-only
2,228,0.2555,MTL-GAP-classification-only
2,229,0.2066,MTL-GAP-classification-only
2,230,0.2082,MTL-GAP-classification-only
2,231,0.2301,MTL-GAP-classification-only
2,232,0.2014,MTL-GAP-classification-only
2,233,0.1984,MTL-GAP-classification-only
2,234,0.1959,MTL-GAP-classification-only
2,235,0.1951,MTL-GAP-classification-only
2,236,0.2134,MTL-GAP-classification-only
2,237,0.195,MTL-GAP-classification-only
2,238,0.194,MTL-GAP-classification-only
2,239,0.1947,MTL-GAP-classification-only
2,240,0.1973,MTL-GAP-classification-only
2,241,0.2031,MTL-GAP-classification-only
2,242,0.1935,MTL-GAP-classification-only
2,243,0.192,MTL-GAP-classification-only
2,244,0.1922,MTL-GAP-classification-only
2,245,0.1921,MTL-GAP-classification-only
2,246,0.2534,MTL-GAP-classification-only
2,247,0.1947,MTL-GAP-classification-only
2,248,0.194,MTL-GAP-classification-only
2,249,0.1936,MTL-GAP-classification-only
2,250,0.1934,MTL-GAP-classification-only
2,251,0.206,MTL-GAP-classification-only
2,252,0.1944,MTL-GAP-classification-only
2,253,0.3043,MTL-GAP-classification-only
2,254,0.3127,MTL-GAP-classification-only
2,255,0.3684,MTL-GAP-classification-only
2,256,0.2647,MTL-GAP-classification-only
2,257,0.2788,MTL-GAP-classification-only
2,258,0.24,MTL-GAP-classification-only
2,259,0.2081,MTL-GAP-classification-only
2,260,0.205,MTL-GAP-classification-only
2,261,0.2151,MTL-GAP-classification-only
2,262,0.2362,MTL-GAP-classification-only
2,263,0.2384,MTL-GAP-classification-only
2,264,0.1967,MTL-GAP-classification-only
2,265,0.2029,MTL-GAP-classification-only
2,266,0.1975,MTL-GAP-classification-only
2,267,0.1951,MTL-GAP-classification-only
2,268,0.1937,MTL-GAP-classification-only
2,269,0.193,MTL-GAP-classification-only
2,270,0.3809,MTL-GAP-classification-only
2,271,0.2592,MTL-GAP-classification-only
2,272,0.2066,MTL-GAP-classification-only
2,273,0.2026,MTL-GAP-classification-only
2,274,0.2609,MTL-GAP-classification-only
2,275,0.2337,MTL-GAP-classification-only
2,276,0.207,MTL-GAP-classification-only
2,277,0.194,MTL-GAP-classification-only
2,278,0.2655,MTL-GAP-classification-only
2,279,0.3509,MTL-GAP-classification-only
2,280,0.3762,MTL-GAP-classification-only
2,281,0.3152,MTL-GAP-classification-only
2,282,0.2299,MTL-GAP-classification-only
2,283,0.2074,MTL-GAP-classification-only
2,284,0.2087,MTL-GAP-classification-only
2,285,0.2043,MTL-GAP-classification-only
2,286,0.235,MTL-GAP-classification-only
2,287,0.2252,MTL-GAP-classification-only
2,288,0.2177,MTL-GAP-classification-only
2,289,0.2014,MTL-GAP-classification-only
2,290,0.1987,MTL-GAP-classification-only
2,291,0.2109,MTL-GAP-classification-only
2,292,0.1976,MTL-GAP-classification-only
2,293,0.1931,MTL-GAP-classification-only
2,294,0.1926,MTL-GAP-classification-only
2,295,0.1926,MTL-GAP-classification-only
2,296,0.1996,MTL-GAP-classification-only
2,297,0.2015,MTL-GAP-classification-only
2,298,0.2035,MTL-GAP-classification-only
2,299,0.195,MTL-GAP-classification-only
2,300,0.1933,MTL-GAP-classification-only
2,301,0.203,MTL-GAP-classification-only
2,302,0.2062,MTL-GAP-classification-only
2,303,0.1995,MTL-GAP-classification-only
2,304,0.2115,MTL-GAP-classification-only
2,305,0.2932,MTL-GAP-classification-only
2,306,0.3262,MTL-GAP-classification-only
2,307,0.3526,MTL-GAP-classification-only
2,308,0.2176,MTL-GAP-classification-only
2,309,0.2127,MTL-GAP-classification-only
2,310,0.2288,MTL-GAP-classification-only
2,311,0.2056,MTL-GAP-classification-only
2,312,0.1992,MTL-GAP-classification-only
2,313,0.195,MTL-GAP-classification-only
2,314,0.2018,MTL-GAP-classification-only
2,315,0.2045,MTL-GAP-classification-only
2,316,0.1957,MTL-GAP-classification-only
2,317,0.1933,MTL-GAP-classification-only
2,318,0.1925,MTL-GAP-classification-only
2,319,0.1972,MTL-GAP-classification-only
2,320,0.199,MTL-GAP-classification-only
2,321,0.1922,MTL-GAP-classification-only
2,322,0.1924,MTL-GAP-classification-only
2,323,0.1988,MTL-GAP-classification-only
2,324,0.1968,MTL-GAP-classification-only
2,325,0.2042,MTL-GAP-classification-only
2,326,0.2051,MTL-GAP-classification-only
2,327,0.2092,MTL-GAP-classification-only
2,328,0.3207,MTL-GAP-classification-only
2,329,0.2194,MTL-GAP-classification-only
2,330,0.1965,MTL-GAP-classification-only
2,331,0.1956,MTL-GAP-classification-only
2,332,0.2094,MTL-GAP-classification-only
2,333,0.3325,MTL-GAP-classification-only
2,334,0.277,MTL-GAP-classification-only
2,335,0.571,MTL-GAP-classification-only
2,336,0.2748,MTL-GAP-classification-only
2,337,0.2682,MTL-GAP-classification-only
2,338,0.2342,MTL-GAP-classification-only
2,339,0.2032,MTL-GAP-classification-only
2,340,0.2006,MTL-GAP-classification-only
2,341,0.2529,MTL-GAP-classification-only
2,342,0.2503,MTL-GAP-classification-only
2,343,0.2009,MTL-GAP-classification-only
2,344,0.2113,MTL-GAP-classification-only
2,345,0.1968,MTL-GAP-classification-only
2,346,0.2049,MTL-GAP-classification-only
2,347,0.2535,MTL-GAP-classification-only
2,348,0.2699,MTL-GAP-classification-only
2,349,0.2036,MTL-GAP-classification-only
2,350,0.1949,MTL-GAP-classification-only
2,351,0.2046,MTL-GAP-classification-only
2,352,0.1944,MTL-GAP-classification-only
2,353,0.1991,MTL-GAP-classification-only
2,354,0.194,MTL-GAP-classification-only
2,355,0.1929,MTL-GAP-classification-only
2,356,0.1923,MTL-GAP-classification-only
2,357,0.1978,MTL-GAP-classification-only
2,358,0.4331,MTL-GAP-classification-only
2,359,0.3467,MTL-GAP-classification-only
2,360,0.3572,MTL-GAP-classification-only
2,361,0.3005,MTL-GAP-classification-only
2,362,0.2099,MTL-GAP-classification-only
2,363,0.2509,MTL-GAP-classification-only
2,364,0.2114,MTL-GAP-classification-only
2,365,0.2109,MTL-GAP-classification-only
2,366,0.2008,MTL-GAP-classification-only
2,367,0.1944,MTL-GAP-classification-only
2,368,0.193,MTL-GAP-classification-only
2,369,0.1938,MTL-GAP-classification-only
2,370,0.2099,MTL-GAP-classification-only
2,371,0.1944,MTL-GAP-classification-only
2,372,0.1941,MTL-GAP-classification-only
2,373,0.1927,MTL-GAP-classification-only
2,374,0.1922,MTL-GAP-classification-only
2,375,0.2515,MTL-GAP-classification-only
2,376,0.1962,MTL-GAP-classification-only
2,377,0.203,MTL-GAP-classification-only
2,378,0.1928,MTL-GAP-classification-only
2,379,0.1916,MTL-GAP-classification-only
2,380,0.1925,MTL-GAP-classification-only
2,381,0.1924,MTL-GAP-classification-only
2,382,0.2003,MTL-GAP-classification-only
2,383,0.1932,MTL-GAP-classification-only
2,384,0.2281,MTL-GAP-classification-only
2,385,0.3883,MTL-GAP-classification-only
2,386,0.405,MTL-GAP-classification-only
2,387,0.2799,MTL-GAP-classification-only
2,388,0.2192,MTL-GAP-classification-only
2,389,0.2053,MTL-GAP-classification-only
2,390,0.2923,MTL-GAP-classification-only
2,391,0.2661,MTL-GAP-classification-only
2,392,0.208,MTL-GAP-classification-only
2,393,0.196,MTL-GAP-classification-only
2,394,0.1938,MTL-GAP-classification-only
2,395,0.1937,MTL-GAP-classification-only
2,396,0.2114,MTL-GAP-classification-only
2,397,0.1951,MTL-GAP-classification-only
2,398,0.1927,MTL-GAP-classification-only
2,399,0.193,MTL-GAP-classification-only
2,400,0.1931,MTL-GAP-classification-only
2,401,0.3897,MTL-GAP-classification-only
2,402,0.2805,MTL-GAP-classification-only
2,403,0.1988,MTL-GAP-classification-only
2,404,0.1957,MTL-GAP-classification-only
2,405,0.2044,MTL-GAP-classification-only
2,406,0.2056,MTL-GAP-classification-only
2,407,0.1947,MTL-GAP-classification-only
2,408,0.1939,MTL-GAP-classification-only
2,409,0.1958,MTL-GAP-classification-only
2,410,0.3213,MTL-GAP-classification-only
2,411,0.3466,MTL-GAP-classification-only
2,412,0.3844,MTL-GAP-classification-only
2,413,0.2441,MTL-GAP-classification-only
2,414,0.2059,MTL-GAP-classification-only
2,415,0.2037,MTL-GAP-classification-only
2,416,0.2041,MTL-GAP-classification-only
2,417,0.2036,MTL-GAP-classification-only
2,418,0.208,MTL-GAP-classification-only
2,419,0.218,MTL-GAP-classification-only
2,420,0.2025,MTL-GAP-classification-only
2,421,0.2006,MTL-GAP-classification-only
2,422,0.21,MTL-GAP-classification-only
2,423,0.1972,MTL-GAP-classification-only
2,424,0.1949,MTL-GAP-classification-only
2,425,0.194,MTL-GAP-classification-only
2,426,0.194,MTL-GAP-classification-only
2,427,0.1944,MTL-GAP-classification-only
2,428,0.1971,MTL-GAP-classification-only
2,429,0.1936,MTL-GAP-classification-only
2,430,0.2142,MTL-GAP-classification-only
2,431,0.1934,MTL-GAP-classification-only
2,432,0.1925,MTL-GAP-classification-only
2,433,0.1927,MTL-GAP-classification-only
2,434,0.1973,MTL-GAP-classification-only
2,435,0.2227,MTL-GAP-classification-only
2,436,0.2781,MTL-GAP-classification-only
2,437,0.3681,MTL-GAP-classification-only
2,438,0.4071,MTL-GAP-classification-only
2,439,0.3698,MTL-GAP-classification-only
2,440,0.2347,MTL-GAP-classification-only
2,441,0.2129,MTL-GAP-classification-only
2,442,0.2074,MTL-GAP-classification-only
2,443,0.206,MTL-GAP-classification-only
2,444,0.1997,MTL-GAP-classification-only
2,445,0.1977,MTL-GAP-classification-only
2,446,0.2019,MTL-GAP-classification-only
2,447,0.1946,MTL-GAP-classification-only
2,448,0.1934,MTL-GAP-classification-only
2,449,0.1933,MTL-GAP-classification-only
2,450,0.1926,MTL-GAP-classification-only
2,451,0.1983,MTL-GAP-classification-only
2,452,0.1955,MTL-GAP-classification-only
2,453,0.1927,MTL-GAP-classification-only
2,454,0.1964,MTL-GAP-classification-only
2,455,0.1968,MTL-GAP-classification-only
2,456,0.2,MTL-GAP-classification-only
2,457,0.1976,MTL-GAP-classification-only
2,458,0.1941,MTL-GAP-classification-only
2,459,0.1936,MTL-GAP-classification-only
2,460,0.1945,MTL-GAP-classification-only
2,461,0.1954,MTL-GAP-classification-only
2,462,0.2024,MTL-GAP-classification-only
2,463,0.2712,MTL-GAP-classification-only
2,464,0.2789,MTL-GAP-classification-only
2,465,0.384,MTL-GAP-classification-only
2,466,0.3733,MTL-GAP-classification-only
2,467,0.2257,MTL-GAP-classification-only
2,468,0.2023,MTL-GAP-classification-only
2,469,0.4678,MTL-GAP-classification-only
2,470,0.2437,MTL-GAP-classification-only
2,471,0.2224,MTL-GAP-classification-only
2,472,0.3774,MTL-GAP-classification-only
2,473,0.3225,MTL-GAP-classification-only
2,474,0.3237,MTL-GAP-classification-only
2,475,0.234,MTL-GAP-classification-only
2,476,0.2271,MTL-GAP-classification-only
2,477,0.2094,MTL-GAP-classification-only
2,478,0.2578,MTL-GAP-classification-only
2,479,0.2201,MTL-GAP-classification-only
2,480,0.2012,MTL-GAP-classification-only
2,481,0.2237,MTL-GAP-classification-only
2,482,0.2093,MTL-GAP-classification-only
2,483,0.252,MTL-GAP-classification-only
2,484,0.257,MTL-GAP-classification-only
2,485,0.2073,MTL-GAP-classification-only
2,486,0.2086,MTL-GAP-classification-only
2,487,0.3518,MTL-GAP-classification-only
2,488,0.4309,MTL-GAP-classification-only
2,489,0.4349,MTL-GAP-classification-only
2,490,0.292,MTL-GAP-classification-only
2,491,0.2199,MTL-GAP-classification-only
2,492,0.228,MTL-GAP-classification-only
2,493,0.3647,MTL-GAP-classification-only
2,494,0.334,MTL-GAP-classification-only
2,495,0.3269,MTL-GAP-classification-only
2,496,0.3013,MTL-GAP-classification-only
2,497,0.3041,MTL-GAP-classification-only
2,498,0.3435,MTL-GAP-classification-only
2,499,0.3165,MTL-GAP-classification-only
2,500,0.2965,MTL-GAP-classification-only
2,501,0.2996,MTL-GAP-classification-only
2,502,0.3181,MTL-GAP-classification-only
2,503,0.2965,MTL-GAP-classification-only
2,504,0.3283,MTL-GAP-classification-only
2,505,0.315,MTL-GAP-classification-only
2,506,0.4079,MTL-GAP-classification-only
2,507,0.4541,MTL-GAP-classification-only
2,508,0.4418,MTL-GAP-classification-only
2,509,0.474,MTL-GAP-classification-only
2,510,0.3717,MTL-GAP-classification-only
2,511,0.3977,MTL-GAP-classification-only
2,512,0.3427,MTL-GAP-classification-only
2,513,0.3182,MTL-GAP-classification-only
2,514,0.3376,MTL-GAP-classification-only
2,515,0.3386,MTL-GAP-classification-only
2,516,0.3282,MTL-GAP-classification-only
2,517,0.3489,MTL-GAP-classification-only
2,518,0.2408,MTL-GAP-classification-only
2,519,0.2323,MTL-GAP-classification-only
2,520,0.4549,MTL-GAP-classification-only
2,521,0.3723,MTL-GAP-classification-only
2,522,0.2542,MTL-GAP-classification-only
2,523,0.4357,MTL-GAP-classification-only
2,524,0.318,MTL-GAP-classification-only
2,525,0.3795,MTL-GAP-classification-only
2,526,0.2856,MTL-GAP-classification-only
2,527,0.2167,MTL-GAP-classification-only
2,528,0.208,MTL-GAP-classification-only
2,529,0.2726,MTL-GAP-classification-only
2,530,0.3656,MTL-GAP-classification-only
2,531,0.2877,MTL-GAP-classification-only
2,532,0.2218,MTL-GAP-classification-only
2,533,0.2147,MTL-GAP-classification-only
2,534,0.1977,MTL-GAP-classification-only
2,535,0.1954,MTL-GAP-classification-only
2,536,0.1946,MTL-GAP-classification-only
2,537,0.1937,MTL-GAP-classification-only
2,538,0.2173,MTL-GAP-classification-only
2,539,0.196,MTL-GAP-classification-only
2,540,0.1953,MTL-GAP-classification-only
2,541,0.2051,MTL-GAP-classification-only
2,542,0.1948,MTL-GAP-classification-only
2,543,0.2029,MTL-GAP-classification-only
2,544,0.2259,MTL-GAP-classification-only
2,545,0.2106,MTL-GAP-classification-only
2,546,0.1977,MTL-GAP-classification-only
2,547,0.3081,MTL-GAP-classification-only
2,548,0.3924,MTL-GAP-classification-only
2,549,0.4112,MTL-GAP-classification-only
2,550,0.2234,MTL-GAP-classification-only
2,551,0.223,MTL-GAP-classification-only
2,552,0.2365,MTL-GAP-classification-only
2,553,0.2204,MTL-GAP-classification-only
2,554,0.2053,MTL-GAP-classification-only
2,555,0.1995,MTL-GAP-classification-only
2,556,0.2006,MTL-GAP-classification-only
2,557,0.2016,MTL-GAP-classification-only
2,558,0.196,MTL-GAP-classification-only
2,559,0.1938,MTL-GAP-classification-only
2,560,0.1937,MTL-GAP-classification-only
2,561,0.1931,MTL-GAP-classification-only
2,562,0.1988,MTL-GAP-classification-only
2,563,0.1947,MTL-GAP-classification-only
2,564,0.1929,MTL-GAP-classification-only
2,565,0.2022,MTL-GAP-classification-only
2,566,0.1924,MTL-GAP-classification-only
2,567,0.1996,MTL-GAP-classification-only
2,568,0.1956,MTL-GAP-classification-only
2,569,0.1936,MTL-GAP-classification-only
2,570,0.1926,MTL-GAP-classification-only
2,571,0.1932,MTL-GAP-classification-only
2,572,0.1971,MTL-GAP-classification-only
2,573,0.1959,MTL-GAP-classification-only
2,574,0.1994,MTL-GAP-classification-only
2,575,0.3753,MTL-GAP-classification-only
2,576,0.3771,MTL-GAP-classification-only
2,577,0.3199,MTL-GAP-classification-only
2,578,0.3333,MTL-GAP-classification-only
2,579,0.2636,MTL-GAP-classification-only
2,580,0.2231,MTL-GAP-classification-only
2,581,0.3692,MTL-GAP-classification-only
2,582,0.3612,MTL-GAP-classification-only
2,583,0.2554,MTL-GAP-classification-only
2,584,0.2648,MTL-GAP-classification-only
2,585,0.3824,MTL-GAP-classification-only
2,586,0.2606,MTL-GAP-classification-only
2,587,0.2741,MTL-GAP-classification-only
2,588,0.2176,MTL-GAP-classification-only
2,589,0.1978,MTL-GAP-classification-only
2,590,0.1969,MTL-GAP-classification-only
2,591,0.2103,MTL-GAP-classification-only
2,592,0.1972,MTL-GAP-classification-only
2,593,0.1953,MTL-GAP-classification-only
2,594,0.1927,MTL-GAP-classification-only
2,595,0.1952,MTL-GAP-classification-only
2,596,0.1968,MTL-GAP-classification-only
2,597,0.1956,MTL-GAP-classification-only
2,598,0.3397,MTL-GAP-classification-only
2,599,0.3393,MTL-GAP-classification-only
2,600,0.4119,MTL-GAP-classification-only
2,601,0.2848,MTL-GAP-classification-only
2,602,0.2102,MTL-GAP-classification-only
2,603,0.2053,MTL-GAP-classification-only
2,604,0.2339,MTL-GAP-classification-only
2,605,0.2133,MTL-GAP-classification-only
2,606,0.2017,MTL-GAP-classification-only
2,607,0.1984,MTL-GAP-classification-only
2,608,0.1936,MTL-GAP-classification-only
2,609,0.2483,MTL-GAP-classification-only
2,610,0.2064,MTL-GAP-classification-only
2,611,0.1922,MTL-GAP-classification-only
2,612,0.1929,MTL-GAP-classification-only
2,613,0.1925,MTL-GAP-classification-only
2,614,0.1991,MTL-GAP-classification-only
2,615,0.1941,MTL-GAP-classification-only
2,616,0.1922,MTL-GAP-classification-only
2,617,0.1929,MTL-GAP-classification-only
2,618,0.1921,MTL-GAP-classification-only
2,619,0.1985,MTL-GAP-classification-only
2,620,0.1939,MTL-GAP-classification-only
2,621,0.1938,MTL-GAP-classification-only
2,622,0.2016,MTL-GAP-classification-only
2,623,0.1923,MTL-GAP-classification-only
2,624,0.2079,MTL-GAP-classification-only
2,625,0.3348,MTL-GAP-classification-only
2,626,0.3447,MTL-GAP-classification-only
2,627,0.3187,MTL-GAP-classification-only
2,628,0.2365,MTL-GAP-classification-only
2,629,0.2215,MTL-GAP-classification-only
2,630,0.2331,MTL-GAP-classification-only
2,631,0.2159,MTL-GAP-classification-only
2,632,0.1968,MTL-GAP-classification-only
2,633,0.196,MTL-GAP-classification-only
2,634,0.2045,MTL-GAP-classification-only
2,635,0.1967,MTL-GAP-classification-only
2,636,0.1938,MTL-GAP-classification-only
2,637,0.1926,MTL-GAP-classification-only
2,638,0.1935,MTL-GAP-classification-only
2,639,0.1982,MTL-GAP-classification-only
2,640,0.196,MTL-GAP-classification-only
2,641,0.1949,MTL-GAP-classification-only
2,642,0.1931,MTL-GAP-classification-only
2,643,0.1933,MTL-GAP-classification-only
2,644,0.1933,MTL-GAP-classification-only
2,645,0.2007,MTL-GAP-classification-only
2,646,0.2033,MTL-GAP-classification-only
2,647,0.1938,MTL-GAP-classification-only
2,648,0.1933,MTL-GAP-classification-only
2,649,0.196,MTL-GAP-classification-only
2,650,0.4487,MTL-GAP-classification-only
2,651,0.2648,MTL-GAP-classification-only
2,652,0.2955,MTL-GAP-classification-only
2,653,0.2745,MTL-GAP-classification-only
2,654,0.2795,MTL-GAP-classification-only
2,655,0.2088,MTL-GAP-classification-only
2,656,0.3015,MTL-GAP-classification-only
2,657,0.2195,MTL-GAP-classification-only
2,658,0.2195,MTL-GAP-classification-only
2,659,0.2214,MTL-GAP-classification-only
2,660,0.2058,MTL-GAP-classification-only
2,661,0.2679,MTL-GAP-classification-only
2,662,0.3012,MTL-GAP-classification-only
2,663,0.2241,MTL-GAP-classification-only
2,664,0.202,MTL-GAP-classification-only
2,665,0.1945,MTL-GAP-classification-only
2,666,0.1931,MTL-GAP-classification-only
2,667,0.1928,MTL-GAP-classification-only
2,668,0.1924,MTL-GAP-classification-only
2,669,0.2174,MTL-GAP-classification-only
2,670,0.1939,MTL-GAP-classification-only
2,671,0.1943,MTL-GAP-classification-only
2,672,0.1925,MTL-GAP-classification-only
2,673,0.2049,MTL-GAP-classification-only
2,674,0.2386,MTL-GAP-classification-only
2,675,0.2056,MTL-GAP-classification-only
2,676,0.1932,MTL-GAP-classification-only
2,677,0.1929,MTL-GAP-classification-only
2,678,0.3219,MTL-GAP-classification-only
2,679,0.3861,MTL-GAP-classification-only
2,680,0.3903,MTL-GAP-classification-only
2,681,0.2886,MTL-GAP-classification-only
2,682,0.2066,MTL-GAP-classification-only
2,683,0.2238,MTL-GAP-classification-only
2,684,0.2232,MTL-GAP-classification-only
2,685,0.2086,MTL-GAP-classification-only
2,686,0.2027,MTL-GAP-classification-only
2,687,0.1954,MTL-GAP-classification-only
2,688,0.2016,MTL-GAP-classification-only
2,689,0.1936,MTL-GAP-classification-only
2,690,0.1924,MTL-GAP-classification-only
2,691,0.1926,MTL-GAP-classification-only
2,692,0.1926,MTL-GAP-classification-only
2,693,0.1996,MTL-GAP-classification-only
2,694,0.1936,MTL-GAP-classification-only
2,695,0.1927,MTL-GAP-classification-only
2,696,0.1923,MTL-GAP-classification-only
2,697,0.1923,MTL-GAP-classification-only
2,698,0.199,MTL-GAP-classification-only
2,699,0.1948,MTL-GAP-classification-only
2,700,0.1924,MTL-GAP-classification-only
2,701,0.1918,MTL-GAP-classification-only
2,702,0.1925,MTL-GAP-classification-only
2,703,0.1974,MTL-GAP-classification-only
2,704,0.1982,MTL-GAP-classification-only
2,705,0.1949,MTL-GAP-classification-only
2,706,0.3113,MTL-GAP-classification-only
2,707,0.3643,MTL-GAP-classification-only
2,708,0.3098,MTL-GAP-classification-only
2,709,0.2051,MTL-GAP-classification-only
2,710,0.2152,MTL-GAP-classification-only
2,711,0.2282,MTL-GAP-classification-only
2,712,0.2074,MTL-GAP-classification-only
2,713,0.1961,MTL-GAP-classification-only
2,714,0.2067,MTL-GAP-classification-only
2,715,0.1943,MTL-GAP-classification-only
2,716,0.1943,MTL-GAP-classification-only
2,717,0.1929,MTL-GAP-classification-only
2,718,0.3251,MTL-GAP-classification-only
2,719,0.3554,MTL-GAP-classification-only
2,720,0.2042,MTL-GAP-classification-only
2,721,0.1977,MTL-GAP-classification-only
2,722,0.2159,MTL-GAP-classification-only
2,723,0.2013,MTL-GAP-classification-only
2,724,0.1951,MTL-GAP-classification-only
2,725,0.195,MTL-GAP-classification-only
2,726,0.1953,MTL-GAP-classification-only
2,727,0.2011,MTL-GAP-classification-only
2,728,0.1957,MTL-GAP-classification-only
2,729,0.1944,MTL-GAP-classification-only
2,730,0.1974,MTL-GAP-classification-only
2,731,0.1928,MTL-GAP-classification-only
2,732,0.2601,MTL-GAP-classification-only
2,733,0.3526,MTL-GAP-classification-only
2,734,0.3624,MTL-GAP-classification-only
2,735,0.3469,MTL-GAP-classification-only
2,736,0.2104,MTL-GAP-classification-only
2,737,0.2019,MTL-GAP-classification-only
2,738,0.2155,MTL-GAP-classification-only
2,739,0.2151,MTL-GAP-classification-only
2,740,0.2074,MTL-GAP-classification-only
2,741,0.1981,MTL-GAP-classification-only
2,742,0.1943,MTL-GAP-classification-only
2,743,0.1935,MTL-GAP-classification-only
2,744,0.2442,MTL-GAP-classification-only
2,745,0.2051,MTL-GAP-classification-only
2,746,0.1931,MTL-GAP-classification-only
2,747,0.1929,MTL-GAP-classification-only
2,748,0.1922,MTL-GAP-classification-only
2,749,0.2017,MTL-GAP-classification-only
2,750,0.1956,MTL-GAP-classification-only
2,751,0.1982,MTL-GAP-classification-only
2,752,0.1932,MTL-GAP-classification-only
2,753,0.1933,MTL-GAP-classification-only
2,754,0.1928,MTL-GAP-classification-only
2,755,0.1929,MTL-GAP-classification-only
2,756,0.1934,MTL-GAP-classification-only
2,757,0.2134,MTL-GAP-classification-only
2,758,0.2038,MTL-GAP-classification-only
2,759,0.1936,MTL-GAP-classification-only
2,760,0.3058,MTL-GAP-classification-only
2,761,0.313,MTL-GAP-classification-only
2,762,0.3716,MTL-GAP-classification-only
2,763,0.2909,MTL-GAP-classification-only
2,764,0.2916,MTL-GAP-classification-only
2,765,0.2184,MTL-GAP-classification-only
2,766,0.2076,MTL-GAP-classification-only
2,767,0.2772,MTL-GAP-classification-only
2,768,0.2824,MTL-GAP-classification-only
2,769,0.2945,MTL-GAP-classification-only
2,770,0.2079,MTL-GAP-classification-only
2,771,0.1958,MTL-GAP-classification-only
2,772,0.2012,MTL-GAP-classification-only
2,773,0.1963,MTL-GAP-classification-only
2,774,0.1936,MTL-GAP-classification-only
2,775,0.194,MTL-GAP-classification-only
2,776,0.1932,MTL-GAP-classification-only
2,777,0.1969,MTL-GAP-classification-only
2,778,0.1999,MTL-GAP-classification-only
2,779,0.193,MTL-GAP-classification-only
2,780,0.1925,MTL-GAP-classification-only
2,781,0.1922,MTL-GAP-classification-only
2,782,0.1921,MTL-GAP-classification-only
2,783,0.1999,MTL-GAP-classification-only
2,784,0.1928,MTL-GAP-classification-only
2,785,0.1915,MTL-GAP-classification-only
2,786,0.2907,MTL-GAP-classification-only
2,787,0.597,MTL-GAP-classification-only
2,788,0.4028,MTL-GAP-classification-only
2,789,0.2392,MTL-GAP-classification-only
2,790,0.2092,MTL-GAP-classification-only
2,791,0.2088,MTL-GAP-classification-only
2,792,0.2028,MTL-GAP-classification-only
2,793,0.2359,MTL-GAP-classification-only
2,794,0.2344,MTL-GAP-classification-only
2,795,0.2033,MTL-GAP-classification-only
2,796,0.1985,MTL-GAP-classification-only
2,797,0.1993,MTL-GAP-classification-only
2,798,0.1952,MTL-GAP-classification-only
2,799,0.2173,MTL-GAP-classification-only
2,800,0.1958,MTL-GAP-classification-only
2,801,0.218,MTL-GAP-classification-only
2,802,0.1953,MTL-GAP-classification-only
2,803,0.2375,MTL-GAP-classification-only
2,804,0.2521,MTL-GAP-classification-only
2,805,0.2092,MTL-GAP-classification-only
2,806,0.1976,MTL-GAP-classification-only
2,807,0.1945,MTL-GAP-classification-only
2,808,0.1933,MTL-GAP-classification-only
2,809,0.1927,MTL-GAP-classification-only
2,810,0.1923,MTL-GAP-classification-only
2,811,0.3172,MTL-GAP-classification-only
2,812,0.3539,MTL-GAP-classification-only
2,813,0.375,MTL-GAP-classification-only
2,814,0.2868,MTL-GAP-classification-only
2,815,0.2046,MTL-GAP-classification-only
2,816,0.2113,MTL-GAP-classification-only
2,817,0.2118,MTL-GAP-classification-only
2,818,0.3319,MTL-GAP-classification-only
2,819,0.3572,MTL-GAP-classification-only
2,820,0.2713,MTL-GAP-classification-only
2,821,0.2087,MTL-GAP-classification-only
2,822,0.196,MTL-GAP-classification-only
2,823,0.1956,MTL-GAP-classification-only
2,824,0.1939,MTL-GAP-classification-only
2,825,0.1936,MTL-GAP-classification-only
2,826,0.1988,MTL-GAP-classification-only
2,827,0.193,MTL-GAP-classification-only
2,828,0.201,MTL-GAP-classification-only
2,829,0.1931,MTL-GAP-classification-only
2,830,0.1921,MTL-GAP-classification-only
2,831,0.1979,MTL-GAP-classification-only
2,832,0.1982,MTL-GAP-classification-only
2,833,0.1942,MTL-GAP-classification-only
2,834,0.2097,MTL-GAP-classification-only
2,835,0.2058,MTL-GAP-classification-only
2,836,0.2105,MTL-GAP-classification-only
2,837,0.4023,MTL-GAP-classification-only
2,838,0.5016,MTL-GAP-classification-only
2,839,0.3597,MTL-GAP-classification-only
2,840,0.2465,MTL-GAP-classification-only
2,841,0.2042,MTL-GAP-classification-only
2,842,0.2098,MTL-GAP-classification-only
2,843,0.2167,MTL-GAP-classification-only
2,844,0.2178,MTL-GAP-classification-only
2,845,0.3046,MTL-GAP-classification-only
2,846,0.3596,MTL-GAP-classification-only
2,847,0.2141,MTL-GAP-classification-only
2,848,0.2109,MTL-GAP-classification-only
2,849,0.1967,MTL-GAP-classification-only
2,850,0.194,MTL-GAP-classification-only
2,851,0.1938,MTL-GAP-classification-only
2,852,0.2032,MTL-GAP-classification-only
2,853,0.5185,MTL-GAP-classification-only
2,854,0.3258,MTL-GAP-classification-only
2,855,0.2072,MTL-GAP-classification-only
2,856,0.208,MTL-GAP-classification-only
2,857,0.2069,MTL-GAP-classification-only
2,858,0.1963,MTL-GAP-classification-only
2,859,0.1955,MTL-GAP-classification-only
2,860,0.3327,MTL-GAP-classification-only
2,861,0.4169,MTL-GAP-classification-only
2,862,0.4045,MTL-GAP-classification-only
2,863,0.2746,MTL-GAP-classification-only
2,864,0.2031,MTL-GAP-classification-only
2,865,0.2112,MTL-GAP-classification-only
2,866,0.2049,MTL-GAP-classification-only
2,867,0.2673,MTL-GAP-classification-only
2,868,0.2164,MTL-GAP-classification-only
2,869,0.2057,MTL-GAP-classification-only
2,870,0.1959,MTL-GAP-classification-only
2,871,0.1946,MTL-GAP-classification-only
2,872,0.2006,MTL-GAP-classification-only
2,873,0.1949,MTL-GAP-classification-only
2,874,0.1927,MTL-GAP-classification-only
2,875,0.1944,MTL-GAP-classification-only
2,876,0.1973,MTL-GAP-classification-only
2,877,0.2006,MTL-GAP-classification-only
2,878,0.1946,MTL-GAP-classification-only
2,879,0.192,MTL-GAP-classification-only
2,880,0.1932,MTL-GAP-classification-only
2,881,0.1935,MTL-GAP-classification-only
2,882,0.2748,MTL-GAP-classification-only
2,883,0.1975,MTL-GAP-classification-only
2,884,0.2018,MTL-GAP-classification-only
2,885,0.1965,MTL-GAP-classification-only
2,886,0.2822,MTL-GAP-classification-only
2,887,0.4049,MTL-GAP-classification-only
2,888,0.41,MTL-GAP-classification-only
2,889,0.2263,MTL-GAP-classification-only
2,890,0.2015,MTL-GAP-classification-only
2,891,0.2313,MTL-GAP-classification-only
2,892,0.2541,MTL-GAP-classification-only
2,893,0.2035,MTL-GAP-classification-only
2,894,0.1979,MTL-GAP-classification-only
2,895,0.1989,MTL-GAP-classification-only
2,896,0.2021,MTL-GAP-classification-only
2,897,0.2012,MTL-GAP-classification-only
2,898,0.1951,MTL-GAP-classification-only
2,899,0.1927,MTL-GAP-classification-only
2,900,0.1935,MTL-GAP-classification-only
2,901,0.1982,MTL-GAP-classification-only
2,902,0.1952,MTL-GAP-classification-only
2,903,0.193,MTL-GAP-classification-only
2,904,0.1929,MTL-GAP-classification-only
2,905,0.1926,MTL-GAP-classification-only
2,906,0.1926,MTL-GAP-classification-only
2,907,0.1997,MTL-GAP-classification-only
2,908,0.1935,MTL-GAP-classification-only
2,909,0.1922,MTL-GAP-classification-only
2,910,0.1925,MTL-GAP-classification-only
2,911,0.1927,MTL-GAP-classification-only
2,912,0.214,MTL-GAP-classification-only
2,913,0.1946,MTL-GAP-classification-only
2,914,0.3099,MTL-GAP-classification-only
2,915,0.3087,MTL-GAP-classification-only
2,916,0.3651,MTL-GAP-classification-only
2,917,0.21,MTL-GAP-classification-only
2,918,0.1995,MTL-GAP-classification-only
2,919,0.2032,MTL-GAP-classification-only
2,920,0.476,MTL-GAP-classification-only
2,921,0.229,MTL-GAP-classification-only
2,922,0.2029,MTL-GAP-classification-only
2,923,0.1992,MTL-GAP-classification-only
2,924,0.2018,MTL-GAP-classification-only
2,925,0.1965,MTL-GAP-classification-only
2,926,0.1957,MTL-GAP-classification-only
2,927,0.2329,MTL-GAP-classification-only
2,928,0.2166,MTL-GAP-classification-only
2,929,0.1973,MTL-GAP-classification-only
2,930,0.2091,MTL-GAP-classification-only
2,931,0.226,MTL-GAP-classification-only
2,932,0.2624,MTL-GAP-classification-only
2,933,0.2046,MTL-GAP-classification-only
2,934,0.196,MTL-GAP-classification-only
2,935,0.1989,MTL-GAP-classification-only
2,936,0.2059,MTL-GAP-classification-only
2,937,0.2646,MTL-GAP-classification-only
2,938,0.2017,MTL-GAP-classification-only
2,939,0.1963,MTL-GAP-classification-only
2,940,0.3663,MTL-GAP-classification-only
2,941,0.2692,MTL-GAP-classification-only
2,942,0.3022,MTL-GAP-classification-only
2,943,0.326,MTL-GAP-classification-only
2,944,0.2435,MTL-GAP-classification-only
2,945,0.2073,MTL-GAP-classification-only
2,946,0.2145,MTL-GAP-classification-only
2,947,0.2123,MTL-GAP-classification-only
2,948,0.2053,MTL-GAP-classification-only
2,949,0.217,MTL-GAP-classification-only
2,950,0.216,MTL-GAP-classification-only
2,951,0.2137,MTL-GAP-classification-only
2,952,0.1955,MTL-GAP-classification-only
2,953,0.217,MTL-GAP-classification-only
2,954,0.2102,MTL-GAP-classification-only
2,955,0.1979,MTL-GAP-classification-only
2,956,0.1925,MTL-GAP-classification-only
2,957,0.1922,MTL-GAP-classification-only
2,958,0.2058,MTL-GAP-classification-only
2,959,0.2128,MTL-GAP-classification-only
2,960,0.2938,MTL-GAP-classification-only
2,961,0.3069,MTL-GAP-classification-only
2,962,0.2272,MTL-GAP-classification-only
2,963,0.1965,MTL-GAP-classification-only
2,964,0.194,MTL-GAP-classification-only
2,965,0.2101,MTL-GAP-classification-only
2,966,0.3338,MTL-GAP-classification-only
2,967,0.3634,MTL-GAP-classification-only
2,968,0.3397,MTL-GAP-classification-only
2,969,0.2292,MTL-GAP-classification-only
2,970,0.2136,MTL-GAP-classification-only
2,971,0.2118,MTL-GAP-classification-only
2,972,0.2043,MTL-GAP-classification-only
2,973,0.2192,MTL-GAP-classification-only
2,974,0.2215,MTL-GAP-classification-only
2,975,0.1964,MTL-GAP-classification-only
2,976,0.1952,MTL-GAP-classification-only
2,977,0.1939,MTL-GAP-classification-only
2,978,0.1931,MTL-GAP-classification-only
2,979,0.2201,MTL-GAP-classification-only
2,980,0.1964,MTL-GAP-classification-only
2,981,0.2022,MTL-GAP-classification-only
2,982,0.1955,MTL-GAP-classification-only
2,983,0.1939,MTL-GAP-classification-only
2,984,0.201,MTL-GAP-classification-only
2,985,0.1942,MTL-GAP-classification-only
2,986,0.1934,MTL-GAP-classification-only
2,987,0.1968,MTL-GAP-classification-only
2,988,0.1936,MTL-GAP-classification-only
2,989,0.3969,MTL-GAP-classification-only
2,990,0.4571,MTL-GAP-classification-only
2,991,0.5203,MTL-GAP-classification-only
2,992,0.4246,MTL-GAP-classification-only
2,993,0.3956,MTL-GAP-classification-only
2,994,0.2953,MTL-GAP-classification-only
2,995,0.2151,MTL-GAP-classification-only
2,996,0.2206,MTL-GAP-classification-only
2,997,0.231,MTL-GAP-classification-only
2,998,0.2138,MTL-GAP-classification-only
2,999,0.3229,MTL-GAP-classification-only
2,1000,0.2025,MTL-GAP-classification-only
3,1,0.2082,MTL-GAP-classification-only
3,2,0.2119,MTL-GAP-classification-only
3,3,0.1999,MTL-GAP-classification-only
3,4,0.1987,MTL-GAP-classification-only
3,5,0.194,MTL-GAP-classification-only
3,6,0.1931,MTL-GAP-classification-only
3,7,0.193,MTL-GAP-classification-only
3,8,0.1924,MTL-GAP-classification-only
3,9,0.1982,MTL-GAP-classification-only
3,10,0.1934,MTL-GAP-classification-only
3,11,0.1943,MTL-GAP-classification-only
3,12,0.202,MTL-GAP-classification-only
3,13,0.1932,MTL-GAP-classification-only
3,14,0.1936,MTL-GAP-classification-only
3,15,0.1933,MTL-GAP-classification-only
3,16,0.4453,MTL-GAP-classification-only
3,17,0.3349,MTL-GAP-classification-only
3,18,0.2993,MTL-GAP-classification-only
3,19,0.2448,MTL-GAP-classification-only
3,20,0.2103,MTL-GAP-classification-only
3,21,0.2011,MTL-GAP-classification-only
3,22,0.3506,MTL-GAP-classification-only
3,23,0.2314,MTL-GAP-classification-only
3,24,0.2047,MTL-GAP-classification-only
3,25,0.2471,MTL-GAP-classification-only
3,26,0.2224,MTL-GAP-classification-only
3,27,0.1976,MTL-GAP-classification-only
3,28,0.1951,MTL-GAP-classification-only
3,29,0.2043,MTL-GAP-classification-only
3,30,0.1951,MTL-GAP-classification-only
3,31,0.1938,MTL-GAP-classification-only
3,32,0.1933,MTL-GAP-classification-only
3,33,0.193,MTL-GAP-classification-only
3,34,0.1935,MTL-GAP-classification-only
3,35,0.193,MTL-GAP-classification-only
3,36,0.1935,MTL-GAP-classification-only
3,37,0.1933,MTL-GAP-classification-only
3,38,0.1931,MTL-GAP-classification-only
3,39,0.1948,MTL-GAP-classification-only
3,40,0.2034,MTL-GAP-classification-only
3,41,0.2028,MTL-GAP-classification-only
3,42,0.213,MTL-GAP-classification-only
3,43,0.3077,MTL-GAP-classification-only
3,44,0.3326,MTL-GAP-classification-only
3,45,0.366,MTL-GAP-classification-only
3,46,0.2557,MTL-GAP-classification-only
3,47,0.2211,MTL-GAP-classification-only
3,48,0.2087,MTL-GAP-classification-only
3,49,0.2071,MTL-GAP-classification-only
3,50,0.2025,MTL-GAP-classification-only
3,51,0.1998,MTL-GAP-classification-only
3,52,0.1949,MTL-GAP-classification-only
3,53,0.1933,MTL-GAP-classification-only
3,54,0.1969,MTL-GAP-classification-only
3,55,0.1934,MTL-GAP-classification-only
3,56,0.1932,MTL-GAP-classification-only
3,57,0.2064,MTL-GAP-classification-only
3,58,0.1936,MTL-GAP-classification-only
3,59,0.1929,MTL-GAP-classification-only
3,60,0.1917,MTL-GAP-classification-only
3,61,0.1923,MTL-GAP-classification-only
3,62,0.1919,MTL-GAP-classification-only
3,63,0.197,MTL-GAP-classification-only
3,64,0.1934,MTL-GAP-classification-only
3,65,0.1936,MTL-GAP-classification-only
3,66,0.1931,MTL-GAP-classification-only
3,67,0.1991,MTL-GAP-classification-only
3,68,0.1949,MTL-GAP-classification-only
3,69,0.1927,MTL-GAP-classification-only
3,70,0.1932,MTL-GAP-classification-only
3,71,0.2703,MTL-GAP-classification-only
3,72,0.2951,MTL-GAP-classification-only
3,73,0.3346,MTL-GAP-classification-only
3,74,0.2456,MTL-GAP-classification-only
3,75,0.2024,MTL-GAP-classification-only
3,76,0.2116,MTL-GAP-classification-only
3,77,0.2017,MTL-GAP-classification-only
3,78,0.2103,MTL-GAP-classification-only
3,79,0.2044,MTL-GAP-classification-only
3,80,0.194,MTL-GAP-classification-only
3,81,0.1966,MTL-GAP-classification-only
3,82,0.4372,MTL-GAP-classification-only
3,83,0.2477,MTL-GAP-classification-only
3,84,0.2092,MTL-GAP-classification-only
3,85,0.2042,MTL-GAP-classification-only
3,86,0.2288,MTL-GAP-classification-only
3,87,0.2905,MTL-GAP-classification-only
3,88,0.3043,MTL-GAP-classification-only
3,89,0.2331,MTL-GAP-classification-only
3,90,0.2087,MTL-GAP-classification-only
3,91,0.1967,MTL-GAP-classification-only
3,92,0.1933,MTL-GAP-classification-only
3,93,0.1926,MTL-GAP-classification-only
3,94,0.1929,MTL-GAP-classification-only
3,95,0.1935,MTL-GAP-classification-only
3,96,0.193,MTL-GAP-classification-only
3,97,0.3167,MTL-GAP-classification-only
3,98,0.3834,MTL-GAP-classification-only
3,99,0.4199,MTL-GAP-classification-only
3,100,0.2588,MTL-GAP-classification-only
3,101,0.2076,MTL-GAP-classification-only
3,102,0.2052,MTL-GAP-classification-only
3,103,0.2043,MTL-GAP-classification-only
3,104,0.2201,MTL-GAP-classification-only
3,105,0.2281,MTL-GAP-classification-only
3,106,0.2087,MTL-GAP-classification-only
3,107,0.2918,MTL-GAP-classification-only
3,108,0.3003,MTL-GAP-classification-only
3,109,0.2199,MTL-GAP-classification-only
3,110,0.1963,MTL-GAP-classification-only
3,111,0.1955,MTL-GAP-classification-only
3,112,0.1948,MTL-GAP-classification-only
3,113,0.1939,MTL-GAP-classification-only
3,114,0.2069,MTL-GAP-classification-only
3,115,0.1958,MTL-GAP-classification-only
3,116,0.1936,MTL-GAP-classification-only
3,117,0.1931,MTL-GAP-classification-only
3,118,0.1935,MTL-GAP-classification-only
3,119,0.196,MTL-GAP-classification-only
3,120,0.1983,MTL-GAP-classification-only
3,121,0.3368,MTL-GAP-classification-only
3,122,0.3351,MTL-GAP-classification-only
3,123,0.5175,MTL-GAP-classification-only
3,124,0.361,MTL-GAP-classification-only
3,125,0.2205,MTL-GAP-classification-only
3,126,0.2213,MTL-GAP-classification-only
3,127,0.3017,MTL-GAP-classification-only
3,128,0.2887,MTL-GAP-classification-only
3,129,0.3424,MTL-GAP-classification-only
3,130,0.2511,MTL-GAP-classification-only
3,131,0.1975,MTL-GAP-classification-only
3,132,0.1958,MTL-GAP-classification-only
3,133,0.1957,MTL-GAP-classification-only
3,134,0.1972,MTL-GAP-classification-only
3,135,0.1952,MTL-GAP-classification-only
3,136,0.1935,MTL-GAP-classification-only
3,137,0.1931,MTL-GAP-classification-only
3,138,0.2009,MTL-GAP-classification-only
3,139,0.196,MTL-GAP-classification-only
3,140,0.1934,MTL-GAP-classification-only
3,141,0.1944,MTL-GAP-classification-only
3,142,0.1928,MTL-GAP-classification-only
3,143,0.1926,MTL-GAP-classification-only
3,144,0.1933,MTL-GAP-classification-only
3,145,0.1947,MTL-GAP-classification-only
3,146,0.1954,MTL-GAP-classification-only
3,147,0.1945,MTL-GAP-classification-only
3,148,0.39,MTL-GAP-classification-only
3,149,0.4791,MTL-GAP-classification-only
3,150,0.452,MTL-GAP-classification-only
3,151,0.2436,MTL-GAP-classification-only
3,152,0.2194,MTL-GAP-classification-only
3,153,0.2196,MTL-GAP-classification-only
3,154,0.2168,MTL-GAP-classification-only
3,155,0.2103,MTL-GAP-classification-only
3,156,0.2214,MTL-GAP-classification-only
3,157,0.207,MTL-GAP-classification-only
3,158,0.1955,MTL-GAP-classification-only
3,159,0.1931,MTL-GAP-classification-only
3,160,0.1936,MTL-GAP-classification-only
3,161,0.1939,MTL-GAP-classification-only
3,162,0.1925,MTL-GAP-classification-only
3,163,0.1933,MTL-GAP-classification-only
3,164,0.1952,MTL-GAP-classification-only
3,165,0.1938,MTL-GAP-classification-only
3,166,0.2022,MTL-GAP-classification-only
3,167,0.194,MTL-GAP-classification-only
3,168,0.193,MTL-GAP-classification-only
3,169,0.1942,MTL-GAP-classification-only
3,170,0.1923,MTL-GAP-classification-only
3,171,0.2082,MTL-GAP-classification-only
3,172,0.2327,MTL-GAP-classification-only
3,173,0.2032,MTL-GAP-classification-only
3,174,0.3768,MTL-GAP-classification-only
3,175,0.3995,MTL-GAP-classification-only
3,176,0.3142,MTL-GAP-classification-only
3,177,0.2082,MTL-GAP-classification-only
3,178,0.1996,MTL-GAP-classification-only
3,179,0.2018,MTL-GAP-classification-only
3,180,0.2081,MTL-GAP-classification-only
3,181,0.2012,MTL-GAP-classification-only
3,182,0.1967,MTL-GAP-classification-only
3,183,0.2068,MTL-GAP-classification-only
3,184,0.1962,MTL-GAP-classification-only
3,185,0.1933,MTL-GAP-classification-only
3,186,0.1935,MTL-GAP-classification-only
3,187,0.1928,MTL-GAP-classification-only
3,188,0.1975,MTL-GAP-classification-only
3,189,0.192,MTL-GAP-classification-only
3,190,0.1928,MTL-GAP-classification-only
3,191,0.192,MTL-GAP-classification-only
3,192,0.1925,MTL-GAP-classification-only
3,193,0.2023,MTL-GAP-classification-only
3,194,0.195,MTL-GAP-classification-only
3,195,0.195,MTL-GAP-classification-only
3,196,0.1997,MTL-GAP-classification-only
3,197,0.1941,MTL-GAP-classification-only
3,198,0.1933,MTL-GAP-classification-only
3,199,0.1925,MTL-GAP-classification-only
3,200,0.1923,MTL-GAP-classification-only
3,201,0.1925,MTL-GAP-classification-only
3,202,0.3383,MTL-GAP-classification-only
3,203,0.3419,MTL-GAP-classification-only
3,204,0.2926,MTL-GAP-classification-only
3,205,0.2079,MTL-GAP-classification-only
3,206,0.1989,MTL-GAP-classification-only
3,207,0.2001,MTL-GAP-classification-only
3,208,0.1982,MTL-GAP-classification-only
3,209,0.2057,MTL-GAP-classification-only
3,210,0.2072,MTL-GAP-classification-only
3,211,0.1946,MTL-GAP-classification-only
3,212,0.1997,MTL-GAP-classification-only
3,213,0.1968,MTL-GAP-classification-only
3,214,0.2015,MTL-GAP-classification-only
3,215,0.2097,MTL-GAP-classification-only
3,216,0.1962,MTL-GAP-classification-only
3,217,0.1933,MTL-GAP-classification-only
3,218,0.1927,MTL-GAP-classification-only
3,219,0.1933,MTL-GAP-classification-only
3,220,0.1928,MTL-GAP-classification-only
3,221,0.2006,MTL-GAP-classification-only
3,222,0.333,MTL-GAP-classification-only
3,223,0.2001,MTL-GAP-classification-only
3,224,0.212,MTL-GAP-classification-only
3,225,0.1943,MTL-GAP-classification-only
3,226,0.1925,MTL-GAP-classification-only
3,227,0.1942,MTL-GAP-classification-only
3,228,0.1942,MTL-GAP-classification-only
3,229,0.194,MTL-GAP-classification-only
3,230,0.3606,MTL-GAP-classification-only
3,231,0.3324,MTL-GAP-classification-only
3,232,0.3317,MTL-GAP-classification-only
3,233,0.2153,MTL-GAP-classification-only
3,234,0.1996,MTL-GAP-classification-only
3,235,0.2027,MTL-GAP-classification-only
3,236,0.222,MTL-GAP-classification-only
3,237,0.3029,MTL-GAP-classification-only
3,238,0.269,MTL-GAP-classification-only
3,239,0.2155,MTL-GAP-classification-only
3,240,0.1979,MTL-GAP-classification-only
3,241,0.1957,MTL-GAP-classification-only
3,242,0.1927,MTL-GAP-classification-only
3,243,0.1955,MTL-GAP-classification-only
3,244,0.1944,MTL-GAP-classification-only
3,245,0.1929,MTL-GAP-classification-only
3,246,0.1926,MTL-GAP-classification-only
3,247,0.1929,MTL-GAP-classification-only
3,248,0.203,MTL-GAP-classification-only
3,249,0.1946,MTL-GAP-classification-only
3,250,0.193,MTL-GAP-classification-only
3,251,0.1928,MTL-GAP-classification-only
3,252,0.1932,MTL-GAP-classification-only
3,253,0.193,MTL-GAP-classification-only
3,254,0.1933,MTL-GAP-classification-only
3,255,0.193,MTL-GAP-classification-only
3,256,0.1924,MTL-GAP-classification-only
3,257,0.2749,MTL-GAP-classification-only
3,258,0.3579,MTL-GAP-classification-only
3,259,0.406,MTL-GAP-classification-only
3,260,0.3085,MTL-GAP-classification-only
3,261,0.2355,MTL-GAP-classification-only
3,262,0.2135,MTL-GAP-classification-only
3,263,0.2165,MTL-GAP-classification-only
3,264,0.2164,MTL-GAP-classification-only
3,265,0.2187,MTL-GAP-classification-only
3,266,0.199,MTL-GAP-classification-only
3,267,0.1947,MTL-GAP-classification-only
3,268,0.1939,MTL-GAP-classification-only
3,269,0.1932,MTL-GAP-classification-only
3,270,0.1936,MTL-GAP-classification-only
3,271,0.1943,MTL-GAP-classification-only
3,272,0.1938,MTL-GAP-classification-only
3,273,0.1931,MTL-GAP-classification-only
3,274,0.1975,MTL-GAP-classification-only
3,275,0.2035,MTL-GAP-classification-only
3,276,0.1949,MTL-GAP-classification-only
3,277,0.1935,MTL-GAP-classification-only
3,278,0.1941,MTL-GAP-classification-only
3,279,0.1936,MTL-GAP-classification-only
3,280,0.1936,MTL-GAP-classification-only
3,281,0.1932,MTL-GAP-classification-only
3,282,0.1931,MTL-GAP-classification-only
3,283,0.1943,MTL-GAP-classification-only
3,284,0.2688,MTL-GAP-classification-only
3,285,0.3262,MTL-GAP-classification-only
3,286,0.4237,MTL-GAP-classification-only
3,287,0.2891,MTL-GAP-classification-only
3,288,0.2221,MTL-GAP-classification-only
3,289,0.2067,MTL-GAP-classification-only
3,290,0.5197,MTL-GAP-classification-only
3,291,0.2839,MTL-GAP-classification-only
3,292,0.2929,MTL-GAP-classification-only
3,293,0.212,MTL-GAP-classification-only
3,294,0.1983,MTL-GAP-classification-only
3,295,0.1992,MTL-GAP-classification-only
3,296,0.2319,MTL-GAP-classification-only
3,297,0.2027,MTL-GAP-classification-only
3,298,0.1986,MTL-GAP-classification-only
3,299,0.2236,MTL-GAP-classification-only
3,300,0.2339,MTL-GAP-classification-only
3,301,0.2786,MTL-GAP-classification-only
3,302,0.2269,MTL-GAP-classification-only
3,303,0.2379,MTL-GAP-classification-only
3,304,0.4524,MTL-GAP-classification-only
3,305,0.303,MTL-GAP-classification-only
3,306,0.4523,MTL-GAP-classification-only
3,307,0.4168,MTL-GAP-classification-only
3,308,0.4747,MTL-GAP-classification-only
3,309,0.282,MTL-GAP-classification-only
3,310,0.2121,MTL-GAP-classification-only
3,311,0.2209,MTL-GAP-classification-only
3,312,0.3576,MTL-GAP-classification-only
3,313,0.3512,MTL-GAP-classification-only
3,314,0.3314,MTL-GAP-classification-only
3,315,0.3308,MTL-GAP-classification-only
3,316,0.3363,MTL-GAP-classification-only
3,317,0.3167,MTL-GAP-classification-only
3,318,0.2605,MTL-GAP-classification-only
3,319,0.2187,MTL-GAP-classification-only
3,320,0.2081,MTL-GAP-classification-only
3,321,0.2026,MTL-GAP-classification-only
3,322,0.2037,MTL-GAP-classification-only
3,323,0.2169,MTL-GAP-classification-only
3,324,0.2038,MTL-GAP-classification-only
3,325,0.2787,MTL-GAP-classification-only
3,326,0.2878,MTL-GAP-classification-only
3,327,0.7074,MTL-GAP-classification-only
3,328,0.4479,MTL-GAP-classification-only
3,329,0.3457,MTL-GAP-classification-only
3,330,0.2464,MTL-GAP-classification-only
3,331,0.3262,MTL-GAP-classification-only
3,332,0.2186,MTL-GAP-classification-only
3,333,0.2063,MTL-GAP-classification-only
3,334,0.2317,MTL-GAP-classification-only
3,335,0.3547,MTL-GAP-classification-only
3,336,0.2989,MTL-GAP-classification-only
3,337,0.2901,MTL-GAP-classification-only
3,338,0.2031,MTL-GAP-classification-only
3,339,0.2052,MTL-GAP-classification-only
3,340,0.1939,MTL-GAP-classification-only
3,341,0.1933,MTL-GAP-classification-only
3,342,0.194,MTL-GAP-classification-only
3,343,0.1953,MTL-GAP-classification-only
3,344,0.3438,MTL-GAP-classification-only
3,345,0.2223,MTL-GAP-classification-only
3,346,0.2067,MTL-GAP-classification-only
3,347,0.2073,MTL-GAP-classification-only
3,348,0.1978,MTL-GAP-classification-only
3,349,0.2214,MTL-GAP-classification-only
3,350,0.2578,MTL-GAP-classification-only
3,351,0.4449,MTL-GAP-classification-only
3,352,0.4471,MTL-GAP-classification-only
3,353,0.3737,MTL-GAP-classification-only
3,354,0.3347,MTL-GAP-classification-only
3,355,0.2825,MTL-GAP-classification-only
3,356,0.1988,MTL-GAP-classification-only
3,357,0.1962,MTL-GAP-classification-only
3,358,0.2021,MTL-GAP-classification-only
3,359,0.1951,MTL-GAP-classification-only
3,360,0.1935,MTL-GAP-classification-only
3,361,0.1946,MTL-GAP-classification-only
3,362,0.1974,MTL-GAP-classification-only
3,363,0.2012,MTL-GAP-classification-only
3,364,0.193,MTL-GAP-classification-only
3,365,0.1925,MTL-GAP-classification-only
3,366,0.1924,MTL-GAP-classification-only
3,367,0.1916,MTL-GAP-classification-only
3,368,0.1996,MTL-GAP-classification-only
3,369,0.2009,MTL-GAP-classification-only
3,370,0.1914,MTL-GAP-classification-only
3,371,0.1914,MTL-GAP-classification-only
3,372,0.1911,MTL-GAP-classification-only
3,373,0.2075,MTL-GAP-classification-only
3,374,0.225,MTL-GAP-classification-only
3,375,0.3542,MTL-GAP-classification-only
3,376,0.3082,MTL-GAP-classification-only
3,377,0.356,MTL-GAP-classification-only
3,378,0.2247,MTL-GAP-classification-only
3,379,0.2042,MTL-GAP-classification-only
3,380,0.2081,MTL-GAP-classification-only
3,381,0.1985,MTL-GAP-classification-only
3,382,0.1938,MTL-GAP-classification-only
3,383,0.2021,MTL-GAP-classification-only
3,384,0.1944,MTL-GAP-classification-only
3,385,0.193,MTL-GAP-classification-only
3,386,0.2055,MTL-GAP-classification-only
3,387,0.1938,MTL-GAP-classification-only
3,388,0.1987,MTL-GAP-classification-only
3,389,0.1946,MTL-GAP-classification-only
3,390,0.1939,MTL-GAP-classification-only
3,391,0.1936,MTL-GAP-classification-only
3,392,0.1928,MTL-GAP-classification-only
3,393,0.2029,MTL-GAP-classification-only
3,394,0.2001,MTL-GAP-classification-only
3,395,0.1925,MTL-GAP-classification-only
3,396,0.192,MTL-GAP-classification-only
3,397,0.1919,MTL-GAP-classification-only
3,398,0.1975,MTL-GAP-classification-only
3,399,0.194,MTL-GAP-classification-only
3,400,0.1965,MTL-GAP-classification-only
3,401,0.1925,MTL-GAP-classification-only
3,402,0.1923,MTL-GAP-classification-only
3,403,0.3167,MTL-GAP-classification-only
3,404,0.3169,MTL-GAP-classification-only
3,405,0.3575,MTL-GAP-classification-only
3,406,0.2627,MTL-GAP-classification-only
3,407,0.2118,MTL-GAP-classification-only
3,408,0.2097,MTL-GAP-classification-only
3,409,0.2089,MTL-GAP-classification-only
3,410,0.1986,MTL-GAP-classification-only
3,411,0.398,MTL-GAP-classification-only
3,412,0.2368,MTL-GAP-classification-only
3,413,0.2358,MTL-GAP-classification-only
3,414,0.2168,MTL-GAP-classification-only
3,415,0.1975,MTL-GAP-classification-only
3,416,0.1975,MTL-GAP-classification-only
3,417,0.2153,MTL-GAP-classification-only
3,418,0.1944,MTL-GAP-classification-only
3,419,0.1919,MTL-GAP-classification-only
3,420,0.1926,MTL-GAP-classification-only
3,421,0.2066,MTL-GAP-classification-only
3,422,0.2406,MTL-GAP-classification-only
3,423,0.2315,MTL-GAP-classification-only
3,424,0.1991,MTL-GAP-classification-only
3,425,0.1939,MTL-GAP-classification-only
3,426,0.1926,MTL-GAP-classification-only
3,427,0.2034,MTL-GAP-classification-only
3,428,0.1941,MTL-GAP-classification-only
3,429,0.3277,MTL-GAP-classification-only
3,430,0.3923,MTL-GAP-classification-only
3,431,0.4958,MTL-GAP-classification-only
3,432,0.3035,MTL-GAP-classification-only
3,433,0.2135,MTL-GAP-classification-only
3,434,0.2154,MTL-GAP-classification-only
3,435,0.2243,MTL-GAP-classification-only
3,436,0.212,MTL-GAP-classification-only
3,437,0.1996,MTL-GAP-classification-only
3,438,0.1952,MTL-GAP-classification-only
3,439,0.1941,MTL-GAP-classification-only
3,440,0.1994,MTL-GAP-classification-only
3,441,0.1959,MTL-GAP-classification-only
3,442,0.2003,MTL-GAP-classification-only
3,443,0.1923,MTL-GAP-classification-only
3,444,0.1916,MTL-GAP-classification-only
3,445,0.196,MTL-GAP-classification-only
3,446,0.1945,MTL-GAP-classification-only
3,447,0.1923,MTL-GAP-classification-only
3,448,0.192,MTL-GAP-classification-only
3,449,0.1943,MTL-GAP-classification-only
3,450,0.1925,MTL-GAP-classification-only
3,451,0.1991,MTL-GAP-classification-only
3,452,0.192,MTL-GAP-classification-only
3,453,0.1927,MTL-GAP-classification-only
3,454,0.1974,MTL-GAP-classification-only
3,455,0.2163,MTL-GAP-classification-only
3,456,0.3496,MTL-GAP-classification-only
3,457,0.3431,MTL-GAP-classification-only
3,458,0.3041,MTL-GAP-classification-only
3,459,0.2637,MTL-GAP-classification-only
3,460,0.2075,MTL-GAP-classification-only
3,461,0.2357,MTL-GAP-classification-only
3,462,0.2258,MTL-GAP-classification-only
3,463,0.2064,MTL-GAP-classification-only
3,464,0.198,MTL-GAP-classification-only
3,465,0.2329,MTL-GAP-classification-only
3,466,0.2047,MTL-GAP-classification-only
3,467,0.1936,MTL-GAP-classification-only
3,468,0.196,MTL-GAP-classification-only
3,469,0.199,MTL-GAP-classification-only
3,470,0.2483,MTL-GAP-classification-only
3,471,0.1965,MTL-GAP-classification-only
3,472,0.1927,MTL-GAP-classification-only
3,473,0.1922,MTL-GAP-classification-only
3,474,0.1918,MTL-GAP-classification-only
3,475,0.1999,MTL-GAP-classification-only
3,476,0.1946,MTL-GAP-classification-only
3,477,0.1939,MTL-GAP-classification-only
3,478,0.1929,MTL-GAP-classification-only
3,479,0.1933,MTL-GAP-classification-only
3,480,0.3812,MTL-GAP-classification-only
3,481,0.2357,MTL-GAP-classification-only
3,482,0.3292,MTL-GAP-classification-only
3,483,0.2928,MTL-GAP-classification-only
3,484,0.2815,MTL-GAP-classification-only
3,485,0.3567,MTL-GAP-classification-only
3,486,0.2234,MTL-GAP-classification-only
3,487,0.2209,MTL-GAP-classification-only
3,488,0.2106,MTL-GAP-classification-only
3,489,0.2059,MTL-GAP-classification-only
3,490,0.1992,MTL-GAP-classification-only
3,491,0.2026,MTL-GAP-classification-only
3,492,0.1963,MTL-GAP-classification-only
3,493,0.1931,MTL-GAP-classification-only
3,494,0.193,MTL-GAP-classification-only
3,495,0.1937,MTL-GAP-classification-only
3,496,0.1946,MTL-GAP-classification-only
3,497,0.2018,MTL-GAP-classification-only
3,498,0.194,MTL-GAP-classification-only
3,499,0.1934,MTL-GAP-classification-only
3,500,0.1937,MTL-GAP-classification-only
3,501,0.1963,MTL-GAP-classification-only
3,502,0.2003,MTL-GAP-classification-only
3,503,0.1933,MTL-GAP-classification-only
3,504,0.1928,MTL-GAP-classification-only
3,505,0.1928,MTL-GAP-classification-only
3,506,0.1922,MTL-GAP-classification-only
3,507,0.2148,MTL-GAP-classification-only
3,508,0.1948,MTL-GAP-classification-only
3,509,0.2092,MTL-GAP-classification-only
3,510,0.3526,MTL-GAP-classification-only
3,511,0.3921,MTL-GAP-classification-only
3,512,0.3411,MTL-GAP-classification-only
3,513,0.2084,MTL-GAP-classification-only
3,514,0.1988,MTL-GAP-classification-only
3,515,0.2108,MTL-GAP-classification-only
3,516,0.2116,MTL-GAP-classification-only
3,517,0.2084,MTL-GAP-classification-only
3,518,0.1981,MTL-GAP-classification-only
3,519,0.1932,MTL-GAP-classification-only
3,520,0.193,MTL-GAP-classification-only
3,521,0.1945,MTL-GAP-classification-only
3,522,0.2019,MTL-GAP-classification-only
3,523,0.1938,MTL-GAP-classification-only
3,524,0.1934,MTL-GAP-classification-only
3,525,0.1928,MTL-GAP-classification-only
3,526,0.193,MTL-GAP-classification-only
3,527,0.1994,MTL-GAP-classification-only
3,528,0.1927,MTL-GAP-classification-only
3,529,0.1945,MTL-GAP-classification-only
3,530,0.1946,MTL-GAP-classification-only
3,531,0.1931,MTL-GAP-classification-only
3,532,0.2,MTL-GAP-classification-only
3,533,0.1929,MTL-GAP-classification-only
3,534,0.1942,MTL-GAP-classification-only
3,535,0.1941,MTL-GAP-classification-only
3,536,0.1932,MTL-GAP-classification-only
3,537,0.3117,MTL-GAP-classification-only
3,538,0.336,MTL-GAP-classification-only
3,539,0.3552,MTL-GAP-classification-only
3,540,0.2587,MTL-GAP-classification-only
3,541,0.2023,MTL-GAP-classification-only
3,542,0.2015,MTL-GAP-classification-only
3,543,0.2063,MTL-GAP-classification-only
3,544,0.206,MTL-GAP-classification-only
3,545,0.2007,MTL-GAP-classification-only
3,546,0.1954,MTL-GAP-classification-only
3,547,0.2079,MTL-GAP-classification-only
3,548,0.2824,MTL-GAP-classification-only
3,549,0.3253,MTL-GAP-classification-only
3,550,0.2298,MTL-GAP-classification-only
3,551,0.4163,MTL-GAP-classification-only
3,552,0.2117,MTL-GAP-classification-only
3,553,0.1968,MTL-GAP-classification-only
3,554,0.2109,MTL-GAP-classification-only
3,555,0.2165,MTL-GAP-classification-only
3,556,0.2017,MTL-GAP-classification-only
3,557,0.194,MTL-GAP-classification-only
3,558,0.2639,MTL-GAP-classification-only
3,559,0.3054,MTL-GAP-classification-only
3,560,0.2023,MTL-GAP-classification-only
3,561,0.1953,MTL-GAP-classification-only
3,562,0.2571,MTL-GAP-classification-only
3,563,0.3602,MTL-GAP-classification-only
3,564,0.3924,MTL-GAP-classification-only
3,565,0.3667,MTL-GAP-classification-only
3,566,0.3875,MTL-GAP-classification-only
3,567,0.2828,MTL-GAP-classification-only
3,568,0.2199,MTL-GAP-classification-only
3,569,0.236,MTL-GAP-classification-only
3,570,0.2153,MTL-GAP-classification-only
3,571,0.2026,MTL-GAP-classification-only
3,572,0.1995,MTL-GAP-classification-only
3,573,0.1934,MTL-GAP-classification-only
3,574,0.2006,MTL-GAP-classification-only
3,575,0.1933,MTL-GAP-classification-only
3,576,0.1927,MTL-GAP-classification-only
3,577,0.1931,MTL-GAP-classification-only
3,578,0.1924,MTL-GAP-classification-only
3,579,0.2005,MTL-GAP-classification-only
3,580,0.1935,MTL-GAP-classification-only
3,581,0.1916,MTL-GAP-classification-only
3,582,0.1927,MTL-GAP-classification-only
3,583,0.192,MTL-GAP-classification-only
3,584,0.1977,MTL-GAP-classification-only
3,585,0.1938,MTL-GAP-classification-only
3,586,0.1943,MTL-GAP-classification-only
3,587,0.1943,MTL-GAP-classification-only
3,588,0.289,MTL-GAP-classification-only
3,589,0.343,MTL-GAP-classification-only
3,590,0.3734,MTL-GAP-classification-only
3,591,0.2332,MTL-GAP-classification-only
3,592,0.2696,MTL-GAP-classification-only
3,593,0.2127,MTL-GAP-classification-only
3,594,0.2127,MTL-GAP-classification-only
3,595,0.222,MTL-GAP-classification-only
3,596,0.2786,MTL-GAP-classification-only
3,597,0.2838,MTL-GAP-classification-only
3,598,0.284,MTL-GAP-classification-only
3,599,0.2132,MTL-GAP-classification-only
3,600,0.1977,MTL-GAP-classification-only
3,601,0.3111,MTL-GAP-classification-only
3,602,0.3333,MTL-GAP-classification-only
3,603,0.2051,MTL-GAP-classification-only
3,604,0.2012,MTL-GAP-classification-only
3,605,0.1967,MTL-GAP-classification-only
3,606,0.2026,MTL-GAP-classification-only
3,607,0.1961,MTL-GAP-classification-only
3,608,0.1929,MTL-GAP-classification-only
3,609,0.1984,MTL-GAP-classification-only
3,610,0.1915,MTL-GAP-classification-only
3,611,0.192,MTL-GAP-classification-only
3,612,0.1953,MTL-GAP-classification-only
3,613,0.2674,MTL-GAP-classification-only
3,614,0.3436,MTL-GAP-classification-only
3,615,0.5583,MTL-GAP-classification-only
3,616,0.2729,MTL-GAP-classification-only
3,617,0.2129,MTL-GAP-classification-only
3,618,0.2172,MTL-GAP-classification-only
3,619,0.2532,MTL-GAP-classification-only
3,620,0.2133,MTL-GAP-classification-only
3,621,0.2041,MTL-GAP-classification-only
3,622,0.2039,MTL-GAP-classification-only
3,623,0.2148,MTL-GAP-classification-only
3,624,0.2261,MTL-GAP-classification-only
3,625,0.2028,MTL-GAP-classification-only
3,626,0.1938,MTL-GAP-classification-only
3,627,0.1939,MTL-GAP-classification-only
3,628,0.2135,MTL-GAP-classification-only
3,629,0.1985,MTL-GAP-classification-only
3,630,0.1934,MTL-GAP-classification-only
3,631,0.192,MTL-GAP-classification-only
3,632,0.192,MTL-GAP-classification-only
3,633,0.193,MTL-GAP-classification-only
3,634,0.2012,MTL-GAP-classification-only
3,635,0.2101,MTL-GAP-classification-only
3,636,0.2102,MTL-GAP-classification-only
3,637,0.1941,MTL-GAP-classification-only
3,638,0.1933,MTL-GAP-classification-only
3,639,0.2454,MTL-GAP-classification-only
3,640,0.4298,MTL-GAP-classification-only
3,641,0.3734,MTL-GAP-classification-only
3,642,0.2973,MTL-GAP-classification-only
3,643,0.2096,MTL-GAP-classification-only
3,644,0.2032,MTL-GAP-classification-only
3,645,0.2395,MTL-GAP-classification-only
3,646,0.2126,MTL-GAP-classification-only
3,647,0.1984,MTL-GAP-classification-only
3,648,0.1955,MTL-GAP-classification-only
3,649,0.1939,MTL-GAP-classification-only
3,650,0.2219,MTL-GAP-classification-only
3,651,0.2158,MTL-GAP-classification-only
3,652,0.1964,MTL-GAP-classification-only
3,653,0.1944,MTL-GAP-classification-only
3,654,0.2014,MTL-GAP-classification-only
3,655,0.199,MTL-GAP-classification-only
3,656,0.1987,MTL-GAP-classification-only
3,657,0.4032,MTL-GAP-classification-only
3,658,0.2023,MTL-GAP-classification-only
3,659,0.1982,MTL-GAP-classification-only
3,660,0.2024,MTL-GAP-classification-only
3,661,0.1973,MTL-GAP-classification-only
3,662,0.1943,MTL-GAP-classification-only
3,663,0.2458,MTL-GAP-classification-only
3,664,0.2235,MTL-GAP-classification-only
3,665,0.2502,MTL-GAP-classification-only
3,666,0.3451,MTL-GAP-classification-only
3,667,0.3731,MTL-GAP-classification-only
3,668,0.276,MTL-GAP-classification-only
3,669,0.2041,MTL-GAP-classification-only
3,670,0.2103,MTL-GAP-classification-only
3,671,0.2048,MTL-GAP-classification-only
3,672,0.2111,MTL-GAP-classification-only
3,673,0.2213,MTL-GAP-classification-only
3,674,0.2012,MTL-GAP-classification-only
3,675,0.194,MTL-GAP-classification-only
3,676,0.1985,MTL-GAP-classification-only
3,677,0.2145,MTL-GAP-classification-only
3,678,0.2176,MTL-GAP-classification-only
3,679,0.1945,MTL-GAP-classification-only
3,680,0.1923,MTL-GAP-classification-only
3,681,0.1923,MTL-GAP-classification-only
3,682,0.1926,MTL-GAP-classification-only
3,683,0.5605,MTL-GAP-classification-only
3,684,0.33,MTL-GAP-classification-only
3,685,0.2708,MTL-GAP-classification-only
3,686,0.1974,MTL-GAP-classification-only
3,687,0.1964,MTL-GAP-classification-only
3,688,0.1956,MTL-GAP-classification-only
3,689,0.3615,MTL-GAP-classification-only
3,690,0.474,MTL-GAP-classification-only
3,691,0.4898,MTL-GAP-classification-only
3,692,0.3039,MTL-GAP-classification-only
3,693,0.2822,MTL-GAP-classification-only
3,694,0.2127,MTL-GAP-classification-only
3,695,0.2117,MTL-GAP-classification-only
3,696,0.2276,MTL-GAP-classification-only
3,697,0.3111,MTL-GAP-classification-only
3,698,0.2927,MTL-GAP-classification-only
3,699,0.2574,MTL-GAP-classification-only
3,700,0.2493,MTL-GAP-classification-only
3,701,0.2224,MTL-GAP-classification-only
3,702,0.1988,MTL-GAP-classification-only
3,703,0.1953,MTL-GAP-classification-only
3,704,0.1937,MTL-GAP-classification-only
3,705,0.1929,MTL-GAP-classification-only
3,706,0.2109,MTL-GAP-classification-only
3,707,0.1989,MTL-GAP-classification-only
3,708,0.2122,MTL-GAP-classification-only
3,709,0.2052,MTL-GAP-classification-only
3,710,0.1944,MTL-GAP-classification-only
3,711,0.1932,MTL-GAP-classification-only
3,712,0.1923,MTL-GAP-classification-only
3,713,0.1923,MTL-GAP-classification-only
3,714,0.2752,MTL-GAP-classification-only
3,715,0.3715,MTL-GAP-classification-only
3,716,0.3817,MTL-GAP-classification-only
3,717,0.2587,MTL-GAP-classification-only
3,718,0.2079,MTL-GAP-classification-only
3,719,0.2539,MTL-GAP-classification-only
3,720,0.215,MTL-GAP-classification-only
3,721,0.1979,MTL-GAP-classification-only
3,722,0.2181,MTL-GAP-classification-only
3,723,0.2657,MTL-GAP-classification-only
3,724,0.2089,MTL-GAP-classification-only
3,725,0.1983,MTL-GAP-classification-only
3,726,0.1972,MTL-GAP-classification-only
3,727,0.193,MTL-GAP-classification-only
3,728,0.2001,MTL-GAP-classification-only
3,729,0.193,MTL-GAP-classification-only
3,730,0.1944,MTL-GAP-classification-only
3,731,0.1951,MTL-GAP-classification-only
3,732,0.1927,MTL-GAP-classification-only
3,733,0.1976,MTL-GAP-classification-only
3,734,0.1927,MTL-GAP-classification-only
3,735,0.1933,MTL-GAP-classification-only
3,736,0.1923,MTL-GAP-classification-only
3,737,0.1934,MTL-GAP-classification-only
3,738,0.1974,MTL-GAP-classification-only
3,739,0.1933,MTL-GAP-classification-only
3,740,0.1923,MTL-GAP-classification-only
3,741,0.2686,MTL-GAP-classification-only
3,742,0.3681,MTL-GAP-classification-only
3,743,0.2838,MTL-GAP-classification-only
3,744,0.3442,MTL-GAP-classification-only
3,745,0.2148,MTL-GAP-classification-only
3,746,0.5592,MTL-GAP-classification-only
3,747,0.2945,MTL-GAP-classification-only
3,748,0.2531,MTL-GAP-classification-only
3,749,0.1984,MTL-GAP-classification-only
3,750,0.1947,MTL-GAP-classification-only
3,751,0.1951,MTL-GAP-classification-only
3,752,0.2216,MTL-GAP-classification-only
3,753,0.3294,MTL-GAP-classification-only
3,754,0.257,MTL-GAP-classification-only
3,755,0.2442,MTL-GAP-classification-only
3,756,0.2425,MTL-GAP-classification-only
3,757,0.2646,MTL-GAP-classification-only
3,758,0.2438,MTL-GAP-classification-only
3,759,0.2457,MTL-GAP-classification-only
3,760,0.1945,MTL-GAP-classification-only
3,761,0.2384,MTL-GAP-classification-only
3,762,0.2732,MTL-GAP-classification-only
3,763,0.2205,MTL-GAP-classification-only
3,764,0.3561,MTL-GAP-classification-only
3,765,0.3029,MTL-GAP-classification-only
3,766,0.3233,MTL-GAP-classification-only
3,767,0.3428,MTL-GAP-classification-only
3,768,0.2123,MTL-GAP-classification-only
3,769,0.2034,MTL-GAP-classification-only
3,770,0.2293,MTL-GAP-classification-only
3,771,0.2089,MTL-GAP-classification-only
3,772,0.2042,MTL-GAP-classification-only
3,773,0.1952,MTL-GAP-classification-only
3,774,0.1929,MTL-GAP-classification-only
3,775,0.2005,MTL-GAP-classification-only
3,776,0.1926,MTL-GAP-classification-only
3,777,0.1932,MTL-GAP-classification-only
3,778,0.192,MTL-GAP-classification-only
3,779,0.192,MTL-GAP-classification-only
3,780,0.1986,MTL-GAP-classification-only
3,781,0.1932,MTL-GAP-classification-only
3,782,0.1919,MTL-GAP-classification-only
3,783,0.1918,MTL-GAP-classification-only
3,784,0.192,MTL-GAP-classification-only
3,785,0.2,MTL-GAP-classification-only
3,786,0.1934,MTL-GAP-classification-only
3,787,0.192,MTL-GAP-classification-only
3,788,0.1931,MTL-GAP-classification-only
3,789,0.1939,MTL-GAP-classification-only
3,790,0.2659,MTL-GAP-classification-only
3,791,0.3178,MTL-GAP-classification-only
3,792,0.3491,MTL-GAP-classification-only
3,793,0.3835,MTL-GAP-classification-only
3,794,0.2358,MTL-GAP-classification-only
3,795,0.2019,MTL-GAP-classification-only
3,796,0.2189,MTL-GAP-classification-only
3,797,0.215,MTL-GAP-classification-only
3,798,0.2001,MTL-GAP-classification-only
3,799,0.1985,MTL-GAP-classification-only
3,800,0.2234,MTL-GAP-classification-only
3,801,0.1953,MTL-GAP-classification-only
3,802,0.1935,MTL-GAP-classification-only
3,803,0.1943,MTL-GAP-classification-only
3,804,0.194,MTL-GAP-classification-only
3,805,0.2141,MTL-GAP-classification-only
3,806,0.2104,MTL-GAP-classification-only
3,807,0.2047,MTL-GAP-classification-only
3,808,0.1929,MTL-GAP-classification-only
3,809,0.1923,MTL-GAP-classification-only
3,810,0.202,MTL-GAP-classification-only
3,811,0.1931,MTL-GAP-classification-only
3,812,0.1921,MTL-GAP-classification-only
3,813,0.1919,MTL-GAP-classification-only
3,814,0.1919,MTL-GAP-classification-only
3,815,0.5051,MTL-GAP-classification-only
3,816,0.319,MTL-GAP-classification-only
3,817,0.2851,MTL-GAP-classification-only
3,818,0.2893,MTL-GAP-classification-only
3,819,0.2859,MTL-GAP-classification-only
3,820,0.4741,MTL-GAP-classification-only
3,821,0.2977,MTL-GAP-classification-only
3,822,0.2523,MTL-GAP-classification-only
3,823,0.2187,MTL-GAP-classification-only
3,824,0.2088,MTL-GAP-classification-only
3,825,0.2017,MTL-GAP-classification-only
3,826,0.1968,MTL-GAP-classification-only
3,827,0.2082,MTL-GAP-classification-only
3,828,0.1961,MTL-GAP-classification-only
3,829,0.194,MTL-GAP-classification-only
3,830,0.1942,MTL-GAP-classification-only
3,831,0.1952,MTL-GAP-classification-only
3,832,0.194,MTL-GAP-classification-only
3,833,0.1935,MTL-GAP-classification-only
3,834,0.1946,MTL-GAP-classification-only
3,835,0.195,MTL-GAP-classification-only
3,836,0.194,MTL-GAP-classification-only
3,837,0.2012,MTL-GAP-classification-only
3,838,0.1958,MTL-GAP-classification-only
3,839,0.1939,MTL-GAP-classification-only
3,840,0.1931,MTL-GAP-classification-only
3,841,0.1935,MTL-GAP-classification-only
3,842,0.1955,MTL-GAP-classification-only
3,843,0.1952,MTL-GAP-classification-only
3,844,0.3341,MTL-GAP-classification-only
3,845,0.3503,MTL-GAP-classification-only
3,846,0.3408,MTL-GAP-classification-only
3,847,0.2225,MTL-GAP-classification-only
3,848,0.2383,MTL-GAP-classification-only
3,849,0.2991,MTL-GAP-classification-only
3,850,0.2609,MTL-GAP-classification-only
3,851,0.2197,MTL-GAP-classification-only
3,852,0.2433,MTL-GAP-classification-only
3,853,0.2008,MTL-GAP-classification-only
3,854,0.2079,MTL-GAP-classification-only
3,855,0.1944,MTL-GAP-classification-only
3,856,0.1933,MTL-GAP-classification-only
3,857,0.1935,MTL-GAP-classification-only
3,858,0.1922,MTL-GAP-classification-only
3,859,0.1934,MTL-GAP-classification-only
3,860,0.1933,MTL-GAP-classification-only
3,861,0.1923,MTL-GAP-classification-only
3,862,0.1939,MTL-GAP-classification-only
3,863,0.1949,MTL-GAP-classification-only
3,864,0.2024,MTL-GAP-classification-only
3,865,0.1939,MTL-GAP-classification-only
3,866,0.1973,MTL-GAP-classification-only
3,867,0.3317,MTL-GAP-classification-only
3,868,0.3398,MTL-GAP-classification-only
3,869,0.3322,MTL-GAP-classification-only
3,870,0.2975,MTL-GAP-classification-only
3,871,0.3868,MTL-GAP-classification-only
3,872,0.2819,MTL-GAP-classification-only
3,873,0.2092,MTL-GAP-classification-only
3,874,0.2065,MTL-GAP-classification-only
3,875,0.2249,MTL-GAP-classification-only
3,876,0.2072,MTL-GAP-classification-only
3,877,0.2055,MTL-GAP-classification-only
3,878,0.1991,MTL-GAP-classification-only
3,879,0.1957,MTL-GAP-classification-only
3,880,0.2512,MTL-GAP-classification-only
3,881,0.2861,MTL-GAP-classification-only
3,882,0.2072,MTL-GAP-classification-only
3,883,0.1967,MTL-GAP-classification-only
3,884,0.1943,MTL-GAP-classification-only
3,885,0.1927,MTL-GAP-classification-only
3,886,0.1981,MTL-GAP-classification-only
3,887,0.1932,MTL-GAP-classification-only
3,888,0.2612,MTL-GAP-classification-only
3,889,0.2888,MTL-GAP-classification-only
3,890,0.2585,MTL-GAP-classification-only
3,891,0.2684,MTL-GAP-classification-only
3,892,0.2568,MTL-GAP-classification-only
3,893,0.1979,MTL-GAP-classification-only
3,894,0.2283,MTL-GAP-classification-only
3,895,0.37,MTL-GAP-classification-only
3,896,0.3514,MTL-GAP-classification-only
3,897,0.3099,MTL-GAP-classification-only
3,898,0.2095,MTL-GAP-classification-only
3,899,0.2252,MTL-GAP-classification-only
3,900,0.2125,MTL-GAP-classification-only
3,901,0.2118,MTL-GAP-classification-only
3,902,0.1996,MTL-GAP-classification-only
3,903,0.1975,MTL-GAP-classification-only
3,904,0.2023,MTL-GAP-classification-only
3,905,0.1929,MTL-GAP-classification-only
3,906,0.1925,MTL-GAP-classification-only
3,907,0.1922,MTL-GAP-classification-only
3,908,0.1929,MTL-GAP-classification-only
3,909,0.201,MTL-GAP-classification-only
3,910,0.1942,MTL-GAP-classification-only
3,911,0.1927,MTL-GAP-classification-only
3,912,0.1924,MTL-GAP-classification-only
3,913,0.1945,MTL-GAP-classification-only
3,914,0.2016,MTL-GAP-classification-only
3,915,0.196,MTL-GAP-classification-only
3,916,0.1928,MTL-GAP-classification-only
3,917,0.1925,MTL-GAP-classification-only
3,918,0.1927,MTL-GAP-classification-only
3,919,0.2499,MTL-GAP-classification-only
3,920,0.1964,MTL-GAP-classification-only
3,921,0.1992,MTL-GAP-classification-only
3,922,0.2622,MTL-GAP-classification-only
3,923,0.3653,MTL-GAP-classification-only
3,924,0.3432,MTL-GAP-classification-only
3,925,0.2114,MTL-GAP-classification-only
3,926,0.2026,MTL-GAP-classification-only
3,927,0.22,MTL-GAP-classification-only
3,928,0.2081,MTL-GAP-classification-only
3,929,0.1949,MTL-GAP-classification-only
3,930,0.1932,MTL-GAP-classification-only
3,931,0.1931,MTL-GAP-classification-only
3,932,0.2087,MTL-GAP-classification-only
3,933,0.1921,MTL-GAP-classification-only
3,934,0.2016,MTL-GAP-classification-only
3,935,0.2022,MTL-GAP-classification-only
3,936,0.2138,MTL-GAP-classification-only
3,937,0.273,MTL-GAP-classification-only
3,938,0.2087,MTL-GAP-classification-only
3,939,0.2053,MTL-GAP-classification-only
3,940,0.1917,MTL-GAP-classification-only
3,941,0.1933,MTL-GAP-classification-only
3,942,0.1924,MTL-GAP-classification-only
3,943,0.1921,MTL-GAP-classification-only
3,944,0.1994,MTL-GAP-classification-only
3,945,0.1929,MTL-GAP-classification-only
3,946,0.1945,MTL-GAP-classification-only
3,947,0.1946,MTL-GAP-classification-only
3,948,0.1924,MTL-GAP-classification-only
3,949,0.4249,MTL-GAP-classification-only
3,950,0.4295,MTL-GAP-classification-only
3,951,0.2704,MTL-GAP-classification-only
3,952,0.3551,MTL-GAP-classification-only
3,953,0.2279,MTL-GAP-classification-only
3,954,0.2063,MTL-GAP-classification-only
3,955,0.2212,MTL-GAP-classification-only
3,956,0.2063,MTL-GAP-classification-only
3,957,0.1975,MTL-GAP-classification-only
3,958,0.1949,MTL-GAP-classification-only
3,959,0.1933,MTL-GAP-classification-only
3,960,0.2006,MTL-GAP-classification-only
3,961,0.1942,MTL-GAP-classification-only
3,962,0.1928,MTL-GAP-classification-only
3,963,0.1927,MTL-GAP-classification-only
3,964,0.1924,MTL-GAP-classification-only
3,965,0.1976,MTL-GAP-classification-only
3,966,0.1939,MTL-GAP-classification-only
3,967,0.1931,MTL-GAP-classification-only
3,968,0.1934,MTL-GAP-classification-only
3,969,0.1921,MTL-GAP-classification-only
3,970,0.1915,MTL-GAP-classification-only
3,971,0.2018,MTL-GAP-classification-only
3,972,0.1926,MTL-GAP-classification-only
3,973,0.1917,MTL-GAP-classification-only
3,974,0.1921,MTL-GAP-classification-only
3,975,0.192,MTL-GAP-classification-only
3,976,0.2049,MTL-GAP-classification-only
3,977,0.284,MTL-GAP-classification-only
3,978,0.3788,MTL-GAP-classification-only
3,979,0.3304,MTL-GAP-classification-only
3,980,0.2782,MTL-GAP-classification-only
3,981,0.2376,MTL-GAP-classification-only
3,982,0.2007,MTL-GAP-classification-only
3,983,0.2095,MTL-GAP-classification-only
3,984,0.2104,MTL-GAP-classification-only
3,985,0.2397,MTL-GAP-classification-only
3,986,0.2115,MTL-GAP-classification-only
3,987,0.1971,MTL-GAP-classification-only
3,988,0.1968,MTL-GAP-classification-only
3,989,0.1941,MTL-GAP-classification-only
3,990,0.1996,MTL-GAP-classification-only
3,991,0.1965,MTL-GAP-classification-only
3,992,0.1948,MTL-GAP-classification-only
3,993,0.1941,MTL-GAP-classification-only
3,994,0.1951,MTL-GAP-classification-only
3,995,0.1998,MTL-GAP-classification-only
3,996,0.2124,MTL-GAP-classification-only
3,997,0.1931,MTL-GAP-classification-only
3,998,0.1934,MTL-GAP-classification-only
3,999,0.1934,MTL-GAP-classification-only
3,1000,0.1987,MTL-GAP-classification-only
1,1,0.6079,MTL-Flat-full
1,2,0.4927,MTL-Flat-full
1,3,0.3976,MTL-Flat-full
1,4,0.4084,MTL-Flat-full
1,5,0.3946,MTL-Flat-full
1,6,0.8664,MTL-Flat-full
1,7,0.7654,MTL-Flat-full
1,8,0.4674,MTL-Flat-full
1,9,0.4311,MTL-Flat-full
1,10,0.4664,MTL-Flat-full
1,11,0.4179,MTL-Flat-full
1,12,0.4158,MTL-Flat-full
1,13,0.3917,MTL-Flat-full
1,14,0.3871,MTL-Flat-full
1,15,0.3857,MTL-Flat-full
1,16,0.3863,MTL-Flat-full
1,17,0.398,MTL-Flat-full
1,18,0.4907,MTL-Flat-full
1,19,0.7953,MTL-Flat-full
1,20,0.5737,MTL-Flat-full
1,21,0.4502,MTL-Flat-full
1,22,0.4531,MTL-Flat-full
1,23,0.4047,MTL-Flat-full
1,24,0.3941,MTL-Flat-full
1,25,0.4052,MTL-Flat-full
1,26,0.4015,MTL-Flat-full
1,27,0.6031,MTL-Flat-full
1,28,0.4459,MTL-Flat-full
1,29,0.5517,MTL-Flat-full
1,30,0.6327,MTL-Flat-full
1,31,1.0101,MTL-Flat-full
1,32,0.5703,MTL-Flat-full
1,33,0.7922,MTL-Flat-full
1,34,0.7996,MTL-Flat-full
1,35,0.7024,MTL-Flat-full
1,36,0.6433,MTL-Flat-full
1,37,0.7007,MTL-Flat-full
1,38,0.6777,MTL-Flat-full
1,39,0.9076,MTL-Flat-full
1,40,0.8582,MTL-Flat-full
1,41,0.8506,MTL-Flat-full
1,42,0.7556,MTL-Flat-full
1,43,0.6705,MTL-Flat-full
1,44,0.6392,MTL-Flat-full
1,45,0.6838,MTL-Flat-full
1,46,0.6546,MTL-Flat-full
1,47,0.9039,MTL-Flat-full
1,48,0.864,MTL-Flat-full
1,49,0.9307,MTL-Flat-full
1,50,0.5535,MTL-Flat-full
1,51,0.4611,MTL-Flat-full
1,52,0.7023,MTL-Flat-full
1,53,0.6444,MTL-Flat-full
1,54,0.7085,MTL-Flat-full
1,55,0.9802,MTL-Flat-full
1,56,0.8012,MTL-Flat-full
1,57,0.6205,MTL-Flat-full
1,58,0.4986,MTL-Flat-full
1,59,0.4408,MTL-Flat-full
1,60,0.4122,MTL-Flat-full
1,61,0.3928,MTL-Flat-full
1,62,0.4007,MTL-Flat-full
1,63,0.3953,MTL-Flat-full
1,64,0.3874,MTL-Flat-full
1,65,0.396,MTL-Flat-full
1,66,0.3901,MTL-Flat-full
1,67,0.6465,MTL-Flat-full
1,68,0.703,MTL-Flat-full
1,69,0.4546,MTL-Flat-full
1,70,0.4418,MTL-Flat-full
1,71,0.4455,MTL-Flat-full
1,72,0.3945,MTL-Flat-full
1,73,0.4102,MTL-Flat-full
1,74,0.389,MTL-Flat-full
1,75,0.5957,MTL-Flat-full
1,76,0.5007,MTL-Flat-full
1,77,0.4104,MTL-Flat-full
1,78,0.5255,MTL-Flat-full
1,79,0.5923,MTL-Flat-full
1,80,0.6263,MTL-Flat-full
1,81,0.7403,MTL-Flat-full
1,82,0.6291,MTL-Flat-full
1,83,0.633,MTL-Flat-full
1,84,0.4202,MTL-Flat-full
1,85,0.4188,MTL-Flat-full
1,86,0.3915,MTL-Flat-full
1,87,0.3885,MTL-Flat-full
1,88,0.3999,MTL-Flat-full
1,89,0.3997,MTL-Flat-full
1,90,0.4063,MTL-Flat-full
1,91,0.4849,MTL-Flat-full
1,92,0.8378,MTL-Flat-full
1,93,0.5255,MTL-Flat-full
1,94,0.567,MTL-Flat-full
1,95,0.5265,MTL-Flat-full
1,96,0.4183,MTL-Flat-full
1,97,0.4092,MTL-Flat-full
1,98,0.391,MTL-Flat-full
1,99,0.3874,MTL-Flat-full
1,100,0.387,MTL-Flat-full
1,101,0.3855,MTL-Flat-full
1,102,0.3979,MTL-Flat-full
1,103,0.3901,MTL-Flat-full
1,104,0.5858,MTL-Flat-full
1,105,0.8115,MTL-Flat-full
1,106,0.5191,MTL-Flat-full
1,107,0.4596,MTL-Flat-full
1,108,0.4495,MTL-Flat-full
1,109,0.6091,MTL-Flat-full
1,110,0.5636,MTL-Flat-full
1,111,0.4568,MTL-Flat-full
1,112,0.3946,MTL-Flat-full
1,113,0.5565,MTL-Flat-full
1,114,0.5916,MTL-Flat-full
1,115,0.89,MTL-Flat-full
1,116,0.7465,MTL-Flat-full
1,117,0.4807,MTL-Flat-full
1,118,0.4298,MTL-Flat-full
1,119,0.4962,MTL-Flat-full
1,120,0.4468,MTL-Flat-full
1,121,0.3978,MTL-Flat-full
1,122,0.3907,MTL-Flat-full
1,123,0.3906,MTL-Flat-full
1,124,0.4036,MTL-Flat-full
1,125,0.3854,MTL-Flat-full
1,126,0.3876,MTL-Flat-full
1,127,0.3857,MTL-Flat-full
1,128,0.8526,MTL-Flat-full
1,129,0.7926,MTL-Flat-full
1,130,0.4992,MTL-Flat-full
1,131,0.5013,MTL-Flat-full
1,132,0.4301,MTL-Flat-full
1,133,0.3949,MTL-Flat-full
1,134,0.463,MTL-Flat-full
1,135,0.462,MTL-Flat-full
1,136,0.4097,MTL-Flat-full
1,137,0.3901,MTL-Flat-full
1,138,0.3896,MTL-Flat-full
1,139,0.3896,MTL-Flat-full
1,140,0.6529,MTL-Flat-full
1,141,0.9669,MTL-Flat-full
1,142,0.5281,MTL-Flat-full
1,143,0.4672,MTL-Flat-full
1,144,0.6675,MTL-Flat-full
1,145,0.5056,MTL-Flat-full
1,146,0.4839,MTL-Flat-full
1,147,0.6142,MTL-Flat-full
1,148,0.5094,MTL-Flat-full
1,149,0.3871,MTL-Flat-full
1,150,0.3911,MTL-Flat-full
1,151,0.7921,MTL-Flat-full
1,152,0.6318,MTL-Flat-full
1,153,0.505,MTL-Flat-full
1,154,0.4946,MTL-Flat-full
1,155,0.4256,MTL-Flat-full
1,156,0.3918,MTL-Flat-full
1,157,0.3903,MTL-Flat-full
1,158,0.3951,MTL-Flat-full
1,159,0.3901,MTL-Flat-full
1,160,0.3843,MTL-Flat-full
1,161,0.3927,MTL-Flat-full
1,162,0.3912,MTL-Flat-full
1,163,0.3889,MTL-Flat-full
1,164,0.6711,MTL-Flat-full
1,165,0.719,MTL-Flat-full
1,166,0.4676,MTL-Flat-full
1,167,0.4892,MTL-Flat-full
1,168,0.4223,MTL-Flat-full
1,169,0.3933,MTL-Flat-full
1,170,0.3887,MTL-Flat-full
1,171,0.3894,MTL-Flat-full
1,172,0.5516,MTL-Flat-full
1,173,0.4655,MTL-Flat-full
1,174,0.4005,MTL-Flat-full
1,175,0.5483,MTL-Flat-full
1,176,0.6618,MTL-Flat-full
1,177,0.8618,MTL-Flat-full
1,178,0.5056,MTL-Flat-full
1,179,0.652,MTL-Flat-full
1,180,0.556,MTL-Flat-full
1,181,0.4405,MTL-Flat-full
1,182,0.4038,MTL-Flat-full
1,183,0.5548,MTL-Flat-full
1,184,0.5584,MTL-Flat-full
1,185,0.4035,MTL-Flat-full
1,186,0.3933,MTL-Flat-full
1,187,0.521,MTL-Flat-full
1,188,0.8019,MTL-Flat-full
1,189,0.7385,MTL-Flat-full
1,190,0.5171,MTL-Flat-full
1,191,0.4595,MTL-Flat-full
1,192,0.4083,MTL-Flat-full
1,193,0.4352,MTL-Flat-full
1,194,0.4215,MTL-Flat-full
1,195,0.3922,MTL-Flat-full
1,196,0.389,MTL-Flat-full
1,197,0.3916,MTL-Flat-full
1,198,0.3929,MTL-Flat-full
1,199,0.4053,MTL-Flat-full
1,200,0.7625,MTL-Flat-full
1,201,0.9214,MTL-Flat-full
1,202,0.5119,MTL-Flat-full
1,203,0.4925,MTL-Flat-full
1,204,0.5186,MTL-Flat-full
1,205,0.4054,MTL-Flat-full
1,206,0.4022,MTL-Flat-full
1,207,0.3997,MTL-Flat-full
1,208,0.3969,MTL-Flat-full
1,209,0.6965,MTL-Flat-full
1,210,0.5466,MTL-Flat-full
1,211,0.7123,MTL-Flat-full
1,212,0.7208,MTL-Flat-full
1,213,0.6373,MTL-Flat-full
1,214,0.527,MTL-Flat-full
1,215,0.4259,MTL-Flat-full
1,216,0.397,MTL-Flat-full
1,217,0.3911,MTL-Flat-full
1,218,0.3884,MTL-Flat-full
1,219,0.3963,MTL-Flat-full
1,220,0.388,MTL-Flat-full
1,221,0.387,MTL-Flat-full
1,222,0.3855,MTL-Flat-full
1,223,0.4206,MTL-Flat-full
1,224,0.876,MTL-Flat-full
1,225,0.5786,MTL-Flat-full
1,226,0.4685,MTL-Flat-full
1,227,0.4705,MTL-Flat-full
1,228,0.4068,MTL-Flat-full
1,229,0.3919,MTL-Flat-full
1,230,0.39,MTL-Flat-full
1,231,0.586,MTL-Flat-full
1,232,0.4589,MTL-Flat-full
1,233,0.4393,MTL-Flat-full
1,234,0.401,MTL-Flat-full
1,235,0.3925,MTL-Flat-full
1,236,0.6944,MTL-Flat-full
1,237,0.7572,MTL-Flat-full
1,238,0.4883,MTL-Flat-full
1,239,0.444,MTL-Flat-full
1,240,0.4964,MTL-Flat-full
1,241,0.4268,MTL-Flat-full
1,242,0.4039,MTL-Flat-full
1,243,0.4028,MTL-Flat-full
1,244,0.4013,MTL-Flat-full
1,245,0.3999,MTL-Flat-full
1,246,0.3947,MTL-Flat-full
1,247,0.393,MTL-Flat-full
1,248,0.3882,MTL-Flat-full
1,249,0.7813,MTL-Flat-full
1,250,0.6542,MTL-Flat-full
1,251,0.4564,MTL-Flat-full
1,252,0.4476,MTL-Flat-full
1,253,0.4403,MTL-Flat-full
1,254,0.5157,MTL-Flat-full
1,255,0.4186,MTL-Flat-full
1,256,0.3951,MTL-Flat-full
1,257,0.4024,MTL-Flat-full
1,258,0.3946,MTL-Flat-full
1,259,0.3884,MTL-Flat-full
1,260,0.3897,MTL-Flat-full
1,261,0.3867,MTL-Flat-full
1,262,0.9889,MTL-Flat-full
1,263,0.8224,MTL-Flat-full
1,264,0.5151,MTL-Flat-full
1,265,0.7428,MTL-Flat-full
1,266,0.4493,MTL-Flat-full
1,267,0.398,MTL-Flat-full
1,268,0.4721,MTL-Flat-full
1,269,0.5968,MTL-Flat-full
1,270,0.588,MTL-Flat-full
1,271,0.4132,MTL-Flat-full
1,272,0.6541,MTL-Flat-full
1,273,0.8093,MTL-Flat-full
1,274,0.4978,MTL-Flat-full
1,275,0.4473,MTL-Flat-full
1,276,0.4419,MTL-Flat-full
1,277,0.4155,MTL-Flat-full
1,278,0.3917,MTL-Flat-full
1,279,0.3972,MTL-Flat-full
1,280,0.39,MTL-Flat-full
1,281,0.3858,MTL-Flat-full
1,282,0.3877,MTL-Flat-full
1,283,0.3902,MTL-Flat-full
1,284,0.3989,MTL-Flat-full
1,285,0.5805,MTL-Flat-full
1,286,0.7953,MTL-Flat-full
1,287,0.4853,MTL-Flat-full
1,288,0.509,MTL-Flat-full
1,289,0.4501,MTL-Flat-full
1,290,0.4182,MTL-Flat-full
1,291,0.3939,MTL-Flat-full
1,292,0.5879,MTL-Flat-full
1,293,0.6828,MTL-Flat-full
1,294,0.6878,MTL-Flat-full
1,295,0.6967,MTL-Flat-full
1,296,1.0054,MTL-Flat-full
1,297,0.604,MTL-Flat-full
1,298,0.4485,MTL-Flat-full
1,299,0.4479,MTL-Flat-full
1,300,0.4674,MTL-Flat-full
1,301,0.4297,MTL-Flat-full
1,302,0.6476,MTL-Flat-full
1,303,0.4985,MTL-Flat-full
1,304,0.4,MTL-Flat-full
1,305,0.4088,MTL-Flat-full
1,306,0.3882,MTL-Flat-full
1,307,0.5184,MTL-Flat-full
1,308,0.8286,MTL-Flat-full
1,309,0.532,MTL-Flat-full
1,310,0.4606,MTL-Flat-full
1,311,0.4887,MTL-Flat-full
1,312,0.4469,MTL-Flat-full
1,313,0.41,MTL-Flat-full
1,314,0.3938,MTL-Flat-full
1,315,0.3884,MTL-Flat-full
1,316,0.3896,MTL-Flat-full
1,317,0.3878,MTL-Flat-full
1,318,0.3959,MTL-Flat-full
1,319,0.3897,MTL-Flat-full
1,320,0.5299,MTL-Flat-full
1,321,1.0699,MTL-Flat-full
1,322,0.6752,MTL-Flat-full
1,323,0.498,MTL-Flat-full
1,324,0.5098,MTL-Flat-full
1,325,0.434,MTL-Flat-full
1,326,0.3992,MTL-Flat-full
1,327,0.4042,MTL-Flat-full
1,328,0.3881,MTL-Flat-full
1,329,0.4009,MTL-Flat-full
1,330,0.4067,MTL-Flat-full
1,331,0.3928,MTL-Flat-full
1,332,0.71,MTL-Flat-full
1,333,0.8326,MTL-Flat-full
1,334,0.4998,MTL-Flat-full
1,335,0.7342,MTL-Flat-full
1,336,0.5945,MTL-Flat-full
1,337,0.5474,MTL-Flat-full
1,338,0.5832,MTL-Flat-full
1,339,0.4608,MTL-Flat-full
1,340,0.4586,MTL-Flat-full
1,341,0.429,MTL-Flat-full
1,342,0.4314,MTL-Flat-full
1,343,0.98,MTL-Flat-full
1,344,0.7497,MTL-Flat-full
1,345,0.5181,MTL-Flat-full
1,346,0.5095,MTL-Flat-full
1,347,0.4376,MTL-Flat-full
1,348,0.7971,MTL-Flat-full
1,349,0.5728,MTL-Flat-full
1,350,0.5904,MTL-Flat-full
1,351,0.805,MTL-Flat-full
1,352,0.801,MTL-Flat-full
1,353,0.8143,MTL-Flat-full
1,354,0.6717,MTL-Flat-full
1,355,0.9005,MTL-Flat-full
1,356,0.6681,MTL-Flat-full
1,357,0.5411,MTL-Flat-full
1,358,0.4653,MTL-Flat-full
1,359,0.8344,MTL-Flat-full
1,360,0.6628,MTL-Flat-full
1,361,1.0573,MTL-Flat-full
1,362,0.6342,MTL-Flat-full
1,363,0.6872,MTL-Flat-full
1,364,0.5409,MTL-Flat-full
1,365,0.4088,MTL-Flat-full
1,366,0.3878,MTL-Flat-full
1,367,0.3932,MTL-Flat-full
1,368,0.3834,MTL-Flat-full
1,369,0.3889,MTL-Flat-full
1,370,0.3933,MTL-Flat-full
1,371,0.3811,MTL-Flat-full
1,372,0.6427,MTL-Flat-full
1,373,0.9982,MTL-Flat-full
1,374,0.5717,MTL-Flat-full
1,375,0.4693,MTL-Flat-full
1,376,0.4699,MTL-Flat-full
1,377,0.4109,MTL-Flat-full
1,378,0.4055,MTL-Flat-full
1,379,0.3867,MTL-Flat-full
1,380,0.384,MTL-Flat-full
1,381,0.3928,MTL-Flat-full
1,382,0.4068,MTL-Flat-full
1,383,0.3852,MTL-Flat-full
1,384,0.6093,MTL-Flat-full
1,385,0.8352,MTL-Flat-full
1,386,0.5508,MTL-Flat-full
1,387,0.4561,MTL-Flat-full
1,388,0.4217,MTL-Flat-full
1,389,0.4086,MTL-Flat-full
1,390,0.4044,MTL-Flat-full
1,391,0.3875,MTL-Flat-full
1,392,0.3916,MTL-Flat-full
1,393,0.3839,MTL-Flat-full
1,394,0.4023,MTL-Flat-full
1,395,0.3942,MTL-Flat-full
1,396,0.3852,MTL-Flat-full
1,397,0.467,MTL-Flat-full
1,398,0.7087,MTL-Flat-full
1,399,0.4816,MTL-Flat-full
1,400,0.4341,MTL-Flat-full
1,401,0.4173,MTL-Flat-full
1,402,0.4067,MTL-Flat-full
1,403,0.4104,MTL-Flat-full
1,404,0.3871,MTL-Flat-full
1,405,0.384,MTL-Flat-full
1,406,0.7217,MTL-Flat-full
1,407,0.7129,MTL-Flat-full
1,408,1.0849,MTL-Flat-full
1,409,1.0446,MTL-Flat-full
1,410,0.7799,MTL-Flat-full
1,411,0.6111,MTL-Flat-full
1,412,0.4405,MTL-Flat-full
1,413,0.4569,MTL-Flat-full
1,414,0.4304,MTL-Flat-full
1,415,0.3937,MTL-Flat-full
1,416,0.3841,MTL-Flat-full
1,417,0.3822,MTL-Flat-full
1,418,0.3912,MTL-Flat-full
1,419,0.3961,MTL-Flat-full
1,420,0.677,MTL-Flat-full
1,421,0.6014,MTL-Flat-full
1,422,0.4398,MTL-Flat-full
1,423,0.507,MTL-Flat-full
1,424,0.4172,MTL-Flat-full
1,425,0.3887,MTL-Flat-full
1,426,0.3855,MTL-Flat-full
1,427,0.4888,MTL-Flat-full
1,428,0.4161,MTL-Flat-full
1,429,0.3987,MTL-Flat-full
1,430,0.3827,MTL-Flat-full
1,431,0.3824,MTL-Flat-full
1,432,0.3859,MTL-Flat-full
1,433,0.5578,MTL-Flat-full
1,434,0.8337,MTL-Flat-full
1,435,0.5799,MTL-Flat-full
1,436,0.5237,MTL-Flat-full
1,437,0.4327,MTL-Flat-full
1,438,0.3991,MTL-Flat-full
1,439,0.3909,MTL-Flat-full
1,440,0.3975,MTL-Flat-full
1,441,0.3833,MTL-Flat-full
1,442,0.3826,MTL-Flat-full
1,443,0.3828,MTL-Flat-full
1,444,0.3933,MTL-Flat-full
1,445,0.4035,MTL-Flat-full
1,446,0.7163,MTL-Flat-full
1,447,0.732,MTL-Flat-full
1,448,0.4882,MTL-Flat-full
1,449,0.4509,MTL-Flat-full
1,450,0.4168,MTL-Flat-full
1,451,0.39,MTL-Flat-full
1,452,0.3852,MTL-Flat-full
1,453,0.3991,MTL-Flat-full
1,454,0.384,MTL-Flat-full
1,455,0.3875,MTL-Flat-full
1,456,0.3853,MTL-Flat-full
1,457,0.3831,MTL-Flat-full
1,458,0.3925,MTL-Flat-full
1,459,0.4596,MTL-Flat-full
1,460,0.7004,MTL-Flat-full
1,461,0.511,MTL-Flat-full
1,462,0.4504,MTL-Flat-full
1,463,0.4243,MTL-Flat-full
1,464,0.3953,MTL-Flat-full
1,465,0.3857,MTL-Flat-full
1,466,0.4594,MTL-Flat-full
1,467,0.4346,MTL-Flat-full
1,468,0.3901,MTL-Flat-full
1,469,0.6604,MTL-Flat-full
1,470,0.5698,MTL-Flat-full
1,471,0.578,MTL-Flat-full
1,472,1.0142,MTL-Flat-full
1,473,0.6296,MTL-Flat-full
1,474,0.4803,MTL-Flat-full
1,475,0.4777,MTL-Flat-full
1,476,0.4101,MTL-Flat-full
1,477,0.3933,MTL-Flat-full
1,478,0.3845,MTL-Flat-full
1,479,0.3975,MTL-Flat-full
1,480,0.3831,MTL-Flat-full
1,481,0.3847,MTL-Flat-full
1,482,0.3814,MTL-Flat-full
1,483,0.3826,MTL-Flat-full
1,484,0.513,MTL-Flat-full
1,485,0.6356,MTL-Flat-full
1,486,0.5639,MTL-Flat-full
1,487,0.5791,MTL-Flat-full
1,488,0.4443,MTL-Flat-full
1,489,0.394,MTL-Flat-full
1,490,0.3866,MTL-Flat-full
1,491,0.3981,MTL-Flat-full
1,492,0.3965,MTL-Flat-full
1,493,0.3855,MTL-Flat-full
1,494,0.3826,MTL-Flat-full
1,495,0.3892,MTL-Flat-full
1,496,0.3869,MTL-Flat-full
1,497,0.3832,MTL-Flat-full
1,498,0.6922,MTL-Flat-full
1,499,0.6449,MTL-Flat-full
1,500,0.552,MTL-Flat-full
1,501,0.7725,MTL-Flat-full
1,502,0.4472,MTL-Flat-full
1,503,0.3945,MTL-Flat-full
1,504,0.399,MTL-Flat-full
1,505,0.3892,MTL-Flat-full
1,506,0.3869,MTL-Flat-full
1,507,0.4267,MTL-Flat-full
1,508,0.6561,MTL-Flat-full
1,509,0.5017,MTL-Flat-full
1,510,0.7676,MTL-Flat-full
1,511,0.5924,MTL-Flat-full
1,512,0.455,MTL-Flat-full
1,513,0.4569,MTL-Flat-full
1,514,0.4195,MTL-Flat-full
1,515,0.3915,MTL-Flat-full
1,516,0.3864,MTL-Flat-full
1,517,0.398,MTL-Flat-full
1,518,0.388,MTL-Flat-full
1,519,0.384,MTL-Flat-full
1,520,0.3827,MTL-Flat-full
1,521,0.3874,MTL-Flat-full
1,522,0.395,MTL-Flat-full
1,523,0.6419,MTL-Flat-full
1,524,0.6246,MTL-Flat-full
1,525,0.4337,MTL-Flat-full
1,526,0.4497,MTL-Flat-full
1,527,0.4017,MTL-Flat-full
1,528,0.3875,MTL-Flat-full
1,529,0.4125,MTL-Flat-full
1,530,0.5722,MTL-Flat-full
1,531,0.4475,MTL-Flat-full
1,532,0.4393,MTL-Flat-full
1,533,0.3864,MTL-Flat-full
1,534,0.774,MTL-Flat-full
1,535,0.7807,MTL-Flat-full
1,536,0.7855,MTL-Flat-full
1,537,0.4925,MTL-Flat-full
1,538,0.4459,MTL-Flat-full
1,539,0.4735,MTL-Flat-full
1,540,0.4199,MTL-Flat-full
1,541,0.4225,MTL-Flat-full
1,542,0.3821,MTL-Flat-full
1,543,0.3928,MTL-Flat-full
1,544,0.3843,MTL-Flat-full
1,545,0.3822,MTL-Flat-full
1,546,0.3888,MTL-Flat-full
1,547,0.3828,MTL-Flat-full
1,548,0.6168,MTL-Flat-full
1,549,0.6749,MTL-Flat-full
1,550,0.4996,MTL-Flat-full
1,551,0.4434,MTL-Flat-full
1,552,0.4144,MTL-Flat-full
1,553,0.3964,MTL-Flat-full
1,554,0.3837,MTL-Flat-full
1,555,0.3901,MTL-Flat-full
1,556,0.3838,MTL-Flat-full
1,557,0.3816,MTL-Flat-full
1,558,0.3869,MTL-Flat-full
1,559,0.383,MTL-Flat-full
1,560,0.3816,MTL-Flat-full
1,561,0.3885,MTL-Flat-full
1,562,0.6362,MTL-Flat-full
1,563,0.9047,MTL-Flat-full
1,564,0.5381,MTL-Flat-full
1,565,0.4591,MTL-Flat-full
1,566,0.8686,MTL-Flat-full
1,567,0.4439,MTL-Flat-full
1,568,0.4212,MTL-Flat-full
1,569,0.3908,MTL-Flat-full
1,570,0.4601,MTL-Flat-full
1,571,0.5018,MTL-Flat-full
1,572,0.3981,MTL-Flat-full
1,573,0.6397,MTL-Flat-full
1,574,0.744,MTL-Flat-full
1,575,0.4836,MTL-Flat-full
1,576,0.4471,MTL-Flat-full
1,577,0.4502,MTL-Flat-full
1,578,0.4175,MTL-Flat-full
1,579,0.3892,MTL-Flat-full
1,580,0.3844,MTL-Flat-full
1,581,0.5089,MTL-Flat-full
1,582,0.4939,MTL-Flat-full
1,583,0.4171,MTL-Flat-full
1,584,0.3855,MTL-Flat-full
1,585,0.4111,MTL-Flat-full
1,586,0.7799,MTL-Flat-full
1,587,0.6178,MTL-Flat-full
1,588,0.428,MTL-Flat-full
1,589,0.4654,MTL-Flat-full
1,590,0.4302,MTL-Flat-full
1,591,0.4317,MTL-Flat-full
1,592,0.4553,MTL-Flat-full
1,593,0.3923,MTL-Flat-full
1,594,0.3851,MTL-Flat-full
1,595,0.3908,MTL-Flat-full
1,596,0.383,MTL-Flat-full
1,597,0.3893,MTL-Flat-full
1,598,0.3837,MTL-Flat-full
1,599,1.0889,MTL-Flat-full
1,600,0.7885,MTL-Flat-full
1,601,0.4638,MTL-Flat-full
1,602,0.4666,MTL-Flat-full
1,603,0.4333,MTL-Flat-full
1,604,0.4034,MTL-Flat-full
1,605,0.3963,MTL-Flat-full
1,606,0.3872,MTL-Flat-full
1,607,0.394,MTL-Flat-full
1,608,0.3878,MTL-Flat-full
1,609,0.3829,MTL-Flat-full
1,610,0.3981,MTL-Flat-full
1,611,0.6444,MTL-Flat-full
1,612,0.8301,MTL-Flat-full
1,613,0.5085,MTL-Flat-full
1,614,0.464,MTL-Flat-full
1,615,0.4233,MTL-Flat-full
1,616,0.3919,MTL-Flat-full
1,617,0.4101,MTL-Flat-full
1,618,0.3935,MTL-Flat-full
1,619,0.3831,MTL-Flat-full
1,620,0.3898,MTL-Flat-full
1,621,0.3844,MTL-Flat-full
1,622,0.3814,MTL-Flat-full
1,623,0.3871,MTL-Flat-full
1,624,0.5648,MTL-Flat-full
1,625,0.7682,MTL-Flat-full
1,626,0.4871,MTL-Flat-full
1,627,0.4435,MTL-Flat-full
1,628,0.5874,MTL-Flat-full
1,629,0.4534,MTL-Flat-full
1,630,0.4005,MTL-Flat-full
1,631,0.6521,MTL-Flat-full
1,632,0.4129,MTL-Flat-full
1,633,0.4284,MTL-Flat-full
1,634,0.4132,MTL-Flat-full
1,635,0.3851,MTL-Flat-full
1,636,0.4831,MTL-Flat-full
1,637,0.7199,MTL-Flat-full
1,638,0.6808,MTL-Flat-full
1,639,0.4719,MTL-Flat-full
1,640,0.444,MTL-Flat-full
1,641,0.4185,MTL-Flat-full
1,642,0.3998,MTL-Flat-full
1,643,0.3842,MTL-Flat-full
1,644,0.3913,MTL-Flat-full
1,645,0.3844,MTL-Flat-full
1,646,0.3825,MTL-Flat-full
1,647,0.3884,MTL-Flat-full
1,648,0.3821,MTL-Flat-full
1,649,0.4128,MTL-Flat-full
1,650,0.7422,MTL-Flat-full
1,651,0.5774,MTL-Flat-full
1,652,0.4714,MTL-Flat-full
1,653,0.4269,MTL-Flat-full
1,654,0.4306,MTL-Flat-full
1,655,0.4338,MTL-Flat-full
1,656,0.4972,MTL-Flat-full
1,657,0.4007,MTL-Flat-full
1,658,0.3863,MTL-Flat-full
1,659,0.3984,MTL-Flat-full
1,660,0.3813,MTL-Flat-full
1,661,0.4229,MTL-Flat-full
1,662,0.4044,MTL-Flat-full
1,663,0.9784,MTL-Flat-full
1,664,1.0544,MTL-Flat-full
1,665,0.6577,MTL-Flat-full
1,666,0.5221,MTL-Flat-full
1,667,0.4488,MTL-Flat-full
1,668,0.404,MTL-Flat-full
1,669,0.4017,MTL-Flat-full
1,670,0.3874,MTL-Flat-full
1,671,0.3848,MTL-Flat-full
1,672,0.4023,MTL-Flat-full
1,673,0.3989,MTL-Flat-full
1,674,0.7393,MTL-Flat-full
1,675,0.7168,MTL-Flat-full
1,676,0.4573,MTL-Flat-full
1,677,0.4632,MTL-Flat-full
1,678,0.4199,MTL-Flat-full
1,679,0.3981,MTL-Flat-full
1,680,0.3827,MTL-Flat-full
1,681,0.3878,MTL-Flat-full
1,682,0.384,MTL-Flat-full
1,683,0.3822,MTL-Flat-full
1,684,0.3888,MTL-Flat-full
1,685,0.3813,MTL-Flat-full
1,686,0.3868,MTL-Flat-full
1,687,0.5184,MTL-Flat-full
1,688,0.7203,MTL-Flat-full
1,689,0.4789,MTL-Flat-full
1,690,0.443,MTL-Flat-full
1,691,0.4234,MTL-Flat-full
1,692,0.4108,MTL-Flat-full
1,693,0.4008,MTL-Flat-full
1,694,0.5612,MTL-Flat-full
1,695,0.4689,MTL-Flat-full
1,696,0.5101,MTL-Flat-full
1,697,0.4012,MTL-Flat-full
1,698,0.4018,MTL-Flat-full
1,699,0.3842,MTL-Flat-full
1,700,0.5426,MTL-Flat-full
1,701,0.732,MTL-Flat-full
1,702,0.4992,MTL-Flat-full
1,703,0.4213,MTL-Flat-full
1,704,0.442,MTL-Flat-full
1,705,0.4181,MTL-Flat-full
1,706,0.4139,MTL-Flat-full
1,707,0.3991,MTL-Flat-full
1,708,0.3839,MTL-Flat-full
1,709,0.3948,MTL-Flat-full
1,710,0.5696,MTL-Flat-full
1,711,0.4426,MTL-Flat-full
1,712,0.3897,MTL-Flat-full
1,713,0.6094,MTL-Flat-full
1,714,0.727,MTL-Flat-full
1,715,0.4758,MTL-Flat-full
1,716,0.4953,MTL-Flat-full
1,717,0.447,MTL-Flat-full
1,718,0.4676,MTL-Flat-full
1,719,0.3864,MTL-Flat-full
1,720,0.3929,MTL-Flat-full
1,721,0.3848,MTL-Flat-full
1,722,0.3829,MTL-Flat-full
1,723,0.389,MTL-Flat-full
1,724,0.3832,MTL-Flat-full
1,725,0.396,MTL-Flat-full
1,726,0.4728,MTL-Flat-full
1,727,1.0048,MTL-Flat-full
1,728,0.5992,MTL-Flat-full
1,729,0.4395,MTL-Flat-full
1,730,0.5322,MTL-Flat-full
1,731,0.4174,MTL-Flat-full
1,732,0.4027,MTL-Flat-full
1,733,0.3941,MTL-Flat-full
1,734,0.3888,MTL-Flat-full
1,735,0.5743,MTL-Flat-full
1,736,0.5305,MTL-Flat-full
1,737,0.5215,MTL-Flat-full
1,738,0.9561,MTL-Flat-full
1,739,0.6397,MTL-Flat-full
1,740,0.456,MTL-Flat-full
1,741,0.4544,MTL-Flat-full
1,742,0.4024,MTL-Flat-full
1,743,0.395,MTL-Flat-full
1,744,0.3857,MTL-Flat-full
1,745,0.3876,MTL-Flat-full
1,746,0.3851,MTL-Flat-full
1,747,0.3834,MTL-Flat-full
1,748,0.3865,MTL-Flat-full
1,749,0.3828,MTL-Flat-full
1,750,0.3821,MTL-Flat-full
1,751,0.741,MTL-Flat-full
1,752,0.6211,MTL-Flat-full
1,753,0.4265,MTL-Flat-full
1,754,0.4369,MTL-Flat-full
1,755,0.3999,MTL-Flat-full
1,756,0.3854,MTL-Flat-full
1,757,0.4116,MTL-Flat-full
1,758,0.4029,MTL-Flat-full
1,759,0.4204,MTL-Flat-full
1,760,0.6366,MTL-Flat-full
1,761,0.5888,MTL-Flat-full
1,762,0.4944,MTL-Flat-full
1,763,0.6728,MTL-Flat-full
1,764,0.6142,MTL-Flat-full
1,765,0.5211,MTL-Flat-full
1,766,0.4402,MTL-Flat-full
1,767,0.4718,MTL-Flat-full
1,768,0.3968,MTL-Flat-full
1,769,0.3889,MTL-Flat-full
1,770,0.3844,MTL-Flat-full
1,771,0.3843,MTL-Flat-full
1,772,0.6492,MTL-Flat-full
1,773,0.4695,MTL-Flat-full
1,774,0.4039,MTL-Flat-full
1,775,0.3848,MTL-Flat-full
1,776,0.6527,MTL-Flat-full
1,777,0.6325,MTL-Flat-full
1,778,0.5413,MTL-Flat-full
1,779,0.6232,MTL-Flat-full
1,780,0.4254,MTL-Flat-full
1,781,0.4577,MTL-Flat-full
1,782,0.3843,MTL-Flat-full
1,783,0.3903,MTL-Flat-full
1,784,0.3839,MTL-Flat-full
1,785,0.3804,MTL-Flat-full
1,786,0.3892,MTL-Flat-full
1,787,0.3847,MTL-Flat-full
1,788,0.3864,MTL-Flat-full
1,789,0.7099,MTL-Flat-full
1,790,0.633,MTL-Flat-full
1,791,0.4382,MTL-Flat-full
1,792,0.6428,MTL-Flat-full
1,793,0.5101,MTL-Flat-full
1,794,0.4278,MTL-Flat-full
1,795,0.4905,MTL-Flat-full
1,796,0.4144,MTL-Flat-full
1,797,0.3884,MTL-Flat-full
1,798,0.3854,MTL-Flat-full
1,799,0.3975,MTL-Flat-full
1,800,0.4251,MTL-Flat-full
1,801,0.5772,MTL-Flat-full
1,802,0.7214,MTL-Flat-full
1,803,0.4966,MTL-Flat-full
1,804,0.4341,MTL-Flat-full
1,805,0.4323,MTL-Flat-full
1,806,0.4403,MTL-Flat-full
1,807,0.5426,MTL-Flat-full
1,808,0.4097,MTL-Flat-full
1,809,0.3856,MTL-Flat-full
1,810,0.3872,MTL-Flat-full
1,811,0.3833,MTL-Flat-full
1,812,0.4292,MTL-Flat-full
1,813,0.4019,MTL-Flat-full
1,814,0.4915,MTL-Flat-full
1,815,0.6994,MTL-Flat-full
1,816,0.5554,MTL-Flat-full
1,817,0.4309,MTL-Flat-full
1,818,0.4385,MTL-Flat-full
1,819,0.4011,MTL-Flat-full
1,820,0.3873,MTL-Flat-full
1,821,0.4304,MTL-Flat-full
1,822,0.5412,MTL-Flat-full
1,823,0.4124,MTL-Flat-full
1,824,0.3861,MTL-Flat-full
1,825,0.3936,MTL-Flat-full
1,826,0.3832,MTL-Flat-full
1,827,0.6427,MTL-Flat-full
1,828,0.808,MTL-Flat-full
1,829,0.5703,MTL-Flat-full
1,830,0.6411,MTL-Flat-full
1,831,0.4645,MTL-Flat-full
1,832,0.4006,MTL-Flat-full
1,833,0.3979,MTL-Flat-full
1,834,0.3877,MTL-Flat-full
1,835,0.3833,MTL-Flat-full
1,836,0.3828,MTL-Flat-full
1,837,0.3821,MTL-Flat-full
1,838,0.3824,MTL-Flat-full
1,839,0.394,MTL-Flat-full
1,840,0.5629,MTL-Flat-full
1,841,0.6616,MTL-Flat-full
1,842,0.5272,MTL-Flat-full
1,843,0.7253,MTL-Flat-full
1,844,0.4855,MTL-Flat-full
1,845,0.3932,MTL-Flat-full
1,846,0.3946,MTL-Flat-full
1,847,0.3866,MTL-Flat-full
1,848,0.6254,MTL-Flat-full
1,849,0.4905,MTL-Flat-full
1,850,0.3879,MTL-Flat-full
1,851,0.4024,MTL-Flat-full
1,852,0.5876,MTL-Flat-full
1,853,0.7513,MTL-Flat-full
1,854,0.6718,MTL-Flat-full
1,855,0.4576,MTL-Flat-full
1,856,0.4753,MTL-Flat-full
1,857,0.8296,MTL-Flat-full
1,858,0.6101,MTL-Flat-full
1,859,0.5953,MTL-Flat-full
1,860,0.6801,MTL-Flat-full
1,861,0.5551,MTL-Flat-full
1,862,0.851,MTL-Flat-full
1,863,0.7152,MTL-Flat-full
1,864,0.4901,MTL-Flat-full
1,865,0.5015,MTL-Flat-full
1,866,0.4181,MTL-Flat-full
1,867,0.3887,MTL-Flat-full
1,868,0.453,MTL-Flat-full
1,869,0.3958,MTL-Flat-full
1,870,0.3801,MTL-Flat-full
1,871,0.4403,MTL-Flat-full
1,872,0.39,MTL-Flat-full
1,873,0.383,MTL-Flat-full
1,874,0.5254,MTL-Flat-full
1,875,0.731,MTL-Flat-full
1,876,0.468,MTL-Flat-full
1,877,0.4545,MTL-Flat-full
1,878,0.4164,MTL-Flat-full
1,879,0.3978,MTL-Flat-full
1,880,0.3838,MTL-Flat-full
1,881,0.5002,MTL-Flat-full
1,882,0.4126,MTL-Flat-full
1,883,0.3959,MTL-Flat-full
1,884,0.384,MTL-Flat-full
1,885,0.3836,MTL-Flat-full
1,886,0.3929,MTL-Flat-full
1,887,0.3833,MTL-Flat-full
1,888,0.983,MTL-Flat-full
1,889,0.7396,MTL-Flat-full
1,890,0.7307,MTL-Flat-full
1,891,0.6243,MTL-Flat-full
1,892,0.415,MTL-Flat-full
1,893,0.3929,MTL-Flat-full
1,894,0.5972,MTL-Flat-full
1,895,0.4894,MTL-Flat-full
1,896,0.4799,MTL-Flat-full
1,897,0.4001,MTL-Flat-full
1,898,0.5829,MTL-Flat-full
1,899,0.6498,MTL-Flat-full
1,900,0.7152,MTL-Flat-full
1,901,0.5201,MTL-Flat-full
1,902,0.4433,MTL-Flat-full
1,903,0.4325,MTL-Flat-full
1,904,0.3919,MTL-Flat-full
1,905,0.3902,MTL-Flat-full
1,906,0.3838,MTL-Flat-full
1,907,0.3823,MTL-Flat-full
1,908,0.3881,MTL-Flat-full
1,909,0.3815,MTL-Flat-full
1,910,0.3853,MTL-Flat-full
1,911,0.5067,MTL-Flat-full
1,912,0.7177,MTL-Flat-full
1,913,0.5276,MTL-Flat-full
1,914,0.4402,MTL-Flat-full
1,915,0.4374,MTL-Flat-full
1,916,0.4456,MTL-Flat-full
1,917,0.4088,MTL-Flat-full
1,918,0.3873,MTL-Flat-full
1,919,0.7306,MTL-Flat-full
1,920,0.4178,MTL-Flat-full
1,921,0.4324,MTL-Flat-full
1,922,0.4307,MTL-Flat-full
1,923,0.4172,MTL-Flat-full
1,924,0.7496,MTL-Flat-full
1,925,0.7078,MTL-Flat-full
1,926,0.4499,MTL-Flat-full
1,927,0.4504,MTL-Flat-full
1,928,0.4364,MTL-Flat-full
1,929,0.4105,MTL-Flat-full
1,930,0.3989,MTL-Flat-full
1,931,0.3958,MTL-Flat-full
1,932,0.4029,MTL-Flat-full
1,933,0.3816,MTL-Flat-full
1,934,0.4388,MTL-Flat-full
1,935,0.3945,MTL-Flat-full
1,936,0.3911,MTL-Flat-full
1,937,0.7669,MTL-Flat-full
1,938,0.5911,MTL-Flat-full
1,939,0.4345,MTL-Flat-full
1,940,0.4523,MTL-Flat-full
1,941,0.4164,MTL-Flat-full
1,942,0.485,MTL-Flat-full
1,943,0.4233,MTL-Flat-full
1,944,0.3868,MTL-Flat-full
1,945,0.4026,MTL-Flat-full
1,946,0.3804,MTL-Flat-full
1,947,0.3941,MTL-Flat-full
1,948,0.3921,MTL-Flat-full
1,949,0.3932,MTL-Flat-full
1,950,0.5844,MTL-Flat-full
1,951,0.8104,MTL-Flat-full
1,952,0.5221,MTL-Flat-full
1,953,0.4558,MTL-Flat-full
1,954,0.4472,MTL-Flat-full
1,955,0.4272,MTL-Flat-full
1,956,0.3919,MTL-Flat-full
1,957,0.3852,MTL-Flat-full
1,958,0.4132,MTL-Flat-full
1,959,0.3845,MTL-Flat-full
1,960,0.3844,MTL-Flat-full
1,961,0.3824,MTL-Flat-full
1,962,0.4035,MTL-Flat-full
1,963,0.499,MTL-Flat-full
1,964,0.8069,MTL-Flat-full
1,965,0.5881,MTL-Flat-full
1,966,0.449,MTL-Flat-full
1,967,0.4368,MTL-Flat-full
1,968,0.4056,MTL-Flat-full
1,969,0.39,MTL-Flat-full
1,970,0.3927,MTL-Flat-full
1,971,0.3842,MTL-Flat-full
1,972,0.3904,MTL-Flat-full
1,973,0.3829,MTL-Flat-full
1,974,0.3846,MTL-Flat-full
1,975,0.3884,MTL-Flat-full
1,976,0.3812,MTL-Flat-full
1,977,0.7261,MTL-Flat-full
1,978,0.6122,MTL-Flat-full
1,979,0.4439,MTL-Flat-full
1,980,0.429,MTL-Flat-full
1,981,0.4482,MTL-Flat-full
1,982,0.4087,MTL-Flat-full
1,983,0.4083,MTL-Flat-full
1,984,0.401,MTL-Flat-full
1,985,0.3837,MTL-Flat-full
1,986,0.489,MTL-Flat-full
1,987,0.6996,MTL-Flat-full
1,988,0.4098,MTL-Flat-full
1,989,0.5334,MTL-Flat-full
1,990,0.7084,MTL-Flat-full
1,991,0.573,MTL-Flat-full
1,992,0.4605,MTL-Flat-full
1,993,0.4548,MTL-Flat-full
1,994,0.4323,MTL-Flat-full
1,995,0.5684,MTL-Flat-full
1,996,0.4976,MTL-Flat-full
1,997,0.4003,MTL-Flat-full
1,998,0.4881,MTL-Flat-full
1,999,0.3978,MTL-Flat-full
1,1000,0.3827,MTL-Flat-full
2,1,0.3898,MTL-Flat-full
2,2,0.5266,MTL-Flat-full
2,3,0.715,MTL-Flat-full
2,4,0.506,MTL-Flat-full
2,5,0.4345,MTL-Flat-full
2,6,0.414,MTL-Flat-full
2,7,0.4395,MTL-Flat-full
2,8,0.4081,MTL-Flat-full
2,9,0.4037,MTL-Flat-full
2,10,0.4041,MTL-Flat-full
2,11,0.5477,MTL-Flat-full
2,12,0.4661,MTL-Flat-full
2,13,0.5009,MTL-Flat-full
2,14,0.4417,MTL-Flat-full
2,15,1.2239,MTL-Flat-full
2,16,0.8272,MTL-Flat-full
2,17,0.6055,MTL-Flat-full
2,18,0.62,MTL-Flat-full
2,19,0.4327,MTL-Flat-full
2,20,0.4353,MTL-Flat-full
2,21,0.3896,MTL-Flat-full
2,22,0.3926,MTL-Flat-full
2,23,0.3809,MTL-Flat-full
2,24,0.4887,MTL-Flat-full
2,25,0.446,MTL-Flat-full
2,26,0.7217,MTL-Flat-full
2,27,0.6938,MTL-Flat-full
2,28,0.5118,MTL-Flat-full
2,29,0.4848,MTL-Flat-full
2,30,0.4042,MTL-Flat-full
2,31,0.3951,MTL-Flat-full
2,32,0.5595,MTL-Flat-full
2,33,0.4139,MTL-Flat-full
2,34,0.3852,MTL-Flat-full
2,35,0.3858,MTL-Flat-full
2,36,0.3948,MTL-Flat-full
2,37,0.3873,MTL-Flat-full
2,38,0.5367,MTL-Flat-full
2,39,0.7407,MTL-Flat-full
2,40,0.5176,MTL-Flat-full
2,41,0.4221,MTL-Flat-full
2,42,0.4418,MTL-Flat-full
2,43,0.4136,MTL-Flat-full
2,44,0.3924,MTL-Flat-full
2,45,0.3967,MTL-Flat-full
2,46,0.6058,MTL-Flat-full
2,47,0.417,MTL-Flat-full
2,48,0.3882,MTL-Flat-full
2,49,0.3944,MTL-Flat-full
2,50,0.4014,MTL-Flat-full
2,51,0.7786,MTL-Flat-full
2,52,0.7264,MTL-Flat-full
2,53,0.4827,MTL-Flat-full
2,54,0.4362,MTL-Flat-full
2,55,0.4397,MTL-Flat-full
2,56,0.4086,MTL-Flat-full
2,57,0.3956,MTL-Flat-full
2,58,0.3859,MTL-Flat-full
2,59,0.3864,MTL-Flat-full
2,60,0.389,MTL-Flat-full
2,61,0.3833,MTL-Flat-full
2,62,0.3908,MTL-Flat-full
2,63,0.461,MTL-Flat-full
2,64,0.7417,MTL-Flat-full
2,65,0.6788,MTL-Flat-full
2,66,0.5055,MTL-Flat-full
2,67,0.4279,MTL-Flat-full
2,68,0.4409,MTL-Flat-full
2,69,0.4235,MTL-Flat-full
2,70,0.4084,MTL-Flat-full
2,71,0.4172,MTL-Flat-full
2,72,0.4046,MTL-Flat-full
2,73,0.3843,MTL-Flat-full
2,74,0.3831,MTL-Flat-full
2,75,0.3913,MTL-Flat-full
2,76,0.3838,MTL-Flat-full
2,77,0.5289,MTL-Flat-full
2,78,0.6928,MTL-Flat-full
2,79,0.5728,MTL-Flat-full
2,80,0.7209,MTL-Flat-full
2,81,0.4772,MTL-Flat-full
2,82,0.4046,MTL-Flat-full
2,83,0.404,MTL-Flat-full
2,84,0.4343,MTL-Flat-full
2,85,0.3846,MTL-Flat-full
2,86,0.3838,MTL-Flat-full
2,87,0.3857,MTL-Flat-full
2,88,0.3917,MTL-Flat-full
2,89,0.3824,MTL-Flat-full
2,90,0.6397,MTL-Flat-full
2,91,0.7253,MTL-Flat-full
2,92,0.6165,MTL-Flat-full
2,93,0.5278,MTL-Flat-full
2,94,0.4323,MTL-Flat-full
2,95,0.4079,MTL-Flat-full
2,96,0.3867,MTL-Flat-full
2,97,0.3834,MTL-Flat-full
2,98,0.3851,MTL-Flat-full
2,99,0.3839,MTL-Flat-full
2,100,0.3816,MTL-Flat-full
2,101,0.3906,MTL-Flat-full
2,102,0.383,MTL-Flat-full
2,103,0.5972,MTL-Flat-full
2,104,0.7113,MTL-Flat-full
2,105,0.4606,MTL-Flat-full
2,106,0.4432,MTL-Flat-full
2,107,0.4129,MTL-Flat-full
2,108,0.3922,MTL-Flat-full
2,109,0.3952,MTL-Flat-full
2,110,0.3868,MTL-Flat-full
2,111,0.3831,MTL-Flat-full
2,112,0.3818,MTL-Flat-full
2,113,0.3841,MTL-Flat-full
2,114,0.601,MTL-Flat-full
2,115,0.6798,MTL-Flat-full
2,116,0.9345,MTL-Flat-full
2,117,0.6366,MTL-Flat-full
2,118,0.4462,MTL-Flat-full
2,119,0.4525,MTL-Flat-full
2,120,0.4104,MTL-Flat-full
2,121,0.4079,MTL-Flat-full
2,122,0.394,MTL-Flat-full
2,123,0.3826,MTL-Flat-full
2,124,0.3823,MTL-Flat-full
2,125,0.3817,MTL-Flat-full
2,126,0.3899,MTL-Flat-full
2,127,0.3835,MTL-Flat-full
2,128,0.3826,MTL-Flat-full
2,129,0.664,MTL-Flat-full
2,130,0.655,MTL-Flat-full
2,131,0.4388,MTL-Flat-full
2,132,0.4221,MTL-Flat-full
2,133,0.4241,MTL-Flat-full
2,134,0.4101,MTL-Flat-full
2,135,0.4973,MTL-Flat-full
2,136,0.3945,MTL-Flat-full
2,137,0.3819,MTL-Flat-full
2,138,0.3819,MTL-Flat-full
2,139,0.3934,MTL-Flat-full
2,140,0.3875,MTL-Flat-full
2,141,0.3834,MTL-Flat-full
2,142,0.5711,MTL-Flat-full
2,143,0.7082,MTL-Flat-full
2,144,0.4815,MTL-Flat-full
2,145,0.4438,MTL-Flat-full
2,146,0.4278,MTL-Flat-full
2,147,0.5663,MTL-Flat-full
2,148,0.4691,MTL-Flat-full
2,149,0.4104,MTL-Flat-full
2,150,0.3926,MTL-Flat-full
2,151,0.5163,MTL-Flat-full
2,152,0.5866,MTL-Flat-full
2,153,0.5644,MTL-Flat-full
2,154,0.6116,MTL-Flat-full
2,155,0.7514,MTL-Flat-full
2,156,0.511,MTL-Flat-full
2,157,0.4602,MTL-Flat-full
2,158,0.4344,MTL-Flat-full
2,159,0.3988,MTL-Flat-full
2,160,0.387,MTL-Flat-full
2,161,0.3838,MTL-Flat-full
2,162,0.3923,MTL-Flat-full
2,163,0.3852,MTL-Flat-full
2,164,0.3815,MTL-Flat-full
2,165,0.533,MTL-Flat-full
2,166,0.4033,MTL-Flat-full
2,167,0.6107,MTL-Flat-full
2,168,0.697,MTL-Flat-full
2,169,0.6726,MTL-Flat-full
2,170,0.6178,MTL-Flat-full
2,171,0.4259,MTL-Flat-full
2,172,0.3885,MTL-Flat-full
2,173,0.3896,MTL-Flat-full
2,174,0.3946,MTL-Flat-full
2,175,0.3838,MTL-Flat-full
2,176,0.3902,MTL-Flat-full
2,177,0.479,MTL-Flat-full
2,178,0.4481,MTL-Flat-full
2,179,0.4901,MTL-Flat-full
2,180,0.8338,MTL-Flat-full
2,181,0.6422,MTL-Flat-full
2,182,0.4605,MTL-Flat-full
2,183,0.7591,MTL-Flat-full
2,184,0.5932,MTL-Flat-full
2,185,0.3898,MTL-Flat-full
2,186,0.6103,MTL-Flat-full
2,187,0.4959,MTL-Flat-full
2,188,0.4843,MTL-Flat-full
2,189,0.4691,MTL-Flat-full
2,190,0.6226,MTL-Flat-full
2,191,0.6614,MTL-Flat-full
2,192,0.4659,MTL-Flat-full
2,193,0.43,MTL-Flat-full
2,194,0.4397,MTL-Flat-full
2,195,0.4371,MTL-Flat-full
2,196,0.3999,MTL-Flat-full
2,197,0.3821,MTL-Flat-full
2,198,0.3925,MTL-Flat-full
2,199,0.3841,MTL-Flat-full
2,200,0.381,MTL-Flat-full
2,201,0.3817,MTL-Flat-full
2,202,0.3804,MTL-Flat-full
2,203,0.3991,MTL-Flat-full
2,204,0.6614,MTL-Flat-full
2,205,0.6512,MTL-Flat-full
2,206,0.467,MTL-Flat-full
2,207,0.4313,MTL-Flat-full
2,208,0.4143,MTL-Flat-full
2,209,0.447,MTL-Flat-full
2,210,0.3914,MTL-Flat-full
2,211,0.3927,MTL-Flat-full
2,212,0.5436,MTL-Flat-full
2,213,0.4314,MTL-Flat-full
2,214,0.4015,MTL-Flat-full
2,215,0.3864,MTL-Flat-full
2,216,0.3976,MTL-Flat-full
2,217,0.6823,MTL-Flat-full
2,218,0.8405,MTL-Flat-full
2,219,0.8004,MTL-Flat-full
2,220,0.6639,MTL-Flat-full
2,221,0.4382,MTL-Flat-full
2,222,0.4688,MTL-Flat-full
2,223,0.3898,MTL-Flat-full
2,224,0.3842,MTL-Flat-full
2,225,0.3839,MTL-Flat-full
2,226,0.3941,MTL-Flat-full
2,227,0.3952,MTL-Flat-full
2,228,0.501,MTL-Flat-full
2,229,0.5874,MTL-Flat-full
2,230,0.6397,MTL-Flat-full
2,231,0.4309,MTL-Flat-full
2,232,0.5043,MTL-Flat-full
2,233,0.5203,MTL-Flat-full
2,234,0.4208,MTL-Flat-full
2,235,0.3915,MTL-Flat-full
2,236,0.4007,MTL-Flat-full
2,237,0.3908,MTL-Flat-full
2,238,0.4329,MTL-Flat-full
2,239,0.4015,MTL-Flat-full
2,240,0.4763,MTL-Flat-full
2,241,0.6058,MTL-Flat-full
2,242,0.992,MTL-Flat-full
2,243,0.6174,MTL-Flat-full
2,244,0.6157,MTL-Flat-full
2,245,0.5366,MTL-Flat-full
2,246,0.4018,MTL-Flat-full
2,247,0.3862,MTL-Flat-full
2,248,0.6023,MTL-Flat-full
2,249,0.585,MTL-Flat-full
2,250,0.4321,MTL-Flat-full
2,251,0.3925,MTL-Flat-full
2,252,0.721,MTL-Flat-full
2,253,0.6378,MTL-Flat-full
2,254,0.4357,MTL-Flat-full
2,255,0.418,MTL-Flat-full
2,256,0.4888,MTL-Flat-full
2,257,0.5524,MTL-Flat-full
2,258,0.42,MTL-Flat-full
2,259,0.3997,MTL-Flat-full
2,260,0.3872,MTL-Flat-full
2,261,0.3798,MTL-Flat-full
2,262,0.3806,MTL-Flat-full
2,263,0.3855,MTL-Flat-full
2,264,0.3895,MTL-Flat-full
2,265,0.6138,MTL-Flat-full
2,266,0.6989,MTL-Flat-full
2,267,0.4623,MTL-Flat-full
2,268,0.4964,MTL-Flat-full
2,269,0.4326,MTL-Flat-full
2,270,0.3989,MTL-Flat-full
2,271,0.3847,MTL-Flat-full
2,272,0.3823,MTL-Flat-full
2,273,0.5777,MTL-Flat-full
2,274,0.4546,MTL-Flat-full
2,275,0.3932,MTL-Flat-full
2,276,0.3868,MTL-Flat-full
2,277,0.4053,MTL-Flat-full
2,278,0.7204,MTL-Flat-full
2,279,0.7092,MTL-Flat-full
2,280,0.4894,MTL-Flat-full
2,281,0.4445,MTL-Flat-full
2,282,0.4358,MTL-Flat-full
2,283,0.3993,MTL-Flat-full
2,284,0.3838,MTL-Flat-full
2,285,0.3928,MTL-Flat-full
2,286,0.3816,MTL-Flat-full
2,287,0.3922,MTL-Flat-full
2,288,0.3797,MTL-Flat-full
2,289,0.3813,MTL-Flat-full
2,290,0.3876,MTL-Flat-full
2,291,0.5624,MTL-Flat-full
2,292,0.715,MTL-Flat-full
2,293,0.4817,MTL-Flat-full
2,294,0.4485,MTL-Flat-full
2,295,0.4087,MTL-Flat-full
2,296,0.392,MTL-Flat-full
2,297,0.3814,MTL-Flat-full
2,298,0.3833,MTL-Flat-full
2,299,0.3938,MTL-Flat-full
2,300,0.389,MTL-Flat-full
2,301,0.6501,MTL-Flat-full
2,302,0.466,MTL-Flat-full
2,303,0.3985,MTL-Flat-full
2,304,0.5496,MTL-Flat-full
2,305,0.8261,MTL-Flat-full
2,306,0.5713,MTL-Flat-full
2,307,0.4485,MTL-Flat-full
2,308,0.4493,MTL-Flat-full
2,309,0.4077,MTL-Flat-full
2,310,0.3892,MTL-Flat-full
2,311,0.4011,MTL-Flat-full
2,312,0.3863,MTL-Flat-full
2,313,0.3829,MTL-Flat-full
2,314,0.3821,MTL-Flat-full
2,315,0.3808,MTL-Flat-full
2,316,0.3882,MTL-Flat-full
2,317,0.478,MTL-Flat-full
2,318,0.758,MTL-Flat-full
2,319,0.5245,MTL-Flat-full
2,320,0.4321,MTL-Flat-full
2,321,0.4837,MTL-Flat-full
2,322,0.4521,MTL-Flat-full
2,323,0.3967,MTL-Flat-full
2,324,0.4036,MTL-Flat-full
2,325,0.3907,MTL-Flat-full
2,326,0.3831,MTL-Flat-full
2,327,0.3809,MTL-Flat-full
2,328,0.3783,MTL-Flat-full
2,329,0.3869,MTL-Flat-full
2,330,0.3834,MTL-Flat-full
2,331,0.5671,MTL-Flat-full
2,332,0.7646,MTL-Flat-full
2,333,0.6465,MTL-Flat-full
2,334,0.5524,MTL-Flat-full
2,335,0.4263,MTL-Flat-full
2,336,0.3916,MTL-Flat-full
2,337,0.3922,MTL-Flat-full
2,338,0.3825,MTL-Flat-full
2,339,0.8352,MTL-Flat-full
2,340,0.6402,MTL-Flat-full
2,341,0.713,MTL-Flat-full
2,342,0.7609,MTL-Flat-full
2,343,0.683,MTL-Flat-full
2,344,0.5527,MTL-Flat-full
2,345,0.4851,MTL-Flat-full
2,346,0.4087,MTL-Flat-full
2,347,0.3874,MTL-Flat-full
2,348,0.3968,MTL-Flat-full
2,349,0.3839,MTL-Flat-full
2,350,0.3832,MTL-Flat-full
2,351,0.3925,MTL-Flat-full
2,352,0.3819,MTL-Flat-full
2,353,0.3905,MTL-Flat-full
2,354,0.4898,MTL-Flat-full
2,355,0.7101,MTL-Flat-full
2,356,0.514,MTL-Flat-full
2,357,0.4443,MTL-Flat-full
2,358,0.4174,MTL-Flat-full
2,359,0.3922,MTL-Flat-full
2,360,0.3866,MTL-Flat-full
2,361,0.382,MTL-Flat-full
2,362,0.43,MTL-Flat-full
2,363,0.3989,MTL-Flat-full
2,364,0.4225,MTL-Flat-full
2,365,0.3899,MTL-Flat-full
2,366,0.3822,MTL-Flat-full
2,367,0.4016,MTL-Flat-full
2,368,0.5316,MTL-Flat-full
2,369,0.9975,MTL-Flat-full
2,370,0.6606,MTL-Flat-full
2,371,0.4837,MTL-Flat-full
2,372,0.4325,MTL-Flat-full
2,373,0.4068,MTL-Flat-full
2,374,0.3955,MTL-Flat-full
2,375,0.3834,MTL-Flat-full
2,376,0.3837,MTL-Flat-full
2,377,0.3836,MTL-Flat-full
2,378,0.3822,MTL-Flat-full
2,379,0.3937,MTL-Flat-full
2,380,0.3836,MTL-Flat-full
2,381,0.7574,MTL-Flat-full
2,382,0.6031,MTL-Flat-full
2,383,0.5209,MTL-Flat-full
2,384,0.5242,MTL-Flat-full
2,385,0.4245,MTL-Flat-full
2,386,0.3989,MTL-Flat-full
2,387,0.4041,MTL-Flat-full
2,388,0.3833,MTL-Flat-full
2,389,0.3839,MTL-Flat-full
2,390,0.3819,MTL-Flat-full
2,391,0.3815,MTL-Flat-full
2,392,0.3938,MTL-Flat-full
2,393,0.3831,MTL-Flat-full
2,394,0.6365,MTL-Flat-full
2,395,0.6839,MTL-Flat-full
2,396,0.4761,MTL-Flat-full
2,397,0.4852,MTL-Flat-full
2,398,0.409,MTL-Flat-full
2,399,0.3882,MTL-Flat-full
2,400,0.3979,MTL-Flat-full
2,401,0.3862,MTL-Flat-full
2,402,0.3862,MTL-Flat-full
2,403,0.5435,MTL-Flat-full
2,404,0.623,MTL-Flat-full
2,405,0.5517,MTL-Flat-full
2,406,0.756,MTL-Flat-full
2,407,1.0445,MTL-Flat-full
2,408,0.8522,MTL-Flat-full
2,409,0.7698,MTL-Flat-full
2,410,0.4095,MTL-Flat-full
2,411,0.406,MTL-Flat-full
2,412,0.4619,MTL-Flat-full
2,413,0.5204,MTL-Flat-full
2,414,0.3944,MTL-Flat-full
2,415,0.3962,MTL-Flat-full
2,416,0.5272,MTL-Flat-full
2,417,0.7534,MTL-Flat-full
2,418,0.5768,MTL-Flat-full
2,419,0.4387,MTL-Flat-full
2,420,0.4423,MTL-Flat-full
2,421,0.408,MTL-Flat-full
2,422,0.3885,MTL-Flat-full
2,423,0.4905,MTL-Flat-full
2,424,0.4105,MTL-Flat-full
2,425,0.4425,MTL-Flat-full
2,426,0.386,MTL-Flat-full
2,427,0.3836,MTL-Flat-full
2,428,0.3925,MTL-Flat-full
2,429,0.4909,MTL-Flat-full
2,430,0.7854,MTL-Flat-full
2,431,0.4944,MTL-Flat-full
2,432,0.4414,MTL-Flat-full
2,433,0.5353,MTL-Flat-full
2,434,0.4571,MTL-Flat-full
2,435,0.3941,MTL-Flat-full
2,436,0.3958,MTL-Flat-full
2,437,0.3852,MTL-Flat-full
2,438,0.3849,MTL-Flat-full
2,439,0.3844,MTL-Flat-full
2,440,0.3811,MTL-Flat-full
2,441,0.3912,MTL-Flat-full
2,442,0.3916,MTL-Flat-full
2,443,0.7458,MTL-Flat-full
2,444,0.6082,MTL-Flat-full
2,445,0.4703,MTL-Flat-full
2,446,0.4135,MTL-Flat-full
2,447,0.4616,MTL-Flat-full
2,448,0.4253,MTL-Flat-full
2,449,0.4058,MTL-Flat-full
2,450,0.3855,MTL-Flat-full
2,451,0.3826,MTL-Flat-full
2,452,0.3956,MTL-Flat-full
2,453,0.381,MTL-Flat-full
2,454,0.3828,MTL-Flat-full
2,455,0.4057,MTL-Flat-full
2,456,0.5497,MTL-Flat-full
2,457,0.7189,MTL-Flat-full
2,458,0.4973,MTL-Flat-full
2,459,0.4223,MTL-Flat-full
2,460,0.424,MTL-Flat-full
2,461,0.4164,MTL-Flat-full
2,462,0.4084,MTL-Flat-full
2,463,0.3954,MTL-Flat-full
2,464,0.3852,MTL-Flat-full
2,465,0.3887,MTL-Flat-full
2,466,0.3866,MTL-Flat-full
2,467,0.3919,MTL-Flat-full
2,468,0.5702,MTL-Flat-full
2,469,0.7587,MTL-Flat-full
2,470,0.7092,MTL-Flat-full
2,471,0.567,MTL-Flat-full
2,472,0.5677,MTL-Flat-full
2,473,0.4276,MTL-Flat-full
2,474,0.3972,MTL-Flat-full
2,475,0.3957,MTL-Flat-full
2,476,0.3882,MTL-Flat-full
2,477,0.3974,MTL-Flat-full
2,478,0.3835,MTL-Flat-full
2,479,0.3827,MTL-Flat-full
2,480,0.3897,MTL-Flat-full
2,481,0.3842,MTL-Flat-full
2,482,0.5732,MTL-Flat-full
2,483,0.712,MTL-Flat-full
2,484,0.4921,MTL-Flat-full
2,485,0.4483,MTL-Flat-full
2,486,0.4294,MTL-Flat-full
2,487,0.3985,MTL-Flat-full
2,488,0.4198,MTL-Flat-full
2,489,0.4229,MTL-Flat-full
2,490,0.3846,MTL-Flat-full
2,491,0.428,MTL-Flat-full
2,492,0.3836,MTL-Flat-full
2,493,0.3812,MTL-Flat-full
2,494,0.3904,MTL-Flat-full
2,495,0.3923,MTL-Flat-full
2,496,0.7944,MTL-Flat-full
2,497,0.6627,MTL-Flat-full
2,498,0.4314,MTL-Flat-full
2,499,0.439,MTL-Flat-full
2,500,0.4258,MTL-Flat-full
2,501,0.3974,MTL-Flat-full
2,502,0.6655,MTL-Flat-full
2,503,0.4679,MTL-Flat-full
2,504,0.3971,MTL-Flat-full
2,505,0.3872,MTL-Flat-full
2,506,0.4089,MTL-Flat-full
2,507,0.4728,MTL-Flat-full
2,508,0.8346,MTL-Flat-full
2,509,0.924,MTL-Flat-full
2,510,0.6568,MTL-Flat-full
2,511,0.4476,MTL-Flat-full
2,512,0.5199,MTL-Flat-full
2,513,0.433,MTL-Flat-full
2,514,0.4053,MTL-Flat-full
2,515,0.3855,MTL-Flat-full
2,516,0.3847,MTL-Flat-full
2,517,0.3938,MTL-Flat-full
2,518,0.3843,MTL-Flat-full
2,519,0.4509,MTL-Flat-full
2,520,0.6996,MTL-Flat-full
2,521,0.6503,MTL-Flat-full
2,522,0.4386,MTL-Flat-full
2,523,0.4249,MTL-Flat-full
2,524,0.3962,MTL-Flat-full
2,525,0.3847,MTL-Flat-full
2,526,0.3964,MTL-Flat-full
2,527,0.3822,MTL-Flat-full
2,528,0.384,MTL-Flat-full
2,529,0.3808,MTL-Flat-full
2,530,0.39,MTL-Flat-full
2,531,0.4199,MTL-Flat-full
2,532,0.3917,MTL-Flat-full
2,533,0.5221,MTL-Flat-full
2,534,0.889,MTL-Flat-full
2,535,0.5216,MTL-Flat-full
2,536,0.4514,MTL-Flat-full
2,537,0.5555,MTL-Flat-full
2,538,0.4055,MTL-Flat-full
2,539,0.3955,MTL-Flat-full
2,540,0.3897,MTL-Flat-full
2,541,0.3971,MTL-Flat-full
2,542,0.3848,MTL-Flat-full
2,543,0.3838,MTL-Flat-full
2,544,0.3856,MTL-Flat-full
2,545,0.3847,MTL-Flat-full
2,546,0.5751,MTL-Flat-full
2,547,0.7166,MTL-Flat-full
2,548,0.4692,MTL-Flat-full
2,549,0.4465,MTL-Flat-full
2,550,0.4173,MTL-Flat-full
2,551,0.3941,MTL-Flat-full
2,552,0.4841,MTL-Flat-full
2,553,0.4963,MTL-Flat-full
2,554,0.4803,MTL-Flat-full
2,555,0.4265,MTL-Flat-full
2,556,0.4434,MTL-Flat-full
2,557,0.3924,MTL-Flat-full
2,558,0.394,MTL-Flat-full
2,559,0.6266,MTL-Flat-full
2,560,0.7038,MTL-Flat-full
2,561,0.4712,MTL-Flat-full
2,562,0.4626,MTL-Flat-full
2,563,0.4284,MTL-Flat-full
2,564,0.3947,MTL-Flat-full
2,565,0.4074,MTL-Flat-full
2,566,0.8635,MTL-Flat-full
2,567,0.5704,MTL-Flat-full
2,568,0.399,MTL-Flat-full
2,569,0.3915,MTL-Flat-full
2,570,0.6429,MTL-Flat-full
2,571,1.0346,MTL-Flat-full
2,572,0.5658,MTL-Flat-full
2,573,0.4315,MTL-Flat-full
2,574,0.4557,MTL-Flat-full
2,575,0.4316,MTL-Flat-full
2,576,0.4174,MTL-Flat-full
2,577,0.3859,MTL-Flat-full
2,578,0.382,MTL-Flat-full
2,579,0.3818,MTL-Flat-full
2,580,0.3824,MTL-Flat-full
2,581,0.391,MTL-Flat-full
2,582,0.3829,MTL-Flat-full
2,583,0.5505,MTL-Flat-full
2,584,0.7085,MTL-Flat-full
2,585,0.4722,MTL-Flat-full
2,586,0.4382,MTL-Flat-full
2,587,0.4062,MTL-Flat-full
2,588,0.3898,MTL-Flat-full
2,589,0.3838,MTL-Flat-full
2,590,0.398,MTL-Flat-full
2,591,0.3833,MTL-Flat-full
2,592,0.3943,MTL-Flat-full
2,593,0.5069,MTL-Flat-full
2,594,0.4092,MTL-Flat-full
2,595,0.3962,MTL-Flat-full
2,596,0.3826,MTL-Flat-full
2,597,0.7295,MTL-Flat-full
2,598,0.7508,MTL-Flat-full
2,599,0.5138,MTL-Flat-full
2,600,0.4591,MTL-Flat-full
2,601,0.4178,MTL-Flat-full
2,602,0.3916,MTL-Flat-full
2,603,0.4028,MTL-Flat-full
2,604,0.3854,MTL-Flat-full
2,605,0.3813,MTL-Flat-full
2,606,0.3825,MTL-Flat-full
2,607,0.382,MTL-Flat-full
2,608,0.3932,MTL-Flat-full
2,609,0.3928,MTL-Flat-full
2,610,0.7247,MTL-Flat-full
2,611,0.6665,MTL-Flat-full
2,612,0.4514,MTL-Flat-full
2,613,0.456,MTL-Flat-full
2,614,0.4901,MTL-Flat-full
2,615,0.3954,MTL-Flat-full
2,616,0.4036,MTL-Flat-full
2,617,0.4273,MTL-Flat-full
2,618,0.3836,MTL-Flat-full
2,619,0.3827,MTL-Flat-full
2,620,0.3825,MTL-Flat-full
2,621,0.3924,MTL-Flat-full
2,622,0.381,MTL-Flat-full
2,623,0.6856,MTL-Flat-full
2,624,0.7774,MTL-Flat-full
2,625,0.4905,MTL-Flat-full
2,626,0.4654,MTL-Flat-full
2,627,0.4227,MTL-Flat-full
2,628,0.3931,MTL-Flat-full
2,629,0.4027,MTL-Flat-full
2,630,0.3845,MTL-Flat-full
2,631,0.384,MTL-Flat-full
2,632,0.3839,MTL-Flat-full
2,633,0.3817,MTL-Flat-full
2,634,0.5218,MTL-Flat-full
2,635,0.4344,MTL-Flat-full
2,636,0.7872,MTL-Flat-full
2,637,0.7971,MTL-Flat-full
2,638,0.477,MTL-Flat-full
2,639,0.4359,MTL-Flat-full
2,640,0.453,MTL-Flat-full
2,641,0.4361,MTL-Flat-full
2,642,0.3971,MTL-Flat-full
2,643,0.3878,MTL-Flat-full
2,644,0.384,MTL-Flat-full
2,645,0.3824,MTL-Flat-full
2,646,0.3922,MTL-Flat-full
2,647,0.384,MTL-Flat-full
2,648,0.3821,MTL-Flat-full
2,649,0.6502,MTL-Flat-full
2,650,0.6691,MTL-Flat-full
2,651,0.4555,MTL-Flat-full
2,652,0.4376,MTL-Flat-full
2,653,0.4066,MTL-Flat-full
2,654,0.3908,MTL-Flat-full
2,655,0.4018,MTL-Flat-full
2,656,0.391,MTL-Flat-full
2,657,0.3979,MTL-Flat-full
2,658,0.4257,MTL-Flat-full
2,659,0.3918,MTL-Flat-full
2,660,0.3959,MTL-Flat-full
2,661,0.3837,MTL-Flat-full
2,662,0.4435,MTL-Flat-full
2,663,0.7241,MTL-Flat-full
2,664,0.5726,MTL-Flat-full
2,665,0.4242,MTL-Flat-full
2,666,0.4272,MTL-Flat-full
2,667,0.589,MTL-Flat-full
2,668,0.4397,MTL-Flat-full
2,669,0.3939,MTL-Flat-full
2,670,0.389,MTL-Flat-full
2,671,0.6607,MTL-Flat-full
2,672,0.6003,MTL-Flat-full
2,673,0.4,MTL-Flat-full
2,674,0.659,MTL-Flat-full
2,675,0.8094,MTL-Flat-full
2,676,0.4879,MTL-Flat-full
2,677,0.4626,MTL-Flat-full
2,678,0.6013,MTL-Flat-full
2,679,0.4695,MTL-Flat-full
2,680,0.3925,MTL-Flat-full
2,681,0.3931,MTL-Flat-full
2,682,0.6808,MTL-Flat-full
2,683,0.4626,MTL-Flat-full
2,684,0.3979,MTL-Flat-full
2,685,0.3855,MTL-Flat-full
2,686,0.6622,MTL-Flat-full
2,687,0.746,MTL-Flat-full
2,688,0.4712,MTL-Flat-full
2,689,0.4288,MTL-Flat-full
2,690,0.4402,MTL-Flat-full
2,691,0.4308,MTL-Flat-full
2,692,0.3894,MTL-Flat-full
2,693,0.3845,MTL-Flat-full
2,694,0.3839,MTL-Flat-full
2,695,0.3833,MTL-Flat-full
2,696,0.3942,MTL-Flat-full
2,697,0.3825,MTL-Flat-full
2,698,0.3823,MTL-Flat-full
2,699,0.5369,MTL-Flat-full
2,700,1.1354,MTL-Flat-full
2,701,0.5992,MTL-Flat-full
2,702,0.4376,MTL-Flat-full
2,703,0.4568,MTL-Flat-full
2,704,0.4075,MTL-Flat-full
2,705,0.5478,MTL-Flat-full
2,706,0.4305,MTL-Flat-full
2,707,0.3932,MTL-Flat-full
2,708,0.3852,MTL-Flat-full
2,709,0.3975,MTL-Flat-full
2,710,0.3827,MTL-Flat-full
2,711,0.5406,MTL-Flat-full
2,712,0.7256,MTL-Flat-full
2,713,0.5043,MTL-Flat-full
2,714,0.432,MTL-Flat-full
2,715,0.4176,MTL-Flat-full
2,716,0.3934,MTL-Flat-full
2,717,0.3841,MTL-Flat-full
2,718,0.3954,MTL-Flat-full
2,719,0.4503,MTL-Flat-full
2,720,0.5526,MTL-Flat-full
2,721,0.4132,MTL-Flat-full
2,722,0.3978,MTL-Flat-full
2,723,0.3843,MTL-Flat-full
2,724,0.4502,MTL-Flat-full
2,725,0.7277,MTL-Flat-full
2,726,0.5945,MTL-Flat-full
2,727,0.429,MTL-Flat-full
2,728,0.4311,MTL-Flat-full
2,729,0.4054,MTL-Flat-full
2,730,0.397,MTL-Flat-full
2,731,0.387,MTL-Flat-full
2,732,0.5717,MTL-Flat-full
2,733,0.4485,MTL-Flat-full
2,734,0.3921,MTL-Flat-full
2,735,0.396,MTL-Flat-full
2,736,0.3851,MTL-Flat-full
2,737,0.3984,MTL-Flat-full
2,738,0.66,MTL-Flat-full
2,739,0.6591,MTL-Flat-full
2,740,0.4737,MTL-Flat-full
2,741,0.4745,MTL-Flat-full
2,742,0.4222,MTL-Flat-full
2,743,0.4452,MTL-Flat-full
2,744,0.3949,MTL-Flat-full
2,745,0.3905,MTL-Flat-full
2,746,0.3823,MTL-Flat-full
2,747,0.3825,MTL-Flat-full
2,748,0.3897,MTL-Flat-full
2,749,0.3861,MTL-Flat-full
2,750,0.383,MTL-Flat-full
2,751,0.6035,MTL-Flat-full
2,752,0.6925,MTL-Flat-full
2,753,0.4559,MTL-Flat-full
2,754,0.4372,MTL-Flat-full
2,755,0.4081,MTL-Flat-full
2,756,0.3908,MTL-Flat-full
2,757,0.3947,MTL-Flat-full
2,758,0.3857,MTL-Flat-full
2,759,0.3866,MTL-Flat-full
2,760,0.3831,MTL-Flat-full
2,761,0.3937,MTL-Flat-full
2,762,0.3909,MTL-Flat-full
2,763,0.3813,MTL-Flat-full
2,764,0.4625,MTL-Flat-full
2,765,0.8806,MTL-Flat-full
2,766,0.6878,MTL-Flat-full
2,767,0.4615,MTL-Flat-full
2,768,0.4337,MTL-Flat-full
2,769,0.4335,MTL-Flat-full
2,770,0.4181,MTL-Flat-full
2,771,0.3879,MTL-Flat-full
2,772,0.3838,MTL-Flat-full
2,773,0.3833,MTL-Flat-full
2,774,0.3871,MTL-Flat-full
2,775,0.3932,MTL-Flat-full
2,776,0.3818,MTL-Flat-full
2,777,0.4199,MTL-Flat-full
2,778,0.7174,MTL-Flat-full
2,779,0.6869,MTL-Flat-full
2,780,0.4425,MTL-Flat-full
2,781,0.4244,MTL-Flat-full
2,782,0.4004,MTL-Flat-full
2,783,0.3959,MTL-Flat-full
2,784,0.384,MTL-Flat-full
2,785,0.407,MTL-Flat-full
2,786,0.4109,MTL-Flat-full
2,787,0.3853,MTL-Flat-full
2,788,0.3893,MTL-Flat-full
2,789,0.3922,MTL-Flat-full
2,790,0.384,MTL-Flat-full
2,791,0.4528,MTL-Flat-full
2,792,0.7707,MTL-Flat-full
2,793,0.5721,MTL-Flat-full
2,794,0.4382,MTL-Flat-full
2,795,0.4338,MTL-Flat-full
2,796,0.4219,MTL-Flat-full
2,797,0.3907,MTL-Flat-full
2,798,0.7288,MTL-Flat-full
2,799,0.4574,MTL-Flat-full
2,800,0.3982,MTL-Flat-full
2,801,0.3977,MTL-Flat-full
2,802,0.3861,MTL-Flat-full
2,803,0.3841,MTL-Flat-full
2,804,0.6207,MTL-Flat-full
2,805,0.7244,MTL-Flat-full
2,806,0.5988,MTL-Flat-full
2,807,0.5521,MTL-Flat-full
2,808,0.4953,MTL-Flat-full
2,809,0.3992,MTL-Flat-full
2,810,0.3838,MTL-Flat-full
2,811,0.3812,MTL-Flat-full
2,812,0.3814,MTL-Flat-full
2,813,0.3895,MTL-Flat-full
2,814,0.3974,MTL-Flat-full
2,815,0.3799,MTL-Flat-full
2,816,0.3805,MTL-Flat-full
2,817,0.6754,MTL-Flat-full
2,818,0.7051,MTL-Flat-full
2,819,0.4698,MTL-Flat-full
2,820,0.6301,MTL-Flat-full
2,821,0.489,MTL-Flat-full
2,822,0.4126,MTL-Flat-full
2,823,0.3879,MTL-Flat-full
2,824,0.3851,MTL-Flat-full
2,825,0.3838,MTL-Flat-full
2,826,0.3876,MTL-Flat-full
2,827,0.3828,MTL-Flat-full
2,828,0.4945,MTL-Flat-full
2,829,0.5105,MTL-Flat-full
2,830,0.867,MTL-Flat-full
2,831,0.7895,MTL-Flat-full
2,832,0.4416,MTL-Flat-full
2,833,0.4942,MTL-Flat-full
2,834,0.4267,MTL-Flat-full
2,835,0.4062,MTL-Flat-full
2,836,0.3925,MTL-Flat-full
2,837,0.3836,MTL-Flat-full
2,838,0.3917,MTL-Flat-full
2,839,0.4228,MTL-Flat-full
2,840,0.3866,MTL-Flat-full
2,841,0.383,MTL-Flat-full
2,842,0.7418,MTL-Flat-full
2,843,0.647,MTL-Flat-full
2,844,0.438,MTL-Flat-full
2,845,0.4211,MTL-Flat-full
2,846,0.4007,MTL-Flat-full
2,847,0.4199,MTL-Flat-full
2,848,0.5091,MTL-Flat-full
2,849,0.401,MTL-Flat-full
2,850,0.3837,MTL-Flat-full
2,851,0.3918,MTL-Flat-full
2,852,0.3823,MTL-Flat-full
2,853,0.3813,MTL-Flat-full
2,854,0.3803,MTL-Flat-full
2,855,0.5526,MTL-Flat-full
2,856,0.776,MTL-Flat-full
2,857,0.4856,MTL-Flat-full
2,858,0.4408,MTL-Flat-full
2,859,0.4245,MTL-Flat-full
2,860,0.4113,MTL-Flat-full
2,861,0.3849,MTL-Flat-full
2,862,0.3831,MTL-Flat-full
2,863,0.383,MTL-Flat-full
2,864,0.5146,MTL-Flat-full
2,865,0.495,MTL-Flat-full
2,866,0.3966,MTL-Flat-full
2,867,0.391,MTL-Flat-full
2,868,0.5893,MTL-Flat-full
2,869,0.97,MTL-Flat-full
2,870,0.7227,MTL-Flat-full
2,871,0.4786,MTL-Flat-full
2,872,0.418,MTL-Flat-full
2,873,0.3905,MTL-Flat-full
2,874,0.3964,MTL-Flat-full
2,875,0.3865,MTL-Flat-full
2,876,0.3837,MTL-Flat-full
2,877,0.3819,MTL-Flat-full
2,878,0.3823,MTL-Flat-full
2,879,0.3892,MTL-Flat-full
2,880,0.3922,MTL-Flat-full
2,881,0.7144,MTL-Flat-full
2,882,0.6011,MTL-Flat-full
2,883,0.4378,MTL-Flat-full
2,884,0.4239,MTL-Flat-full
2,885,0.3945,MTL-Flat-full
2,886,0.3846,MTL-Flat-full
2,887,0.3839,MTL-Flat-full
2,888,0.3961,MTL-Flat-full
2,889,0.3995,MTL-Flat-full
2,890,0.3841,MTL-Flat-full
2,891,0.435,MTL-Flat-full
2,892,0.5292,MTL-Flat-full
2,893,0.4146,MTL-Flat-full
2,894,0.613,MTL-Flat-full
2,895,0.6934,MTL-Flat-full
2,896,0.601,MTL-Flat-full
2,897,0.4363,MTL-Flat-full
2,898,0.5191,MTL-Flat-full
2,899,0.5968,MTL-Flat-full
2,900,0.4345,MTL-Flat-full
2,901,0.3981,MTL-Flat-full
2,902,0.3868,MTL-Flat-full
2,903,0.3991,MTL-Flat-full
2,904,0.4741,MTL-Flat-full
2,905,0.4018,MTL-Flat-full
2,906,0.5326,MTL-Flat-full
2,907,0.7413,MTL-Flat-full
2,908,0.4997,MTL-Flat-full
2,909,0.4369,MTL-Flat-full
2,910,0.4321,MTL-Flat-full
2,911,0.4331,MTL-Flat-full
2,912,0.4209,MTL-Flat-full
2,913,0.3875,MTL-Flat-full
2,914,0.3833,MTL-Flat-full
2,915,0.3826,MTL-Flat-full
2,916,0.3915,MTL-Flat-full
2,917,0.3835,MTL-Flat-full
2,918,0.3831,MTL-Flat-full
2,919,0.382,MTL-Flat-full
2,920,0.6821,MTL-Flat-full
2,921,0.6626,MTL-Flat-full
2,922,0.4372,MTL-Flat-full
2,923,0.4367,MTL-Flat-full
2,924,0.4101,MTL-Flat-full
2,925,0.4052,MTL-Flat-full
2,926,0.3864,MTL-Flat-full
2,927,0.3839,MTL-Flat-full
2,928,0.3886,MTL-Flat-full
2,929,0.3832,MTL-Flat-full
2,930,0.6541,MTL-Flat-full
2,931,0.4397,MTL-Flat-full
2,932,0.3965,MTL-Flat-full
2,933,0.7537,MTL-Flat-full
2,934,0.8863,MTL-Flat-full
2,935,0.4777,MTL-Flat-full
2,936,0.6162,MTL-Flat-full
2,937,0.4133,MTL-Flat-full
2,938,0.3899,MTL-Flat-full
2,939,0.4002,MTL-Flat-full
2,940,0.3869,MTL-Flat-full
2,941,0.3802,MTL-Flat-full
2,942,0.383,MTL-Flat-full
2,943,0.388,MTL-Flat-full
2,944,0.3832,MTL-Flat-full
2,945,0.4868,MTL-Flat-full
2,946,0.7412,MTL-Flat-full
2,947,0.4861,MTL-Flat-full
2,948,0.4542,MTL-Flat-full
2,949,0.4203,MTL-Flat-full
2,950,0.3929,MTL-Flat-full
2,951,0.3852,MTL-Flat-full
2,952,0.383,MTL-Flat-full
2,953,0.3927,MTL-Flat-full
2,954,0.3829,MTL-Flat-full
2,955,0.4076,MTL-Flat-full
2,956,0.4046,MTL-Flat-full
2,957,0.3848,MTL-Flat-full
2,958,0.3918,MTL-Flat-full
2,959,0.5005,MTL-Flat-full
2,960,0.7569,MTL-Flat-full
2,961,0.7074,MTL-Flat-full
2,962,0.7064,MTL-Flat-full
2,963,0.5058,MTL-Flat-full
2,964,0.5776,MTL-Flat-full
2,965,0.4256,MTL-Flat-full
2,966,0.3902,MTL-Flat-full
2,967,0.4275,MTL-Flat-full
2,968,0.3953,MTL-Flat-full
2,969,0.3914,MTL-Flat-full
2,970,0.4683,MTL-Flat-full
2,971,0.9153,MTL-Flat-full
2,972,0.8553,MTL-Flat-full
2,973,0.6078,MTL-Flat-full
2,974,0.7207,MTL-Flat-full
2,975,0.4773,MTL-Flat-full
2,976,0.3938,MTL-Flat-full
2,977,0.3838,MTL-Flat-full
2,978,0.3832,MTL-Flat-full
2,979,0.4081,MTL-Flat-full
2,980,0.385,MTL-Flat-full
2,981,0.3836,MTL-Flat-full
2,982,0.6265,MTL-Flat-full
2,983,0.7014,MTL-Flat-full
2,984,0.481,MTL-Flat-full
2,985,0.4294,MTL-Flat-full
2,986,0.429,MTL-Flat-full
2,987,0.4205,MTL-Flat-full
2,988,0.3926,MTL-Flat-full
2,989,0.3897,MTL-Flat-full
2,990,0.3819,MTL-Flat-full
2,991,0.3827,MTL-Flat-full
2,992,0.3941,MTL-Flat-full
2,993,0.3857,MTL-Flat-full
2,994,0.713,MTL-Flat-full
2,995,0.7071,MTL-Flat-full
2,996,0.8962,MTL-Flat-full
2,997,0.6766,MTL-Flat-full
2,998,0.4473,MTL-Flat-full
2,999,0.4135,MTL-Flat-full
2,1000,0.3864,MTL-Flat-full
3,1,0.5888,MTL-Flat-full
3,2,0.6301,MTL-Flat-full
3,3,0.4663,MTL-Flat-full
3,4,0.4234,MTL-Flat-full
3,5,0.3933,MTL-Flat-full
3,6,0.3846,MTL-Flat-full
3,7,0.3848,MTL-Flat-full
3,8,0.3935,MTL-Flat-full
3,9,0.3847,MTL-Flat-full
3,10,0.381,MTL-Flat-full
3,11,0.3809,MTL-Flat-full
3,12,0.5999,MTL-Flat-full
3,13,0.6352,MTL-Flat-full
3,14,0.5726,MTL-Flat-full
3,15,0.4898,MTL-Flat-full
3,16,0.439,MTL-Flat-full
3,17,0.4169,MTL-Flat-full
3,18,0.3891,MTL-Flat-full
3,19,0.3859,MTL-Flat-full
3,20,0.3824,MTL-Flat-full
3,21,0.3817,MTL-Flat-full
3,22,0.3923,MTL-Flat-full
3,23,0.3847,MTL-Flat-full
3,24,0.4192,MTL-Flat-full
3,25,0.4462,MTL-Flat-full
3,26,1.1911,MTL-Flat-full
3,27,0.7077,MTL-Flat-full
3,28,0.5886,MTL-Flat-full
3,29,0.4351,MTL-Flat-full
3,30,0.394,MTL-Flat-full
3,31,0.4,MTL-Flat-full
3,32,0.3917,MTL-Flat-full
3,33,0.3839,MTL-Flat-full
3,34,0.3821,MTL-Flat-full
3,35,0.3816,MTL-Flat-full
3,36,0.3874,MTL-Flat-full
3,37,0.5017,MTL-Flat-full
3,38,0.5829,MTL-Flat-full
3,39,0.604,MTL-Flat-full
3,40,0.4446,MTL-Flat-full
3,41,0.4194,MTL-Flat-full
3,42,0.3928,MTL-Flat-full
3,43,0.3831,MTL-Flat-full
3,44,0.4589,MTL-Flat-full
3,45,0.6777,MTL-Flat-full
3,46,0.5161,MTL-Flat-full
3,47,0.4304,MTL-Flat-full
3,48,0.3909,MTL-Flat-full
3,49,0.4041,MTL-Flat-full
3,50,0.6351,MTL-Flat-full
3,51,0.7591,MTL-Flat-full
3,52,0.511,MTL-Flat-full
3,53,0.427,MTL-Flat-full
3,54,0.4422,MTL-Flat-full
3,55,0.4275,MTL-Flat-full
3,56,0.4015,MTL-Flat-full
3,57,0.5997,MTL-Flat-full
3,58,0.3957,MTL-Flat-full
3,59,0.3851,MTL-Flat-full
3,60,0.3831,MTL-Flat-full
3,61,0.3921,MTL-Flat-full
3,62,0.3844,MTL-Flat-full
3,63,0.6944,MTL-Flat-full
3,64,0.6857,MTL-Flat-full
3,65,0.5177,MTL-Flat-full
3,66,0.4406,MTL-Flat-full
3,67,0.424,MTL-Flat-full
3,68,0.4008,MTL-Flat-full
3,69,0.3996,MTL-Flat-full
3,70,0.3907,MTL-Flat-full
3,71,0.3831,MTL-Flat-full
3,72,0.3831,MTL-Flat-full
3,73,0.3831,MTL-Flat-full
3,74,0.3879,MTL-Flat-full
3,75,0.4571,MTL-Flat-full
3,76,0.7838,MTL-Flat-full
3,77,0.9628,MTL-Flat-full
3,78,0.7664,MTL-Flat-full
3,79,0.7089,MTL-Flat-full
3,80,0.7213,MTL-Flat-full
3,81,0.5894,MTL-Flat-full
3,82,0.4628,MTL-Flat-full
3,83,0.4394,MTL-Flat-full
3,84,0.5273,MTL-Flat-full
3,85,0.5477,MTL-Flat-full
3,86,0.9146,MTL-Flat-full
3,87,0.7879,MTL-Flat-full
3,88,0.4929,MTL-Flat-full
3,89,0.4503,MTL-Flat-full
3,90,0.4219,MTL-Flat-full
3,91,0.3966,MTL-Flat-full
3,92,0.3865,MTL-Flat-full
3,93,0.3836,MTL-Flat-full
3,94,0.3836,MTL-Flat-full
3,95,0.3838,MTL-Flat-full
3,96,0.3943,MTL-Flat-full
3,97,0.4274,MTL-Flat-full
3,98,0.7133,MTL-Flat-full
3,99,0.5968,MTL-Flat-full
3,100,0.4359,MTL-Flat-full
3,101,0.4263,MTL-Flat-full
3,102,0.3952,MTL-Flat-full
3,103,0.3975,MTL-Flat-full
3,104,0.4244,MTL-Flat-full
3,105,0.3896,MTL-Flat-full
3,106,0.3832,MTL-Flat-full
3,107,0.3817,MTL-Flat-full
3,108,0.3825,MTL-Flat-full
3,109,0.3971,MTL-Flat-full
3,110,0.3835,MTL-Flat-full
3,111,0.4805,MTL-Flat-full
3,112,0.717,MTL-Flat-full
3,113,0.5109,MTL-Flat-full
3,114,0.4228,MTL-Flat-full
3,115,0.4264,MTL-Flat-full
3,116,0.4215,MTL-Flat-full
3,117,0.3971,MTL-Flat-full
3,118,0.4424,MTL-Flat-full
3,119,0.3962,MTL-Flat-full
3,120,0.3834,MTL-Flat-full
3,121,0.3821,MTL-Flat-full
3,122,0.3817,MTL-Flat-full
3,123,0.806,MTL-Flat-full
3,124,0.6977,MTL-Flat-full
3,125,0.7995,MTL-Flat-full
3,126,0.5515,MTL-Flat-full
3,127,0.4706,MTL-Flat-full
3,128,0.4113,MTL-Flat-full
3,129,0.6406,MTL-Flat-full
3,130,0.3955,MTL-Flat-full
3,131,0.385,MTL-Flat-full
3,132,0.3833,MTL-Flat-full
3,133,0.4,MTL-Flat-full
3,134,0.3839,MTL-Flat-full
3,135,0.3818,MTL-Flat-full
3,136,0.4904,MTL-Flat-full
3,137,0.7254,MTL-Flat-full
3,138,0.5185,MTL-Flat-full
3,139,0.433,MTL-Flat-full
3,140,0.4213,MTL-Flat-full
3,141,0.4066,MTL-Flat-full
3,142,0.3863,MTL-Flat-full
3,143,0.3826,MTL-Flat-full
3,144,0.3858,MTL-Flat-full
3,145,0.3831,MTL-Flat-full
3,146,0.4062,MTL-Flat-full
3,147,0.644,MTL-Flat-full
3,148,0.6639,MTL-Flat-full
3,149,0.7257,MTL-Flat-full
3,150,0.7331,MTL-Flat-full
3,151,0.4786,MTL-Flat-full
3,152,0.4515,MTL-Flat-full
3,153,0.6656,MTL-Flat-full
3,154,0.5885,MTL-Flat-full
3,155,0.4002,MTL-Flat-full
3,156,0.3906,MTL-Flat-full
3,157,0.6748,MTL-Flat-full
3,158,0.5756,MTL-Flat-full
3,159,0.4012,MTL-Flat-full
3,160,0.8276,MTL-Flat-full
3,161,0.6991,MTL-Flat-full
3,162,0.4503,MTL-Flat-full
3,163,0.4666,MTL-Flat-full
3,164,0.4246,MTL-Flat-full
3,165,0.5247,MTL-Flat-full
3,166,0.4179,MTL-Flat-full
3,167,0.3989,MTL-Flat-full
3,168,0.3915,MTL-Flat-full
3,169,0.3829,MTL-Flat-full
3,170,0.3837,MTL-Flat-full
3,171,0.3819,MTL-Flat-full
3,172,0.425,MTL-Flat-full
3,173,0.7469,MTL-Flat-full
3,174,0.6198,MTL-Flat-full
3,175,0.4303,MTL-Flat-full
3,176,0.4892,MTL-Flat-full
3,177,0.506,MTL-Flat-full
3,178,0.4826,MTL-Flat-full
3,179,0.398,MTL-Flat-full
3,180,0.3974,MTL-Flat-full
3,181,0.3846,MTL-Flat-full
3,182,0.3829,MTL-Flat-full
3,183,0.3816,MTL-Flat-full
3,184,0.3813,MTL-Flat-full
3,185,0.4055,MTL-Flat-full
3,186,0.9079,MTL-Flat-full
3,187,0.7555,MTL-Flat-full
3,188,0.5025,MTL-Flat-full
3,189,0.6736,MTL-Flat-full
3,190,0.4269,MTL-Flat-full
3,191,0.3888,MTL-Flat-full
3,192,0.5253,MTL-Flat-full
3,193,0.6022,MTL-Flat-full
3,194,0.5718,MTL-Flat-full
3,195,0.3953,MTL-Flat-full
3,196,0.5207,MTL-Flat-full
3,197,0.6724,MTL-Flat-full
3,198,0.5379,MTL-Flat-full
3,199,0.4327,MTL-Flat-full
3,200,0.4206,MTL-Flat-full
3,201,0.4014,MTL-Flat-full
3,202,0.3849,MTL-Flat-full
3,203,0.3826,MTL-Flat-full
3,204,0.3927,MTL-Flat-full
3,205,0.3823,MTL-Flat-full
3,206,0.3872,MTL-Flat-full
3,207,0.4994,MTL-Flat-full
3,208,0.4588,MTL-Flat-full
3,209,0.4492,MTL-Flat-full
3,210,0.7562,MTL-Flat-full
3,211,0.6383,MTL-Flat-full
3,212,0.4459,MTL-Flat-full
3,213,0.4276,MTL-Flat-full
3,214,0.4443,MTL-Flat-full
3,215,0.3987,MTL-Flat-full
3,216,0.3864,MTL-Flat-full
3,217,0.6332,MTL-Flat-full
3,218,0.6375,MTL-Flat-full
3,219,0.5435,MTL-Flat-full
3,220,0.5304,MTL-Flat-full
3,221,0.7863,MTL-Flat-full
3,222,0.701,MTL-Flat-full
3,223,0.4696,MTL-Flat-full
3,224,0.4787,MTL-Flat-full
3,225,0.4504,MTL-Flat-full
3,226,0.3979,MTL-Flat-full
3,227,0.3943,MTL-Flat-full
3,228,0.3845,MTL-Flat-full
3,229,0.3841,MTL-Flat-full
3,230,0.3824,MTL-Flat-full
3,231,0.3811,MTL-Flat-full
3,232,0.39,MTL-Flat-full
3,233,0.3837,MTL-Flat-full
3,234,0.5174,MTL-Flat-full
3,235,0.7361,MTL-Flat-full
3,236,0.5255,MTL-Flat-full
3,237,0.4199,MTL-Flat-full
3,238,0.457,MTL-Flat-full
3,239,0.439,MTL-Flat-full
3,240,0.3969,MTL-Flat-full
3,241,0.3978,MTL-Flat-full
3,242,0.3827,MTL-Flat-full
3,243,0.3821,MTL-Flat-full
3,244,0.3872,MTL-Flat-full
3,245,0.3818,MTL-Flat-full
3,246,0.3922,MTL-Flat-full
3,247,0.3816,MTL-Flat-full
3,248,0.7478,MTL-Flat-full
3,249,0.7573,MTL-Flat-full
3,250,0.4994,MTL-Flat-full
3,251,0.4541,MTL-Flat-full
3,252,0.4844,MTL-Flat-full
3,253,0.4467,MTL-Flat-full
3,254,0.4266,MTL-Flat-full
3,255,0.4057,MTL-Flat-full
3,256,0.3835,MTL-Flat-full
3,257,0.3819,MTL-Flat-full
3,258,0.3909,MTL-Flat-full
3,259,0.3845,MTL-Flat-full
3,260,0.3811,MTL-Flat-full
3,261,0.6754,MTL-Flat-full
3,262,0.7132,MTL-Flat-full
3,263,0.4516,MTL-Flat-full
3,264,0.4334,MTL-Flat-full
3,265,0.4303,MTL-Flat-full
3,266,0.4116,MTL-Flat-full
3,267,0.4031,MTL-Flat-full
3,268,0.3896,MTL-Flat-full
3,269,0.4555,MTL-Flat-full
3,270,0.6545,MTL-Flat-full
3,271,0.5243,MTL-Flat-full
3,272,0.4189,MTL-Flat-full
3,273,0.6546,MTL-Flat-full
3,274,0.7623,MTL-Flat-full
3,275,0.5083,MTL-Flat-full
3,276,0.4437,MTL-Flat-full
3,277,0.447,MTL-Flat-full
3,278,0.4332,MTL-Flat-full
3,279,0.3899,MTL-Flat-full
3,280,0.3868,MTL-Flat-full
3,281,0.7665,MTL-Flat-full
3,282,0.4941,MTL-Flat-full
3,283,0.3922,MTL-Flat-full
3,284,0.7061,MTL-Flat-full
3,285,1.0193,MTL-Flat-full
3,286,0.6482,MTL-Flat-full
3,287,0.6298,MTL-Flat-full
3,288,0.4536,MTL-Flat-full
3,289,0.4011,MTL-Flat-full
3,290,0.41,MTL-Flat-full
3,291,0.3885,MTL-Flat-full
3,292,0.383,MTL-Flat-full
3,293,0.3807,MTL-Flat-full
3,294,0.3817,MTL-Flat-full
3,295,0.3953,MTL-Flat-full
3,296,0.4562,MTL-Flat-full
3,297,0.7809,MTL-Flat-full
3,298,0.6213,MTL-Flat-full
3,299,0.4775,MTL-Flat-full
3,300,0.4275,MTL-Flat-full
3,301,0.4433,MTL-Flat-full
3,302,0.4031,MTL-Flat-full
3,303,0.4005,MTL-Flat-full
3,304,0.3853,MTL-Flat-full
3,305,0.445,MTL-Flat-full
3,306,0.5001,MTL-Flat-full
3,307,0.4056,MTL-Flat-full
3,308,0.3953,MTL-Flat-full
3,309,0.5848,MTL-Flat-full
3,310,0.7542,MTL-Flat-full
3,311,0.788,MTL-Flat-full
3,312,0.5321,MTL-Flat-full
3,313,0.5264,MTL-Flat-full
3,314,0.4581,MTL-Flat-full
3,315,0.4296,MTL-Flat-full
3,316,0.4263,MTL-Flat-full
3,317,0.4534,MTL-Flat-full
3,318,0.3907,MTL-Flat-full
3,319,0.3838,MTL-Flat-full
3,320,0.3927,MTL-Flat-full
3,321,0.5784,MTL-Flat-full
3,322,0.7051,MTL-Flat-full
3,323,0.5254,MTL-Flat-full
3,324,0.445,MTL-Flat-full
3,325,0.4406,MTL-Flat-full
3,326,0.4036,MTL-Flat-full
3,327,0.3856,MTL-Flat-full
3,328,0.4087,MTL-Flat-full
3,329,0.5175,MTL-Flat-full
3,330,0.4593,MTL-Flat-full
3,331,0.4015,MTL-Flat-full
3,332,0.3923,MTL-Flat-full
3,333,0.3828,MTL-Flat-full
3,334,0.5687,MTL-Flat-full
3,335,0.7249,MTL-Flat-full
3,336,0.5088,MTL-Flat-full
3,337,0.4406,MTL-Flat-full
3,338,0.4244,MTL-Flat-full
3,339,0.3941,MTL-Flat-full
3,340,0.3843,MTL-Flat-full
3,341,0.3948,MTL-Flat-full
3,342,0.4489,MTL-Flat-full
3,343,0.6132,MTL-Flat-full
3,344,0.4831,MTL-Flat-full
3,345,0.4183,MTL-Flat-full
3,346,0.3899,MTL-Flat-full
3,347,0.7721,MTL-Flat-full
3,348,0.7184,MTL-Flat-full
3,349,0.6112,MTL-Flat-full
3,350,0.4741,MTL-Flat-full
3,351,0.4171,MTL-Flat-full
3,352,0.4012,MTL-Flat-full
3,353,0.3883,MTL-Flat-full
3,354,0.3833,MTL-Flat-full
3,355,0.3854,MTL-Flat-full
3,356,0.3828,MTL-Flat-full
3,357,0.3808,MTL-Flat-full
3,358,0.3888,MTL-Flat-full
3,359,0.4254,MTL-Flat-full
3,360,0.7542,MTL-Flat-full
3,361,0.5903,MTL-Flat-full
3,362,0.4193,MTL-Flat-full
3,363,0.4798,MTL-Flat-full
3,364,0.4091,MTL-Flat-full
3,365,0.3896,MTL-Flat-full
3,366,0.3932,MTL-Flat-full
3,367,0.3819,MTL-Flat-full
3,368,0.3808,MTL-Flat-full
3,369,0.3831,MTL-Flat-full
3,370,0.3806,MTL-Flat-full
3,371,0.3879,MTL-Flat-full
3,372,0.4692,MTL-Flat-full
3,373,0.7318,MTL-Flat-full
3,374,0.7212,MTL-Flat-full
3,375,0.6413,MTL-Flat-full
3,376,0.4739,MTL-Flat-full
3,377,0.4138,MTL-Flat-full
3,378,0.4787,MTL-Flat-full
3,379,0.4228,MTL-Flat-full
3,380,0.3934,MTL-Flat-full
3,381,0.389,MTL-Flat-full
3,382,0.3987,MTL-Flat-full
3,383,0.3877,MTL-Flat-full
3,384,0.3924,MTL-Flat-full
3,385,0.42,MTL-Flat-full
3,386,0.7783,MTL-Flat-full
3,387,0.5693,MTL-Flat-full
3,388,0.4296,MTL-Flat-full
3,389,0.4299,MTL-Flat-full
3,390,0.4034,MTL-Flat-full
3,391,0.4013,MTL-Flat-full
3,392,0.3899,MTL-Flat-full
3,393,0.4209,MTL-Flat-full
3,394,0.3885,MTL-Flat-full
3,395,0.3841,MTL-Flat-full
3,396,0.4342,MTL-Flat-full
3,397,0.3887,MTL-Flat-full
3,398,0.3826,MTL-Flat-full
3,399,0.5399,MTL-Flat-full
3,400,0.7267,MTL-Flat-full
3,401,0.4988,MTL-Flat-full
3,402,0.4436,MTL-Flat-full
3,403,0.4256,MTL-Flat-full
3,404,0.4211,MTL-Flat-full
3,405,0.391,MTL-Flat-full
3,406,0.3838,MTL-Flat-full
3,407,0.3833,MTL-Flat-full
3,408,0.383,MTL-Flat-full
3,409,1.2311,MTL-Flat-full
3,410,0.7411,MTL-Flat-full
3,411,0.9282,MTL-Flat-full
3,412,0.6057,MTL-Flat-full
3,413,0.6295,MTL-Flat-full
3,414,0.7012,MTL-Flat-full
3,415,0.6382,MTL-Flat-full
3,416,0.4959,MTL-Flat-full
3,417,0.3956,MTL-Flat-full
3,418,0.3924,MTL-Flat-full
3,419,0.382,MTL-Flat-full
3,420,0.3824,MTL-Flat-full
3,421,0.6171,MTL-Flat-full
3,422,0.7873,MTL-Flat-full
3,423,0.5222,MTL-Flat-full
3,424,0.4254,MTL-Flat-full
3,425,0.4622,MTL-Flat-full
3,426,0.4277,MTL-Flat-full
3,427,0.3973,MTL-Flat-full
3,428,0.3856,MTL-Flat-full
3,429,0.3931,MTL-Flat-full
3,430,0.3942,MTL-Flat-full
3,431,0.3843,MTL-Flat-full
3,432,0.3939,MTL-Flat-full
3,433,0.4175,MTL-Flat-full
3,434,0.5199,MTL-Flat-full
3,435,0.7832,MTL-Flat-full
3,436,0.5593,MTL-Flat-full
3,437,0.6746,MTL-Flat-full
3,438,0.6438,MTL-Flat-full
3,439,0.4129,MTL-Flat-full
3,440,0.3875,MTL-Flat-full
3,441,0.3841,MTL-Flat-full
3,442,0.3929,MTL-Flat-full
3,443,0.3824,MTL-Flat-full
3,444,0.3802,MTL-Flat-full
3,445,0.381,MTL-Flat-full
3,446,0.4254,MTL-Flat-full
3,447,0.8485,MTL-Flat-full
3,448,0.5652,MTL-Flat-full
3,449,0.4367,MTL-Flat-full
3,450,0.4426,MTL-Flat-full
3,451,0.4369,MTL-Flat-full
3,452,0.4052,MTL-Flat-full
3,453,0.5029,MTL-Flat-full
3,454,0.591,MTL-Flat-full
3,455,0.4047,MTL-Flat-full
3,456,0.3878,MTL-Flat-full
3,457,0.3834,MTL-Flat-full
3,458,0.3816,MTL-Flat-full
3,459,0.6037,MTL-Flat-full
3,460,0.7385,MTL-Flat-full
3,461,0.7437,MTL-Flat-full
3,462,0.4975,MTL-Flat-full
3,463,0.4416,MTL-Flat-full
3,464,0.3996,MTL-Flat-full
3,465,0.3836,MTL-Flat-full
3,466,0.3828,MTL-Flat-full
3,467,0.6132,MTL-Flat-full
3,468,0.4097,MTL-Flat-full
3,469,0.3875,MTL-Flat-full
3,470,0.3863,MTL-Flat-full
3,471,0.4934,MTL-Flat-full
3,472,0.8624,MTL-Flat-full
3,473,0.6438,MTL-Flat-full
3,474,0.4443,MTL-Flat-full
3,475,0.4679,MTL-Flat-full
3,476,0.4185,MTL-Flat-full
3,477,0.3899,MTL-Flat-full
3,478,0.3828,MTL-Flat-full
3,479,0.3819,MTL-Flat-full
3,480,0.3966,MTL-Flat-full
3,481,0.3829,MTL-Flat-full
3,482,0.3824,MTL-Flat-full
3,483,0.3815,MTL-Flat-full
3,484,0.4747,MTL-Flat-full
3,485,0.6606,MTL-Flat-full
3,486,0.7712,MTL-Flat-full
3,487,0.4592,MTL-Flat-full
3,488,0.4747,MTL-Flat-full
3,489,0.419,MTL-Flat-full
3,490,0.4023,MTL-Flat-full
3,491,0.3882,MTL-Flat-full
3,492,0.3867,MTL-Flat-full
3,493,0.3963,MTL-Flat-full
3,494,0.4689,MTL-Flat-full
3,495,0.4945,MTL-Flat-full
3,496,0.3892,MTL-Flat-full
3,497,0.6247,MTL-Flat-full
3,498,0.729,MTL-Flat-full
3,499,0.6469,MTL-Flat-full
3,500,0.4915,MTL-Flat-full
3,501,0.4392,MTL-Flat-full
3,502,0.4762,MTL-Flat-full
3,503,0.4417,MTL-Flat-full
3,504,0.39,MTL-Flat-full
3,505,0.3857,MTL-Flat-full
3,506,0.3912,MTL-Flat-full
3,507,0.4018,MTL-Flat-full
3,508,0.3883,MTL-Flat-full
3,509,0.3925,MTL-Flat-full
3,510,0.7662,MTL-Flat-full
3,511,0.6136,MTL-Flat-full
3,512,0.4383,MTL-Flat-full
3,513,0.57,MTL-Flat-full
3,514,0.5844,MTL-Flat-full
3,515,0.4049,MTL-Flat-full
3,516,0.4228,MTL-Flat-full
3,517,0.3877,MTL-Flat-full
3,518,0.3812,MTL-Flat-full
3,519,0.3904,MTL-Flat-full
3,520,0.3825,MTL-Flat-full
3,521,0.3803,MTL-Flat-full
3,522,0.4513,MTL-Flat-full
3,523,0.7571,MTL-Flat-full
3,524,0.5986,MTL-Flat-full
3,525,0.4366,MTL-Flat-full
3,526,0.4487,MTL-Flat-full
3,527,0.4149,MTL-Flat-full
3,528,0.4092,MTL-Flat-full
3,529,0.3907,MTL-Flat-full
3,530,0.3868,MTL-Flat-full
3,531,0.3857,MTL-Flat-full
3,532,0.6117,MTL-Flat-full
3,533,0.5453,MTL-Flat-full
3,534,0.4746,MTL-Flat-full
3,535,0.7785,MTL-Flat-full
3,536,0.9262,MTL-Flat-full
3,537,0.5013,MTL-Flat-full
3,538,0.4584,MTL-Flat-full
3,539,0.4285,MTL-Flat-full
3,540,0.3896,MTL-Flat-full
3,541,0.3829,MTL-Flat-full
3,542,0.3822,MTL-Flat-full
3,543,0.3817,MTL-Flat-full
3,544,0.3919,MTL-Flat-full
3,545,0.3834,MTL-Flat-full
3,546,0.3828,MTL-Flat-full
3,547,0.4496,MTL-Flat-full
3,548,0.7508,MTL-Flat-full
3,549,0.5834,MTL-Flat-full
3,550,0.4389,MTL-Flat-full
3,551,0.4275,MTL-Flat-full
3,552,0.4322,MTL-Flat-full
3,553,0.3992,MTL-Flat-full
3,554,0.3875,MTL-Flat-full
3,555,0.3833,MTL-Flat-full
3,556,0.3835,MTL-Flat-full
3,557,0.498,MTL-Flat-full
3,558,0.4139,MTL-Flat-full
3,559,0.3854,MTL-Flat-full
3,560,0.3823,MTL-Flat-full
3,561,0.6721,MTL-Flat-full
3,562,0.7954,MTL-Flat-full
3,563,0.5763,MTL-Flat-full
3,564,0.4994,MTL-Flat-full
3,565,0.4216,MTL-Flat-full
3,566,0.6648,MTL-Flat-full
3,567,0.5823,MTL-Flat-full
3,568,0.4753,MTL-Flat-full
3,569,0.3985,MTL-Flat-full
3,570,0.3877,MTL-Flat-full
3,571,0.3883,MTL-Flat-full
3,572,0.5688,MTL-Flat-full
3,573,0.7396,MTL-Flat-full
3,574,0.4976,MTL-Flat-full
3,575,0.4498,MTL-Flat-full
3,576,0.4538,MTL-Flat-full
3,577,0.523,MTL-Flat-full
3,578,0.4051,MTL-Flat-full
3,579,0.4261,MTL-Flat-full
3,580,0.3902,MTL-Flat-full
3,581,0.3838,MTL-Flat-full
3,582,0.3946,MTL-Flat-full
3,583,0.5986,MTL-Flat-full
3,584,0.4609,MTL-Flat-full
3,585,0.8195,MTL-Flat-full
3,586,0.6328,MTL-Flat-full
3,587,0.4417,MTL-Flat-full
3,588,0.4416,MTL-Flat-full
3,589,0.4302,MTL-Flat-full
3,590,0.3945,MTL-Flat-full
3,591,0.3831,MTL-Flat-full
3,592,0.3842,MTL-Flat-full
3,593,0.3831,MTL-Flat-full
3,594,0.3909,MTL-Flat-full
3,595,0.5084,MTL-Flat-full
3,596,0.6926,MTL-Flat-full
3,597,0.6735,MTL-Flat-full
3,598,0.8114,MTL-Flat-full
3,599,0.4915,MTL-Flat-full
3,600,0.5779,MTL-Flat-full
3,601,0.4852,MTL-Flat-full
3,602,0.4021,MTL-Flat-full
3,603,0.3867,MTL-Flat-full
3,604,0.3835,MTL-Flat-full
3,605,0.3827,MTL-Flat-full
3,606,0.3923,MTL-Flat-full
3,607,0.3827,MTL-Flat-full
3,608,0.3818,MTL-Flat-full
3,609,0.4212,MTL-Flat-full
3,610,0.729,MTL-Flat-full
3,611,0.6563,MTL-Flat-full
3,612,0.4479,MTL-Flat-full
3,613,0.4106,MTL-Flat-full
3,614,0.4519,MTL-Flat-full
3,615,0.4134,MTL-Flat-full
3,616,0.3948,MTL-Flat-full
3,617,0.3845,MTL-Flat-full
3,618,0.4211,MTL-Flat-full
3,619,0.5646,MTL-Flat-full
3,620,0.4405,MTL-Flat-full
3,621,0.3948,MTL-Flat-full
3,622,0.4146,MTL-Flat-full
3,623,0.809,MTL-Flat-full
3,624,0.6137,MTL-Flat-full
3,625,0.4318,MTL-Flat-full
3,626,0.641,MTL-Flat-full
3,627,0.5371,MTL-Flat-full
3,628,0.571,MTL-Flat-full
3,629,0.4139,MTL-Flat-full
3,630,0.3902,MTL-Flat-full
3,631,0.399,MTL-Flat-full
3,632,0.3873,MTL-Flat-full
3,633,0.3831,MTL-Flat-full
3,634,0.3835,MTL-Flat-full
3,635,0.8258,MTL-Flat-full
3,636,0.6235,MTL-Flat-full
3,637,0.4426,MTL-Flat-full
3,638,0.4923,MTL-Flat-full
3,639,0.4522,MTL-Flat-full
3,640,0.3956,MTL-Flat-full
3,641,0.4289,MTL-Flat-full
3,642,0.3909,MTL-Flat-full
3,643,0.3835,MTL-Flat-full
3,644,0.3909,MTL-Flat-full
3,645,0.3826,MTL-Flat-full
3,646,0.3812,MTL-Flat-full
3,647,0.3828,MTL-Flat-full
3,648,0.7349,MTL-Flat-full
3,649,0.7806,MTL-Flat-full
3,650,0.505,MTL-Flat-full
3,651,0.466,MTL-Flat-full
3,652,0.4298,MTL-Flat-full
3,653,0.389,MTL-Flat-full
3,654,0.3845,MTL-Flat-full
3,655,0.3822,MTL-Flat-full
3,656,0.3829,MTL-Flat-full
3,657,0.3943,MTL-Flat-full
3,658,0.3865,MTL-Flat-full
3,659,0.3846,MTL-Flat-full
3,660,0.3815,MTL-Flat-full
3,661,1.1402,MTL-Flat-full
3,662,0.7502,MTL-Flat-full
3,663,0.4682,MTL-Flat-full
3,664,0.47,MTL-Flat-full
3,665,0.4157,MTL-Flat-full
3,666,0.3893,MTL-Flat-full
3,667,0.3841,MTL-Flat-full
3,668,0.4792,MTL-Flat-full
3,669,0.5919,MTL-Flat-full
3,670,0.4054,MTL-Flat-full
3,671,0.3865,MTL-Flat-full
3,672,0.5512,MTL-Flat-full
3,673,0.8471,MTL-Flat-full
3,674,0.5999,MTL-Flat-full
3,675,0.4329,MTL-Flat-full
3,676,0.4486,MTL-Flat-full
3,677,0.4362,MTL-Flat-full
3,678,0.4051,MTL-Flat-full
3,679,0.3907,MTL-Flat-full
3,680,0.4226,MTL-Flat-full
3,681,0.5578,MTL-Flat-full
3,682,0.5555,MTL-Flat-full
3,683,0.4244,MTL-Flat-full
3,684,0.5214,MTL-Flat-full
3,685,0.7917,MTL-Flat-full
3,686,0.7543,MTL-Flat-full
3,687,0.5287,MTL-Flat-full
3,688,0.4718,MTL-Flat-full
3,689,0.723,MTL-Flat-full
3,690,0.4826,MTL-Flat-full
3,691,0.3927,MTL-Flat-full
3,692,0.5218,MTL-Flat-full
3,693,0.597,MTL-Flat-full
3,694,0.606,MTL-Flat-full
3,695,0.7286,MTL-Flat-full
3,696,0.6487,MTL-Flat-full
3,697,0.4791,MTL-Flat-full
3,698,0.637,MTL-Flat-full
3,699,0.4897,MTL-Flat-full
3,700,0.3921,MTL-Flat-full
3,701,0.3863,MTL-Flat-full
3,702,0.3922,MTL-Flat-full
3,703,0.3936,MTL-Flat-full
3,704,0.3837,MTL-Flat-full
3,705,0.3826,MTL-Flat-full
3,706,0.3824,MTL-Flat-full
3,707,0.4997,MTL-Flat-full
3,708,0.7476,MTL-Flat-full
3,709,0.6938,MTL-Flat-full
3,710,0.4899,MTL-Flat-full
3,711,0.4597,MTL-Flat-full
3,712,0.4034,MTL-Flat-full
3,713,0.3862,MTL-Flat-full
3,714,0.3836,MTL-Flat-full
3,715,0.384,MTL-Flat-full
3,716,0.3911,MTL-Flat-full
3,717,0.3847,MTL-Flat-full
3,718,0.3947,MTL-Flat-full
3,719,0.5823,MTL-Flat-full
3,720,0.791,MTL-Flat-full
3,721,0.735,MTL-Flat-full
3,722,0.4746,MTL-Flat-full
3,723,0.47,MTL-Flat-full
3,724,0.4272,MTL-Flat-full
3,725,0.3926,MTL-Flat-full
3,726,0.3851,MTL-Flat-full
3,727,0.3827,MTL-Flat-full
3,728,0.3827,MTL-Flat-full
3,729,0.3868,MTL-Flat-full
3,730,0.3819,MTL-Flat-full
3,731,0.3817,MTL-Flat-full
3,732,0.4274,MTL-Flat-full
3,733,0.5955,MTL-Flat-full
3,734,0.6906,MTL-Flat-full
3,735,0.4507,MTL-Flat-full
3,736,0.4179,MTL-Flat-full
3,737,0.5559,MTL-Flat-full
3,738,0.4429,MTL-Flat-full
3,739,0.4537,MTL-Flat-full
3,740,0.4659,MTL-Flat-full
3,741,0.4073,MTL-Flat-full
3,742,0.3902,MTL-Flat-full
3,743,0.3815,MTL-Flat-full
3,744,0.3833,MTL-Flat-full
3,745,0.3819,MTL-Flat-full
3,746,0.6276,MTL-Flat-full
3,747,0.7526,MTL-Flat-full
3,748,0.5757,MTL-Flat-full
3,749,0.4797,MTL-Flat-full
3,750,0.4454,MTL-Flat-full
3,751,0.5829,MTL-Flat-full
3,752,0.4302,MTL-Flat-full
3,753,0.3896,MTL-Flat-full
3,754,0.3993,MTL-Flat-full
3,755,0.3854,MTL-Flat-full
3,756,0.3863,MTL-Flat-full
3,757,0.3855,MTL-Flat-full
3,758,0.3861,MTL-Flat-full
3,759,0.8541,MTL-Flat-full
3,760,0.7327,MTL-Flat-full
3,761,0.454,MTL-Flat-full
3,762,0.4713,MTL-Flat-full
3,763,0.451,MTL-Flat-full
3,764,0.3977,MTL-Flat-full
3,765,0.3831,MTL-Flat-full
3,766,0.3824,MTL-Flat-full
3,767,0.3933,MTL-Flat-full
3,768,0.3822,MTL-Flat-full
3,769,0.387,MTL-Flat-full
3,770,0.3807,MTL-Flat-full
3,771,0.388,MTL-Flat-full
3,772,0.764,MTL-Flat-full
3,773,0.588,MTL-Flat-full
3,774,0.448,MTL-Flat-full
3,775,0.4477,MTL-Flat-full
3,776,0.3993,MTL-Flat-full
3,777,0.3904,MTL-Flat-full
3,778,0.3888,MTL-Flat-full
3,779,0.3818,MTL-Flat-full
3,780,0.405,MTL-Flat-full
3,781,0.384,MTL-Flat-full
3,782,0.3813,MTL-Flat-full
3,783,0.5271,MTL-Flat-full
3,784,0.4668,MTL-Flat-full
3,785,0.8772,MTL-Flat-full
3,786,0.7626,MTL-Flat-full
3,787,0.5114,MTL-Flat-full
3,788,0.46,MTL-Flat-full
3,789,0.4114,MTL-Flat-full
3,790,0.3904,MTL-Flat-full
3,791,0.3916,MTL-Flat-full
3,792,0.3966,MTL-Flat-full
3,793,0.3835,MTL-Flat-full
3,794,0.3813,MTL-Flat-full
3,795,0.4212,MTL-Flat-full
3,796,0.387,MTL-Flat-full
3,797,0.415,MTL-Flat-full
3,798,0.7289,MTL-Flat-full
3,799,0.5825,MTL-Flat-full
3,800,0.4474,MTL-Flat-full
3,801,0.4345,MTL-Flat-full
3,802,0.4081,MTL-Flat-full
3,803,0.4055,MTL-Flat-full
3,804,0.422,MTL-Flat-full
3,805,0.4038,MTL-Flat-full
3,806,0.3842,MTL-Flat-full
3,807,0.3832,MTL-Flat-full
3,808,0.3816,MTL-Flat-full
3,809,0.3809,MTL-Flat-full
3,810,0.3939,MTL-Flat-full
3,811,0.5101,MTL-Flat-full
3,812,0.7024,MTL-Flat-full
3,813,0.4916,MTL-Flat-full
3,814,0.4498,MTL-Flat-full
3,815,0.4266,MTL-Flat-full
3,816,0.3967,MTL-Flat-full
3,817,0.5305,MTL-Flat-full
3,818,0.4494,MTL-Flat-full
3,819,0.394,MTL-Flat-full
3,820,0.3983,MTL-Flat-full
3,821,0.3959,MTL-Flat-full
3,822,0.3863,MTL-Flat-full
3,823,0.3841,MTL-Flat-full
3,824,0.3841,MTL-Flat-full
3,825,0.8103,MTL-Flat-full
3,826,0.7696,MTL-Flat-full
3,827,0.4571,MTL-Flat-full
3,828,0.4465,MTL-Flat-full
3,829,0.4769,MTL-Flat-full
3,830,0.3957,MTL-Flat-full
3,831,0.3864,MTL-Flat-full
3,832,0.3843,MTL-Flat-full
3,833,0.3885,MTL-Flat-full
3,834,0.3915,MTL-Flat-full
3,835,0.3813,MTL-Flat-full
3,836,0.3878,MTL-Flat-full
3,837,0.3809,MTL-Flat-full
3,838,0.7625,MTL-Flat-full
3,839,0.6351,MTL-Flat-full
3,840,0.439,MTL-Flat-full
3,841,0.4288,MTL-Flat-full
3,842,0.4147,MTL-Flat-full
3,843,0.3902,MTL-Flat-full
3,844,0.3967,MTL-Flat-full
3,845,0.3849,MTL-Flat-full
3,846,0.3864,MTL-Flat-full
3,847,0.3804,MTL-Flat-full
3,848,0.419,MTL-Flat-full
3,849,0.403,MTL-Flat-full
3,850,0.3856,MTL-Flat-full
3,851,0.9158,MTL-Flat-full
3,852,1.0934,MTL-Flat-full
3,853,0.4753,MTL-Flat-full
3,854,0.6829,MTL-Flat-full
3,855,0.4524,MTL-Flat-full
3,856,0.3959,MTL-Flat-full
3,857,0.3852,MTL-Flat-full
3,858,0.3962,MTL-Flat-full
3,859,0.3843,MTL-Flat-full
3,860,0.4322,MTL-Flat-full
3,861,0.3861,MTL-Flat-full
3,862,0.5242,MTL-Flat-full
3,863,0.7431,MTL-Flat-full
3,864,0.4865,MTL-Flat-full
3,865,0.4162,MTL-Flat-full
3,866,0.4103,MTL-Flat-full
3,867,0.5248,MTL-Flat-full
3,868,0.5073,MTL-Flat-full
3,869,0.3953,MTL-Flat-full
3,870,0.3835,MTL-Flat-full
3,871,0.3921,MTL-Flat-full
3,872,0.384,MTL-Flat-full
3,873,0.383,MTL-Flat-full
3,874,0.3836,MTL-Flat-full
3,875,0.4041,MTL-Flat-full
3,876,0.8076,MTL-Flat-full
3,877,0.551,MTL-Flat-full
3,878,0.4164,MTL-Flat-full
3,879,0.4338,MTL-Flat-full
3,880,0.4205,MTL-Flat-full
3,881,0.3978,MTL-Flat-full
3,882,0.3904,MTL-Flat-full
3,883,0.5954,MTL-Flat-full
3,884,0.3991,MTL-Flat-full
3,885,0.4017,MTL-Flat-full
3,886,0.3905,MTL-Flat-full
3,887,0.3827,MTL-Flat-full
3,888,0.3847,MTL-Flat-full
3,889,0.8071,MTL-Flat-full
3,890,0.7657,MTL-Flat-full
3,891,0.5274,MTL-Flat-full
3,892,0.4742,MTL-Flat-full
3,893,0.4203,MTL-Flat-full
3,894,0.391,MTL-Flat-full
3,895,0.3835,MTL-Flat-full
3,896,0.384,MTL-Flat-full
3,897,0.3939,MTL-Flat-full
3,898,0.3847,MTL-Flat-full
3,899,0.386,MTL-Flat-full
3,900,0.3832,MTL-Flat-full
3,901,0.3991,MTL-Flat-full
3,902,0.7086,MTL-Flat-full
3,903,0.6446,MTL-Flat-full
3,904,0.4377,MTL-Flat-full
3,905,0.4241,MTL-Flat-full
3,906,0.4087,MTL-Flat-full
3,907,0.3854,MTL-Flat-full
3,908,0.3836,MTL-Flat-full
3,909,0.3846,MTL-Flat-full
3,910,0.3837,MTL-Flat-full
3,911,0.4,MTL-Flat-full
3,912,0.5721,MTL-Flat-full
3,913,0.4288,MTL-Flat-full
3,914,0.3982,MTL-Flat-full
3,915,1.036,MTL-Flat-full
3,916,0.7741,MTL-Flat-full
3,917,0.4772,MTL-Flat-full
3,918,0.4324,MTL-Flat-full
3,919,0.3965,MTL-Flat-full
3,920,0.387,MTL-Flat-full
3,921,0.398,MTL-Flat-full
3,922,0.3835,MTL-Flat-full
3,923,0.3821,MTL-Flat-full
3,924,0.3816,MTL-Flat-full
3,925,0.4283,MTL-Flat-full
3,926,0.3913,MTL-Flat-full
3,927,0.4378,MTL-Flat-full
3,928,0.6733,MTL-Flat-full
3,929,0.5312,MTL-Flat-full
3,930,0.4427,MTL-Flat-full
3,931,0.4185,MTL-Flat-full
3,932,0.4476,MTL-Flat-full
3,933,0.4277,MTL-Flat-full
3,934,0.3991,MTL-Flat-full
3,935,0.3874,MTL-Flat-full
3,936,0.3976,MTL-Flat-full
3,937,0.3814,MTL-Flat-full
3,938,0.3844,MTL-Flat-full
3,939,0.3824,MTL-Flat-full
3,940,0.3911,MTL-Flat-full
3,941,0.5169,MTL-Flat-full
3,942,0.6549,MTL-Flat-full
3,943,0.6156,MTL-Flat-full
3,944,0.4355,MTL-Flat-full
3,945,0.4299,MTL-Flat-full
3,946,0.4001,MTL-Flat-full
3,947,0.3867,MTL-Flat-full
3,948,0.5206,MTL-Flat-full
3,949,0.4403,MTL-Flat-full
3,950,0.3915,MTL-Flat-full
3,951,0.3858,MTL-Flat-full
3,952,0.5101,MTL-Flat-full
3,953,0.6006,MTL-Flat-full
3,954,0.9661,MTL-Flat-full
3,955,0.6495,MTL-Flat-full
3,956,0.4542,MTL-Flat-full
3,957,0.4449,MTL-Flat-full
3,958,0.4044,MTL-Flat-full
3,959,0.4083,MTL-Flat-full
3,960,0.3843,MTL-Flat-full
3,961,0.3844,MTL-Flat-full
3,962,0.3818,MTL-Flat-full
3,963,0.3822,MTL-Flat-full
3,964,0.393,MTL-Flat-full
3,965,0.3836,MTL-Flat-full
3,966,0.4124,MTL-Flat-full
3,967,0.7427,MTL-Flat-full
3,968,0.5791,MTL-Flat-full
3,969,0.4488,MTL-Flat-full
3,970,0.422,MTL-Flat-full
3,971,0.3968,MTL-Flat-full
3,972,0.3931,MTL-Flat-full
3,973,0.3864,MTL-Flat-full
3,974,0.3861,MTL-Flat-full
3,975,0.485,MTL-Flat-full
3,976,0.4004,MTL-Flat-full
3,977,0.3968,MTL-Flat-full
3,978,0.3848,MTL-Flat-full
3,979,0.393,MTL-Flat-full
3,980,0.5076,MTL-Flat-full
3,981,0.6827,MTL-Flat-full
3,982,0.8277,MTL-Flat-full
3,983,0.5208,MTL-Flat-full
3,984,0.5188,MTL-Flat-full
3,985,0.6842,MTL-Flat-full
3,986,0.6277,MTL-Flat-full
3,987,0.4948,MTL-Flat-full
3,988,0.4087,MTL-Flat-full
3,989,0.3806,MTL-Flat-full
3,990,0.3826,MTL-Flat-full
3,991,0.5155,MTL-Flat-full
3,992,0.7685,MTL-Flat-full
3,993,0.5453,MTL-Flat-full
3,994,0.5701,MTL-Flat-full
3,995,0.561,MTL-Flat-full
3,996,0.4241,MTL-Flat-full
3,997,0.4015,MTL-Flat-full
3,998,0.3825,MTL-Flat-full
3,999,0.3791,MTL-Flat-full
3,1000,0.3879,MTL-Flat-full
1,1,0.2642,MTL-Flat-classification-only
1,2,0.2504,MTL-Flat-classification-only
1,3,0.2614,MTL-Flat-classification-only
1,4,0.2472,MTL-Flat-classification-only
1,5,0.2456,MTL-Flat-classification-only
1,6,0.2456,MTL-Flat-classification-only
1,7,0.2456,MTL-Flat-classification-only
1,8,0.2463,MTL-Flat-classification-only
1,9,0.2468,MTL-Flat-classification-only
1,10,0.2469,MTL-Flat-classification-only
1,11,0.2536,MTL-Flat-classification-only
1,12,0.246,MTL-Flat-classification-only
1,13,0.4285,MTL-Flat-classification-only
1,14,0.8856,MTL-Flat-classification-only
1,15,0.7234,MTL-Flat-classification-only
1,16,0.3909,MTL-Flat-classification-only
1,17,0.3213,MTL-Flat-classification-only
1,18,0.2952,MTL-Flat-classification-only
1,19,0.2862,MTL-Flat-classification-only
1,20,0.2788,MTL-Flat-classification-only
1,21,0.2542,MTL-Flat-classification-only
1,22,0.248,MTL-Flat-classification-only
1,23,0.2461,MTL-Flat-classification-only
1,24,0.2459,MTL-Flat-classification-only
1,25,0.2515,MTL-Flat-classification-only
1,26,0.2475,MTL-Flat-classification-only
1,27,0.2469,MTL-Flat-classification-only
1,28,0.2514,MTL-Flat-classification-only
1,29,0.2482,MTL-Flat-classification-only
1,30,0.2471,MTL-Flat-classification-only
1,31,0.248,MTL-Flat-classification-only
1,32,0.2462,MTL-Flat-classification-only
1,33,0.2662,MTL-Flat-classification-only
1,34,0.5365,MTL-Flat-classification-only
1,35,0.4549,MTL-Flat-classification-only
1,36,0.2958,MTL-Flat-classification-only
1,37,0.2601,MTL-Flat-classification-only
1,38,0.2725,MTL-Flat-classification-only
1,39,0.2649,MTL-Flat-classification-only
1,40,0.2566,MTL-Flat-classification-only
1,41,0.2639,MTL-Flat-classification-only
1,42,0.2478,MTL-Flat-classification-only
1,43,0.2472,MTL-Flat-classification-only
1,44,0.2536,MTL-Flat-classification-only
1,45,0.2744,MTL-Flat-classification-only
1,46,0.2496,MTL-Flat-classification-only
1,47,0.2476,MTL-Flat-classification-only
1,48,0.2521,MTL-Flat-classification-only
1,49,0.2618,MTL-Flat-classification-only
1,50,0.247,MTL-Flat-classification-only
1,51,0.2456,MTL-Flat-classification-only
1,52,0.2456,MTL-Flat-classification-only
1,53,0.2449,MTL-Flat-classification-only
1,54,0.2466,MTL-Flat-classification-only
1,55,0.3659,MTL-Flat-classification-only
1,56,0.4875,MTL-Flat-classification-only
1,57,0.4182,MTL-Flat-classification-only
1,58,0.2898,MTL-Flat-classification-only
1,59,0.2639,MTL-Flat-classification-only
1,60,0.2774,MTL-Flat-classification-only
1,61,0.2668,MTL-Flat-classification-only
1,62,0.2664,MTL-Flat-classification-only
1,63,0.2542,MTL-Flat-classification-only
1,64,0.2492,MTL-Flat-classification-only
1,65,0.5503,MTL-Flat-classification-only
1,66,0.4026,MTL-Flat-classification-only
1,67,0.3178,MTL-Flat-classification-only
1,68,0.3117,MTL-Flat-classification-only
1,69,0.3102,MTL-Flat-classification-only
1,70,0.4602,MTL-Flat-classification-only
1,71,0.3809,MTL-Flat-classification-only
1,72,0.4016,MTL-Flat-classification-only
1,73,0.4506,MTL-Flat-classification-only
1,74,0.4393,MTL-Flat-classification-only
1,75,0.5237,MTL-Flat-classification-only
1,76,0.4324,MTL-Flat-classification-only
1,77,0.2949,MTL-Flat-classification-only
1,78,0.2849,MTL-Flat-classification-only
1,79,0.3203,MTL-Flat-classification-only
1,80,0.2705,MTL-Flat-classification-only
1,81,0.2614,MTL-Flat-classification-only
1,82,0.2593,MTL-Flat-classification-only
1,83,0.2572,MTL-Flat-classification-only
1,84,0.2477,MTL-Flat-classification-only
1,85,0.2447,MTL-Flat-classification-only
1,86,0.244,MTL-Flat-classification-only
1,87,0.2602,MTL-Flat-classification-only
1,88,0.2449,MTL-Flat-classification-only
1,89,0.2445,MTL-Flat-classification-only
1,90,0.2439,MTL-Flat-classification-only
1,91,0.2456,MTL-Flat-classification-only
1,92,0.3291,MTL-Flat-classification-only
1,93,0.4512,MTL-Flat-classification-only
1,94,0.5011,MTL-Flat-classification-only
1,95,0.313,MTL-Flat-classification-only
1,96,0.2674,MTL-Flat-classification-only
1,97,0.2855,MTL-Flat-classification-only
1,98,0.2717,MTL-Flat-classification-only
1,99,0.2615,MTL-Flat-classification-only
1,100,0.264,MTL-Flat-classification-only
1,101,0.2473,MTL-Flat-classification-only
1,102,0.2467,MTL-Flat-classification-only
1,103,0.2466,MTL-Flat-classification-only
1,104,0.2457,MTL-Flat-classification-only
1,105,0.2459,MTL-Flat-classification-only
1,106,0.2459,MTL-Flat-classification-only
1,107,0.2458,MTL-Flat-classification-only
1,108,0.2544,MTL-Flat-classification-only
1,109,0.2467,MTL-Flat-classification-only
1,110,0.2542,MTL-Flat-classification-only
1,111,0.2777,MTL-Flat-classification-only
1,112,0.2563,MTL-Flat-classification-only
1,113,0.2462,MTL-Flat-classification-only
1,114,0.8299,MTL-Flat-classification-only
1,115,0.478,MTL-Flat-classification-only
1,116,0.3213,MTL-Flat-classification-only
1,117,0.3507,MTL-Flat-classification-only
1,118,0.3282,MTL-Flat-classification-only
1,119,0.4212,MTL-Flat-classification-only
1,120,0.3844,MTL-Flat-classification-only
1,121,0.3838,MTL-Flat-classification-only
1,122,0.2945,MTL-Flat-classification-only
1,123,0.2499,MTL-Flat-classification-only
1,124,0.2469,MTL-Flat-classification-only
1,125,0.2583,MTL-Flat-classification-only
1,126,0.2506,MTL-Flat-classification-only
1,127,0.2454,MTL-Flat-classification-only
1,128,0.2449,MTL-Flat-classification-only
1,129,0.2582,MTL-Flat-classification-only
1,130,0.2587,MTL-Flat-classification-only
1,131,0.2467,MTL-Flat-classification-only
1,132,0.5124,MTL-Flat-classification-only
1,133,0.4185,MTL-Flat-classification-only
1,134,0.4123,MTL-Flat-classification-only
1,135,0.2926,MTL-Flat-classification-only
1,136,0.2787,MTL-Flat-classification-only
1,137,0.3734,MTL-Flat-classification-only
1,138,0.3821,MTL-Flat-classification-only
1,139,0.3748,MTL-Flat-classification-only
1,140,0.4355,MTL-Flat-classification-only
1,141,0.325,MTL-Flat-classification-only
1,142,0.3188,MTL-Flat-classification-only
1,143,0.2533,MTL-Flat-classification-only
1,144,0.2501,MTL-Flat-classification-only
1,145,0.2485,MTL-Flat-classification-only
1,146,0.2479,MTL-Flat-classification-only
1,147,0.2476,MTL-Flat-classification-only
1,148,0.2557,MTL-Flat-classification-only
1,149,0.2473,MTL-Flat-classification-only
1,150,0.2874,MTL-Flat-classification-only
1,151,0.4533,MTL-Flat-classification-only
1,152,0.493,MTL-Flat-classification-only
1,153,0.4847,MTL-Flat-classification-only
1,154,0.3461,MTL-Flat-classification-only
1,155,0.3013,MTL-Flat-classification-only
1,156,0.2852,MTL-Flat-classification-only
1,157,0.2679,MTL-Flat-classification-only
1,158,0.2943,MTL-Flat-classification-only
1,159,0.2526,MTL-Flat-classification-only
1,160,0.2553,MTL-Flat-classification-only
1,161,0.2514,MTL-Flat-classification-only
1,162,0.4789,MTL-Flat-classification-only
1,163,0.5364,MTL-Flat-classification-only
1,164,0.3862,MTL-Flat-classification-only
1,165,0.3705,MTL-Flat-classification-only
1,166,0.3269,MTL-Flat-classification-only
1,167,0.3485,MTL-Flat-classification-only
1,168,0.4856,MTL-Flat-classification-only
1,169,0.5228,MTL-Flat-classification-only
1,170,0.3518,MTL-Flat-classification-only
1,171,0.2894,MTL-Flat-classification-only
1,172,0.2657,MTL-Flat-classification-only
1,173,0.2917,MTL-Flat-classification-only
1,174,0.4239,MTL-Flat-classification-only
1,175,0.4383,MTL-Flat-classification-only
1,176,0.3374,MTL-Flat-classification-only
1,177,0.4193,MTL-Flat-classification-only
1,178,0.2904,MTL-Flat-classification-only
1,179,0.2521,MTL-Flat-classification-only
1,180,0.2478,MTL-Flat-classification-only
1,181,0.2453,MTL-Flat-classification-only
1,182,0.2479,MTL-Flat-classification-only
1,183,0.2457,MTL-Flat-classification-only
1,184,0.248,MTL-Flat-classification-only
1,185,0.2512,MTL-Flat-classification-only
1,186,0.5528,MTL-Flat-classification-only
1,187,0.5025,MTL-Flat-classification-only
1,188,0.4857,MTL-Flat-classification-only
1,189,0.3839,MTL-Flat-classification-only
1,190,0.347,MTL-Flat-classification-only
1,191,0.2927,MTL-Flat-classification-only
1,192,0.2828,MTL-Flat-classification-only
1,193,0.277,MTL-Flat-classification-only
1,194,0.254,MTL-Flat-classification-only
1,195,0.2513,MTL-Flat-classification-only
1,196,0.2465,MTL-Flat-classification-only
1,197,0.2536,MTL-Flat-classification-only
1,198,0.2504,MTL-Flat-classification-only
1,199,0.2498,MTL-Flat-classification-only
1,200,0.2486,MTL-Flat-classification-only
1,201,0.2851,MTL-Flat-classification-only
1,202,0.3447,MTL-Flat-classification-only
1,203,0.2823,MTL-Flat-classification-only
1,204,0.2616,MTL-Flat-classification-only
1,205,0.545,MTL-Flat-classification-only
1,206,0.5657,MTL-Flat-classification-only
1,207,0.6395,MTL-Flat-classification-only
1,208,0.4409,MTL-Flat-classification-only
1,209,0.3112,MTL-Flat-classification-only
1,210,0.2864,MTL-Flat-classification-only
1,211,0.2676,MTL-Flat-classification-only
1,212,0.2505,MTL-Flat-classification-only
1,213,0.2465,MTL-Flat-classification-only
1,214,0.2477,MTL-Flat-classification-only
1,215,0.2539,MTL-Flat-classification-only
1,216,0.2483,MTL-Flat-classification-only
1,217,0.2479,MTL-Flat-classification-only
1,218,0.2462,MTL-Flat-classification-only
1,219,0.2465,MTL-Flat-classification-only
1,220,0.2461,MTL-Flat-classification-only
1,221,0.2453,MTL-Flat-classification-only
1,222,0.2462,MTL-Flat-classification-only
1,223,0.2756,MTL-Flat-classification-only
1,224,0.4724,MTL-Flat-classification-only
1,225,0.4817,MTL-Flat-classification-only
1,226,0.3617,MTL-Flat-classification-only
1,227,0.2795,MTL-Flat-classification-only
1,228,0.2816,MTL-Flat-classification-only
1,229,0.2839,MTL-Flat-classification-only
1,230,0.2713,MTL-Flat-classification-only
1,231,0.2905,MTL-Flat-classification-only
1,232,0.254,MTL-Flat-classification-only
1,233,0.2523,MTL-Flat-classification-only
1,234,0.2477,MTL-Flat-classification-only
1,235,0.2465,MTL-Flat-classification-only
1,236,0.2517,MTL-Flat-classification-only
1,237,0.2474,MTL-Flat-classification-only
1,238,0.2458,MTL-Flat-classification-only
1,239,0.2456,MTL-Flat-classification-only
1,240,0.2466,MTL-Flat-classification-only
1,241,0.2466,MTL-Flat-classification-only
1,242,0.2449,MTL-Flat-classification-only
1,243,0.2496,MTL-Flat-classification-only
1,244,0.2543,MTL-Flat-classification-only
1,245,0.4794,MTL-Flat-classification-only
1,246,0.5029,MTL-Flat-classification-only
1,247,0.3483,MTL-Flat-classification-only
1,248,0.2716,MTL-Flat-classification-only
1,249,0.2694,MTL-Flat-classification-only
1,250,0.2903,MTL-Flat-classification-only
1,251,0.2708,MTL-Flat-classification-only
1,252,0.254,MTL-Flat-classification-only
1,253,0.2806,MTL-Flat-classification-only
1,254,0.2571,MTL-Flat-classification-only
1,255,0.2476,MTL-Flat-classification-only
1,256,0.2464,MTL-Flat-classification-only
1,257,0.3395,MTL-Flat-classification-only
1,258,0.3269,MTL-Flat-classification-only
1,259,0.2715,MTL-Flat-classification-only
1,260,0.255,MTL-Flat-classification-only
1,261,0.2489,MTL-Flat-classification-only
1,262,0.2485,MTL-Flat-classification-only
1,263,0.2484,MTL-Flat-classification-only
1,264,0.4079,MTL-Flat-classification-only
1,265,0.7088,MTL-Flat-classification-only
1,266,0.6064,MTL-Flat-classification-only
1,267,0.3767,MTL-Flat-classification-only
1,268,0.2976,MTL-Flat-classification-only
1,269,0.2709,MTL-Flat-classification-only
1,270,0.2658,MTL-Flat-classification-only
1,271,0.2767,MTL-Flat-classification-only
1,272,0.2919,MTL-Flat-classification-only
1,273,0.2876,MTL-Flat-classification-only
1,274,0.2602,MTL-Flat-classification-only
1,275,0.2628,MTL-Flat-classification-only
1,276,0.2488,MTL-Flat-classification-only
1,277,0.2463,MTL-Flat-classification-only
1,278,0.2457,MTL-Flat-classification-only
1,279,0.2452,MTL-Flat-classification-only
1,280,0.2466,MTL-Flat-classification-only
1,281,0.2512,MTL-Flat-classification-only
1,282,0.2505,MTL-Flat-classification-only
1,283,0.2438,MTL-Flat-classification-only
1,284,0.3016,MTL-Flat-classification-only
1,285,0.4586,MTL-Flat-classification-only
1,286,0.37,MTL-Flat-classification-only
1,287,0.4243,MTL-Flat-classification-only
1,288,0.2746,MTL-Flat-classification-only
1,289,0.2753,MTL-Flat-classification-only
1,290,0.2668,MTL-Flat-classification-only
1,291,0.2589,MTL-Flat-classification-only
1,292,0.2496,MTL-Flat-classification-only
1,293,0.2495,MTL-Flat-classification-only
1,294,0.247,MTL-Flat-classification-only
1,295,0.257,MTL-Flat-classification-only
1,296,0.2464,MTL-Flat-classification-only
1,297,0.2461,MTL-Flat-classification-only
1,298,0.2453,MTL-Flat-classification-only
1,299,0.2786,MTL-Flat-classification-only
1,300,0.2715,MTL-Flat-classification-only
1,301,0.2492,MTL-Flat-classification-only
1,302,0.2457,MTL-Flat-classification-only
1,303,0.256,MTL-Flat-classification-only
1,304,0.2455,MTL-Flat-classification-only
1,305,0.2911,MTL-Flat-classification-only
1,306,0.5258,MTL-Flat-classification-only
1,307,0.6592,MTL-Flat-classification-only
1,308,0.3859,MTL-Flat-classification-only
1,309,0.3094,MTL-Flat-classification-only
1,310,0.2868,MTL-Flat-classification-only
1,311,0.286,MTL-Flat-classification-only
1,312,0.277,MTL-Flat-classification-only
1,313,0.273,MTL-Flat-classification-only
1,314,0.2591,MTL-Flat-classification-only
1,315,0.2512,MTL-Flat-classification-only
1,316,0.2484,MTL-Flat-classification-only
1,317,0.2462,MTL-Flat-classification-only
1,318,0.2624,MTL-Flat-classification-only
1,319,0.2491,MTL-Flat-classification-only
1,320,0.2469,MTL-Flat-classification-only
1,321,0.2462,MTL-Flat-classification-only
1,322,0.2503,MTL-Flat-classification-only
1,323,0.2484,MTL-Flat-classification-only
1,324,0.2474,MTL-Flat-classification-only
1,325,0.2466,MTL-Flat-classification-only
1,326,0.5191,MTL-Flat-classification-only
1,327,0.5553,MTL-Flat-classification-only
1,328,0.4617,MTL-Flat-classification-only
1,329,0.303,MTL-Flat-classification-only
1,330,0.2813,MTL-Flat-classification-only
1,331,0.379,MTL-Flat-classification-only
1,332,0.3975,MTL-Flat-classification-only
1,333,0.2886,MTL-Flat-classification-only
1,334,0.2514,MTL-Flat-classification-only
1,335,0.2484,MTL-Flat-classification-only
1,336,0.2477,MTL-Flat-classification-only
1,337,0.2473,MTL-Flat-classification-only
1,338,0.2467,MTL-Flat-classification-only
1,339,0.2461,MTL-Flat-classification-only
1,340,0.2461,MTL-Flat-classification-only
1,341,0.254,MTL-Flat-classification-only
1,342,0.246,MTL-Flat-classification-only
1,343,0.246,MTL-Flat-classification-only
1,344,0.2463,MTL-Flat-classification-only
1,345,0.2821,MTL-Flat-classification-only
1,346,0.5102,MTL-Flat-classification-only
1,347,0.433,MTL-Flat-classification-only
1,348,0.4129,MTL-Flat-classification-only
1,349,0.2758,MTL-Flat-classification-only
1,350,0.2745,MTL-Flat-classification-only
1,351,0.276,MTL-Flat-classification-only
1,352,0.2993,MTL-Flat-classification-only
1,353,0.2693,MTL-Flat-classification-only
1,354,0.2507,MTL-Flat-classification-only
1,355,0.2485,MTL-Flat-classification-only
1,356,0.5089,MTL-Flat-classification-only
1,357,0.5631,MTL-Flat-classification-only
1,358,0.3957,MTL-Flat-classification-only
1,359,0.4387,MTL-Flat-classification-only
1,360,0.388,MTL-Flat-classification-only
1,361,0.3679,MTL-Flat-classification-only
1,362,0.636,MTL-Flat-classification-only
1,363,0.4867,MTL-Flat-classification-only
1,364,0.4575,MTL-Flat-classification-only
1,365,0.3028,MTL-Flat-classification-only
1,366,0.2706,MTL-Flat-classification-only
1,367,0.2615,MTL-Flat-classification-only
1,368,0.2826,MTL-Flat-classification-only
1,369,0.3115,MTL-Flat-classification-only
1,370,0.2659,MTL-Flat-classification-only
1,371,0.2592,MTL-Flat-classification-only
1,372,0.2508,MTL-Flat-classification-only
1,373,0.2455,MTL-Flat-classification-only
1,374,0.2463,MTL-Flat-classification-only
1,375,0.245,MTL-Flat-classification-only
1,376,0.2507,MTL-Flat-classification-only
1,377,0.246,MTL-Flat-classification-only
1,378,0.2443,MTL-Flat-classification-only
1,379,0.2448,MTL-Flat-classification-only
1,380,0.2452,MTL-Flat-classification-only
1,381,0.2452,MTL-Flat-classification-only
1,382,0.3951,MTL-Flat-classification-only
1,383,0.4706,MTL-Flat-classification-only
1,384,0.4273,MTL-Flat-classification-only
1,385,0.282,MTL-Flat-classification-only
1,386,0.269,MTL-Flat-classification-only
1,387,0.267,MTL-Flat-classification-only
1,388,0.257,MTL-Flat-classification-only
1,389,0.2509,MTL-Flat-classification-only
1,390,0.2596,MTL-Flat-classification-only
1,391,0.2473,MTL-Flat-classification-only
1,392,0.2468,MTL-Flat-classification-only
1,393,0.2445,MTL-Flat-classification-only
1,394,0.2449,MTL-Flat-classification-only
1,395,0.2476,MTL-Flat-classification-only
1,396,0.3158,MTL-Flat-classification-only
1,397,0.3733,MTL-Flat-classification-only
1,398,0.2736,MTL-Flat-classification-only
1,399,0.2488,MTL-Flat-classification-only
1,400,0.2483,MTL-Flat-classification-only
1,401,0.2925,MTL-Flat-classification-only
1,402,0.2478,MTL-Flat-classification-only
1,403,0.4965,MTL-Flat-classification-only
1,404,0.6563,MTL-Flat-classification-only
1,405,0.402,MTL-Flat-classification-only
1,406,0.4132,MTL-Flat-classification-only
1,407,0.3282,MTL-Flat-classification-only
1,408,0.303,MTL-Flat-classification-only
1,409,0.3064,MTL-Flat-classification-only
1,410,0.264,MTL-Flat-classification-only
1,411,0.2525,MTL-Flat-classification-only
1,412,0.246,MTL-Flat-classification-only
1,413,0.2868,MTL-Flat-classification-only
1,414,0.3453,MTL-Flat-classification-only
1,415,0.3424,MTL-Flat-classification-only
1,416,0.2557,MTL-Flat-classification-only
1,417,0.2461,MTL-Flat-classification-only
1,418,0.2453,MTL-Flat-classification-only
1,419,0.2448,MTL-Flat-classification-only
1,420,0.2453,MTL-Flat-classification-only
1,421,0.2901,MTL-Flat-classification-only
1,422,0.5159,MTL-Flat-classification-only
1,423,0.5243,MTL-Flat-classification-only
1,424,0.3429,MTL-Flat-classification-only
1,425,0.2742,MTL-Flat-classification-only
1,426,0.313,MTL-Flat-classification-only
1,427,0.4443,MTL-Flat-classification-only
1,428,0.3569,MTL-Flat-classification-only
1,429,0.2669,MTL-Flat-classification-only
1,430,0.2502,MTL-Flat-classification-only
1,431,0.2486,MTL-Flat-classification-only
1,432,0.2458,MTL-Flat-classification-only
1,433,0.2451,MTL-Flat-classification-only
1,434,0.2454,MTL-Flat-classification-only
1,435,0.2528,MTL-Flat-classification-only
1,436,0.2472,MTL-Flat-classification-only
1,437,0.245,MTL-Flat-classification-only
1,438,0.2449,MTL-Flat-classification-only
1,439,0.246,MTL-Flat-classification-only
1,440,0.2458,MTL-Flat-classification-only
1,441,0.3004,MTL-Flat-classification-only
1,442,0.4683,MTL-Flat-classification-only
1,443,0.496,MTL-Flat-classification-only
1,444,0.3437,MTL-Flat-classification-only
1,445,0.2714,MTL-Flat-classification-only
1,446,0.3307,MTL-Flat-classification-only
1,447,0.2902,MTL-Flat-classification-only
1,448,0.2752,MTL-Flat-classification-only
1,449,0.2492,MTL-Flat-classification-only
1,450,0.4543,MTL-Flat-classification-only
1,451,0.4239,MTL-Flat-classification-only
1,452,0.3726,MTL-Flat-classification-only
1,453,0.368,MTL-Flat-classification-only
1,454,0.4602,MTL-Flat-classification-only
1,455,0.4077,MTL-Flat-classification-only
1,456,0.3723,MTL-Flat-classification-only
1,457,0.3556,MTL-Flat-classification-only
1,458,0.6053,MTL-Flat-classification-only
1,459,0.4046,MTL-Flat-classification-only
1,460,0.4507,MTL-Flat-classification-only
1,461,0.295,MTL-Flat-classification-only
1,462,0.2713,MTL-Flat-classification-only
1,463,0.2713,MTL-Flat-classification-only
1,464,0.3234,MTL-Flat-classification-only
1,465,0.2752,MTL-Flat-classification-only
1,466,0.2599,MTL-Flat-classification-only
1,467,0.257,MTL-Flat-classification-only
1,468,0.2473,MTL-Flat-classification-only
1,469,0.2463,MTL-Flat-classification-only
1,470,0.2462,MTL-Flat-classification-only
1,471,0.2537,MTL-Flat-classification-only
1,472,0.2494,MTL-Flat-classification-only
1,473,0.2451,MTL-Flat-classification-only
1,474,0.2462,MTL-Flat-classification-only
1,475,0.2464,MTL-Flat-classification-only
1,476,0.2469,MTL-Flat-classification-only
1,477,0.2454,MTL-Flat-classification-only
1,478,0.3454,MTL-Flat-classification-only
1,479,0.4989,MTL-Flat-classification-only
1,480,0.4717,MTL-Flat-classification-only
1,481,0.3696,MTL-Flat-classification-only
1,482,0.2956,MTL-Flat-classification-only
1,483,0.2997,MTL-Flat-classification-only
1,484,0.2639,MTL-Flat-classification-only
1,485,0.2518,MTL-Flat-classification-only
1,486,0.2481,MTL-Flat-classification-only
1,487,0.2484,MTL-Flat-classification-only
1,488,0.247,MTL-Flat-classification-only
1,489,0.2462,MTL-Flat-classification-only
1,490,0.3121,MTL-Flat-classification-only
1,491,0.3073,MTL-Flat-classification-only
1,492,0.2532,MTL-Flat-classification-only
1,493,0.2467,MTL-Flat-classification-only
1,494,0.2461,MTL-Flat-classification-only
1,495,0.245,MTL-Flat-classification-only
1,496,0.291,MTL-Flat-classification-only
1,497,0.3194,MTL-Flat-classification-only
1,498,0.496,MTL-Flat-classification-only
1,499,0.8187,MTL-Flat-classification-only
1,500,0.7235,MTL-Flat-classification-only
1,501,0.5882,MTL-Flat-classification-only
1,502,0.4428,MTL-Flat-classification-only
1,503,0.3157,MTL-Flat-classification-only
1,504,0.4189,MTL-Flat-classification-only
1,505,0.3959,MTL-Flat-classification-only
1,506,0.3711,MTL-Flat-classification-only
1,507,0.3002,MTL-Flat-classification-only
1,508,0.2476,MTL-Flat-classification-only
1,509,0.2613,MTL-Flat-classification-only
1,510,0.2472,MTL-Flat-classification-only
1,511,0.2515,MTL-Flat-classification-only
1,512,0.2464,MTL-Flat-classification-only
1,513,0.3871,MTL-Flat-classification-only
1,514,0.4381,MTL-Flat-classification-only
1,515,0.455,MTL-Flat-classification-only
1,516,0.3065,MTL-Flat-classification-only
1,517,0.291,MTL-Flat-classification-only
1,518,0.4274,MTL-Flat-classification-only
1,519,0.3594,MTL-Flat-classification-only
1,520,0.3589,MTL-Flat-classification-only
1,521,0.2773,MTL-Flat-classification-only
1,522,0.2543,MTL-Flat-classification-only
1,523,0.2525,MTL-Flat-classification-only
1,524,0.2487,MTL-Flat-classification-only
1,525,0.2463,MTL-Flat-classification-only
1,526,0.2466,MTL-Flat-classification-only
1,527,0.245,MTL-Flat-classification-only
1,528,0.2459,MTL-Flat-classification-only
1,529,0.2566,MTL-Flat-classification-only
1,530,0.2487,MTL-Flat-classification-only
1,531,0.2465,MTL-Flat-classification-only
1,532,0.2461,MTL-Flat-classification-only
1,533,0.3648,MTL-Flat-classification-only
1,534,0.4526,MTL-Flat-classification-only
1,535,0.4707,MTL-Flat-classification-only
1,536,0.305,MTL-Flat-classification-only
1,537,0.2809,MTL-Flat-classification-only
1,538,0.3655,MTL-Flat-classification-only
1,539,0.2815,MTL-Flat-classification-only
1,540,0.255,MTL-Flat-classification-only
1,541,0.2488,MTL-Flat-classification-only
1,542,0.259,MTL-Flat-classification-only
1,543,0.2478,MTL-Flat-classification-only
1,544,0.2464,MTL-Flat-classification-only
1,545,0.2468,MTL-Flat-classification-only
1,546,0.251,MTL-Flat-classification-only
1,547,0.4604,MTL-Flat-classification-only
1,548,0.5229,MTL-Flat-classification-only
1,549,0.4004,MTL-Flat-classification-only
1,550,0.2912,MTL-Flat-classification-only
1,551,0.3118,MTL-Flat-classification-only
1,552,0.5237,MTL-Flat-classification-only
1,553,0.5262,MTL-Flat-classification-only
1,554,0.325,MTL-Flat-classification-only
1,555,0.2814,MTL-Flat-classification-only
1,556,0.2811,MTL-Flat-classification-only
1,557,0.3012,MTL-Flat-classification-only
1,558,0.295,MTL-Flat-classification-only
1,559,0.265,MTL-Flat-classification-only
1,560,0.278,MTL-Flat-classification-only
1,561,0.255,MTL-Flat-classification-only
1,562,0.2481,MTL-Flat-classification-only
1,563,0.2484,MTL-Flat-classification-only
1,564,0.246,MTL-Flat-classification-only
1,565,0.2459,MTL-Flat-classification-only
1,566,0.2463,MTL-Flat-classification-only
1,567,0.247,MTL-Flat-classification-only
1,568,0.2546,MTL-Flat-classification-only
1,569,0.247,MTL-Flat-classification-only
1,570,0.2467,MTL-Flat-classification-only
1,571,0.247,MTL-Flat-classification-only
1,572,0.3886,MTL-Flat-classification-only
1,573,0.4451,MTL-Flat-classification-only
1,574,0.4287,MTL-Flat-classification-only
1,575,0.2863,MTL-Flat-classification-only
1,576,0.2584,MTL-Flat-classification-only
1,577,0.2737,MTL-Flat-classification-only
1,578,0.2713,MTL-Flat-classification-only
1,579,0.2589,MTL-Flat-classification-only
1,580,0.2501,MTL-Flat-classification-only
1,581,0.2463,MTL-Flat-classification-only
1,582,0.2563,MTL-Flat-classification-only
1,583,0.2478,MTL-Flat-classification-only
1,584,0.2816,MTL-Flat-classification-only
1,585,0.3233,MTL-Flat-classification-only
1,586,0.2504,MTL-Flat-classification-only
1,587,0.247,MTL-Flat-classification-only
1,588,0.2862,MTL-Flat-classification-only
1,589,0.2577,MTL-Flat-classification-only
1,590,0.2463,MTL-Flat-classification-only
1,591,0.307,MTL-Flat-classification-only
1,592,0.2971,MTL-Flat-classification-only
1,593,0.4772,MTL-Flat-classification-only
1,594,0.4794,MTL-Flat-classification-only
1,595,0.4206,MTL-Flat-classification-only
1,596,0.2863,MTL-Flat-classification-only
1,597,0.4649,MTL-Flat-classification-only
1,598,0.3782,MTL-Flat-classification-only
1,599,0.2772,MTL-Flat-classification-only
1,600,0.253,MTL-Flat-classification-only
1,601,0.2486,MTL-Flat-classification-only
1,602,0.2484,MTL-Flat-classification-only
1,603,0.2503,MTL-Flat-classification-only
1,604,0.33,MTL-Flat-classification-only
1,605,0.3037,MTL-Flat-classification-only
1,606,0.2487,MTL-Flat-classification-only
1,607,0.2478,MTL-Flat-classification-only
1,608,0.2454,MTL-Flat-classification-only
1,609,0.2471,MTL-Flat-classification-only
1,610,0.2475,MTL-Flat-classification-only
1,611,0.2462,MTL-Flat-classification-only
1,612,0.2995,MTL-Flat-classification-only
1,613,0.4322,MTL-Flat-classification-only
1,614,0.4258,MTL-Flat-classification-only
1,615,0.4188,MTL-Flat-classification-only
1,616,0.2786,MTL-Flat-classification-only
1,617,0.2745,MTL-Flat-classification-only
1,618,0.2936,MTL-Flat-classification-only
1,619,0.2786,MTL-Flat-classification-only
1,620,0.2621,MTL-Flat-classification-only
1,621,0.2502,MTL-Flat-classification-only
1,622,0.2464,MTL-Flat-classification-only
1,623,0.2474,MTL-Flat-classification-only
1,624,0.2457,MTL-Flat-classification-only
1,625,0.2551,MTL-Flat-classification-only
1,626,0.2516,MTL-Flat-classification-only
1,627,0.2481,MTL-Flat-classification-only
1,628,0.2479,MTL-Flat-classification-only
1,629,0.3062,MTL-Flat-classification-only
1,630,0.4146,MTL-Flat-classification-only
1,631,0.3057,MTL-Flat-classification-only
1,632,0.2982,MTL-Flat-classification-only
1,633,0.502,MTL-Flat-classification-only
1,634,0.531,MTL-Flat-classification-only
1,635,0.327,MTL-Flat-classification-only
1,636,0.3008,MTL-Flat-classification-only
1,637,0.2862,MTL-Flat-classification-only
1,638,0.2924,MTL-Flat-classification-only
1,639,0.2742,MTL-Flat-classification-only
1,640,0.2585,MTL-Flat-classification-only
1,641,0.2529,MTL-Flat-classification-only
1,642,0.2625,MTL-Flat-classification-only
1,643,0.2503,MTL-Flat-classification-only
1,644,0.2492,MTL-Flat-classification-only
1,645,0.4569,MTL-Flat-classification-only
1,646,0.4169,MTL-Flat-classification-only
1,647,0.5575,MTL-Flat-classification-only
1,648,0.5348,MTL-Flat-classification-only
1,649,0.4577,MTL-Flat-classification-only
1,650,0.4508,MTL-Flat-classification-only
1,651,0.6328,MTL-Flat-classification-only
1,652,0.429,MTL-Flat-classification-only
1,653,0.4328,MTL-Flat-classification-only
1,654,0.8051,MTL-Flat-classification-only
1,655,0.431,MTL-Flat-classification-only
1,656,0.2674,MTL-Flat-classification-only
1,657,0.25,MTL-Flat-classification-only
1,658,0.2527,MTL-Flat-classification-only
1,659,0.2483,MTL-Flat-classification-only
1,660,0.2535,MTL-Flat-classification-only
1,661,0.2467,MTL-Flat-classification-only
1,662,0.2468,MTL-Flat-classification-only
1,663,0.2455,MTL-Flat-classification-only
1,664,0.2746,MTL-Flat-classification-only
1,665,0.251,MTL-Flat-classification-only
1,666,0.371,MTL-Flat-classification-only
1,667,0.4871,MTL-Flat-classification-only
1,668,0.4368,MTL-Flat-classification-only
1,669,0.288,MTL-Flat-classification-only
1,670,0.2864,MTL-Flat-classification-only
1,671,0.288,MTL-Flat-classification-only
1,672,0.449,MTL-Flat-classification-only
1,673,0.4224,MTL-Flat-classification-only
1,674,0.311,MTL-Flat-classification-only
1,675,0.2697,MTL-Flat-classification-only
1,676,0.2551,MTL-Flat-classification-only
1,677,0.2485,MTL-Flat-classification-only
1,678,0.2932,MTL-Flat-classification-only
1,679,0.2537,MTL-Flat-classification-only
1,680,0.2571,MTL-Flat-classification-only
1,681,0.2471,MTL-Flat-classification-only
1,682,0.2464,MTL-Flat-classification-only
1,683,0.2487,MTL-Flat-classification-only
1,684,0.2509,MTL-Flat-classification-only
1,685,0.2654,MTL-Flat-classification-only
1,686,0.5266,MTL-Flat-classification-only
1,687,0.5113,MTL-Flat-classification-only
1,688,0.3582,MTL-Flat-classification-only
1,689,0.2783,MTL-Flat-classification-only
1,690,0.2638,MTL-Flat-classification-only
1,691,0.5121,MTL-Flat-classification-only
1,692,0.3753,MTL-Flat-classification-only
1,693,0.2741,MTL-Flat-classification-only
1,694,0.2536,MTL-Flat-classification-only
1,695,0.249,MTL-Flat-classification-only
1,696,0.2464,MTL-Flat-classification-only
1,697,0.2547,MTL-Flat-classification-only
1,698,0.2609,MTL-Flat-classification-only
1,699,0.4454,MTL-Flat-classification-only
1,700,0.3231,MTL-Flat-classification-only
1,701,0.2505,MTL-Flat-classification-only
1,702,0.2487,MTL-Flat-classification-only
1,703,0.2458,MTL-Flat-classification-only
1,704,0.3569,MTL-Flat-classification-only
1,705,0.4861,MTL-Flat-classification-only
1,706,0.5456,MTL-Flat-classification-only
1,707,0.4575,MTL-Flat-classification-only
1,708,0.2926,MTL-Flat-classification-only
1,709,0.2991,MTL-Flat-classification-only
1,710,0.3054,MTL-Flat-classification-only
1,711,0.2715,MTL-Flat-classification-only
1,712,0.2546,MTL-Flat-classification-only
1,713,0.2478,MTL-Flat-classification-only
1,714,0.2482,MTL-Flat-classification-only
1,715,0.2473,MTL-Flat-classification-only
1,716,0.2478,MTL-Flat-classification-only
1,717,0.2453,MTL-Flat-classification-only
1,718,0.2569,MTL-Flat-classification-only
1,719,0.291,MTL-Flat-classification-only
1,720,0.3329,MTL-Flat-classification-only
1,721,0.3002,MTL-Flat-classification-only
1,722,0.2691,MTL-Flat-classification-only
1,723,0.2718,MTL-Flat-classification-only
1,724,0.5208,MTL-Flat-classification-only
1,725,0.5282,MTL-Flat-classification-only
1,726,0.3382,MTL-Flat-classification-only
1,727,0.2938,MTL-Flat-classification-only
1,728,0.2728,MTL-Flat-classification-only
1,729,0.2962,MTL-Flat-classification-only
1,730,0.2908,MTL-Flat-classification-only
1,731,0.2655,MTL-Flat-classification-only
1,732,0.249,MTL-Flat-classification-only
1,733,0.247,MTL-Flat-classification-only
1,734,0.247,MTL-Flat-classification-only
1,735,0.2477,MTL-Flat-classification-only
1,736,0.247,MTL-Flat-classification-only
1,737,0.2463,MTL-Flat-classification-only
1,738,0.254,MTL-Flat-classification-only
1,739,0.2718,MTL-Flat-classification-only
1,740,0.2814,MTL-Flat-classification-only
1,741,0.2588,MTL-Flat-classification-only
1,742,0.3987,MTL-Flat-classification-only
1,743,0.5091,MTL-Flat-classification-only
1,744,0.396,MTL-Flat-classification-only
1,745,0.348,MTL-Flat-classification-only
1,746,0.4296,MTL-Flat-classification-only
1,747,0.408,MTL-Flat-classification-only
1,748,0.2765,MTL-Flat-classification-only
1,749,0.2796,MTL-Flat-classification-only
1,750,0.2968,MTL-Flat-classification-only
1,751,0.2721,MTL-Flat-classification-only
1,752,0.26,MTL-Flat-classification-only
1,753,0.2672,MTL-Flat-classification-only
1,754,0.2484,MTL-Flat-classification-only
1,755,0.247,MTL-Flat-classification-only
1,756,0.2462,MTL-Flat-classification-only
1,757,0.2465,MTL-Flat-classification-only
1,758,0.2464,MTL-Flat-classification-only
1,759,0.2465,MTL-Flat-classification-only
1,760,0.246,MTL-Flat-classification-only
1,761,0.2619,MTL-Flat-classification-only
1,762,0.2475,MTL-Flat-classification-only
1,763,0.2463,MTL-Flat-classification-only
1,764,0.4952,MTL-Flat-classification-only
1,765,0.4718,MTL-Flat-classification-only
1,766,0.3721,MTL-Flat-classification-only
1,767,0.2715,MTL-Flat-classification-only
1,768,0.272,MTL-Flat-classification-only
1,769,0.2659,MTL-Flat-classification-only
1,770,0.2626,MTL-Flat-classification-only
1,771,0.2597,MTL-Flat-classification-only
1,772,0.3326,MTL-Flat-classification-only
1,773,0.3294,MTL-Flat-classification-only
1,774,0.2595,MTL-Flat-classification-only
1,775,0.2962,MTL-Flat-classification-only
1,776,0.248,MTL-Flat-classification-only
1,777,0.2458,MTL-Flat-classification-only
1,778,0.2462,MTL-Flat-classification-only
1,779,0.2477,MTL-Flat-classification-only
1,780,0.2462,MTL-Flat-classification-only
1,781,0.2543,MTL-Flat-classification-only
1,782,0.2462,MTL-Flat-classification-only
1,783,0.2463,MTL-Flat-classification-only
1,784,0.2469,MTL-Flat-classification-only
1,785,0.5283,MTL-Flat-classification-only
1,786,0.4918,MTL-Flat-classification-only
1,787,0.4016,MTL-Flat-classification-only
1,788,0.4046,MTL-Flat-classification-only
1,789,0.4216,MTL-Flat-classification-only
1,790,0.3593,MTL-Flat-classification-only
1,791,0.4864,MTL-Flat-classification-only
1,792,0.3284,MTL-Flat-classification-only
1,793,0.2609,MTL-Flat-classification-only
1,794,0.2518,MTL-Flat-classification-only
1,795,0.2517,MTL-Flat-classification-only
1,796,0.3163,MTL-Flat-classification-only
1,797,0.3393,MTL-Flat-classification-only
1,798,0.3723,MTL-Flat-classification-only
1,799,0.3703,MTL-Flat-classification-only
1,800,0.3293,MTL-Flat-classification-only
1,801,0.3841,MTL-Flat-classification-only
1,802,0.4879,MTL-Flat-classification-only
1,803,0.5102,MTL-Flat-classification-only
1,804,0.3219,MTL-Flat-classification-only
1,805,0.401,MTL-Flat-classification-only
1,806,0.755,MTL-Flat-classification-only
1,807,0.4239,MTL-Flat-classification-only
1,808,0.3232,MTL-Flat-classification-only
1,809,0.2493,MTL-Flat-classification-only
1,810,0.3338,MTL-Flat-classification-only
1,811,0.2584,MTL-Flat-classification-only
1,812,0.2489,MTL-Flat-classification-only
1,813,0.2472,MTL-Flat-classification-only
1,814,0.2475,MTL-Flat-classification-only
1,815,0.251,MTL-Flat-classification-only
1,816,0.2597,MTL-Flat-classification-only
1,817,0.3201,MTL-Flat-classification-only
1,818,0.6066,MTL-Flat-classification-only
1,819,0.51,MTL-Flat-classification-only
1,820,0.4145,MTL-Flat-classification-only
1,821,0.299,MTL-Flat-classification-only
1,822,0.2781,MTL-Flat-classification-only
1,823,0.2881,MTL-Flat-classification-only
1,824,0.2821,MTL-Flat-classification-only
1,825,0.2563,MTL-Flat-classification-only
1,826,0.2488,MTL-Flat-classification-only
1,827,0.248,MTL-Flat-classification-only
1,828,0.3047,MTL-Flat-classification-only
1,829,0.2781,MTL-Flat-classification-only
1,830,0.2489,MTL-Flat-classification-only
1,831,0.2469,MTL-Flat-classification-only
1,832,0.2779,MTL-Flat-classification-only
1,833,0.3297,MTL-Flat-classification-only
1,834,0.2655,MTL-Flat-classification-only
1,835,0.4147,MTL-Flat-classification-only
1,836,0.4719,MTL-Flat-classification-only
1,837,0.5412,MTL-Flat-classification-only
1,838,0.4015,MTL-Flat-classification-only
1,839,0.4715,MTL-Flat-classification-only
1,840,0.2958,MTL-Flat-classification-only
1,841,0.2725,MTL-Flat-classification-only
1,842,0.2671,MTL-Flat-classification-only
1,843,0.3079,MTL-Flat-classification-only
1,844,0.2909,MTL-Flat-classification-only
1,845,0.2622,MTL-Flat-classification-only
1,846,0.2541,MTL-Flat-classification-only
1,847,0.2468,MTL-Flat-classification-only
1,848,0.2464,MTL-Flat-classification-only
1,849,0.2459,MTL-Flat-classification-only
1,850,0.2455,MTL-Flat-classification-only
1,851,0.2459,MTL-Flat-classification-only
1,852,0.25,MTL-Flat-classification-only
1,853,0.2464,MTL-Flat-classification-only
1,854,0.2547,MTL-Flat-classification-only
1,855,0.2452,MTL-Flat-classification-only
1,856,0.2458,MTL-Flat-classification-only
1,857,0.4193,MTL-Flat-classification-only
1,858,0.4665,MTL-Flat-classification-only
1,859,0.3449,MTL-Flat-classification-only
1,860,0.4452,MTL-Flat-classification-only
1,861,0.3461,MTL-Flat-classification-only
1,862,0.2829,MTL-Flat-classification-only
1,863,0.277,MTL-Flat-classification-only
1,864,0.2794,MTL-Flat-classification-only
1,865,0.2675,MTL-Flat-classification-only
1,866,0.2491,MTL-Flat-classification-only
1,867,0.2474,MTL-Flat-classification-only
1,868,0.2945,MTL-Flat-classification-only
1,869,0.2479,MTL-Flat-classification-only
1,870,0.2456,MTL-Flat-classification-only
1,871,0.2489,MTL-Flat-classification-only
1,872,0.2448,MTL-Flat-classification-only
1,873,0.2542,MTL-Flat-classification-only
1,874,0.2445,MTL-Flat-classification-only
1,875,0.2441,MTL-Flat-classification-only
1,876,0.2482,MTL-Flat-classification-only
1,877,0.4144,MTL-Flat-classification-only
1,878,0.5394,MTL-Flat-classification-only
1,879,0.5487,MTL-Flat-classification-only
1,880,0.3363,MTL-Flat-classification-only
1,881,0.2788,MTL-Flat-classification-only
1,882,0.2957,MTL-Flat-classification-only
1,883,0.2808,MTL-Flat-classification-only
1,884,0.4554,MTL-Flat-classification-only
1,885,0.3003,MTL-Flat-classification-only
1,886,0.2565,MTL-Flat-classification-only
1,887,0.3321,MTL-Flat-classification-only
1,888,0.2546,MTL-Flat-classification-only
1,889,0.2494,MTL-Flat-classification-only
1,890,0.2491,MTL-Flat-classification-only
1,891,0.2507,MTL-Flat-classification-only
1,892,0.2512,MTL-Flat-classification-only
1,893,0.2558,MTL-Flat-classification-only
1,894,0.2486,MTL-Flat-classification-only
1,895,0.2463,MTL-Flat-classification-only
1,896,0.2471,MTL-Flat-classification-only
1,897,0.5638,MTL-Flat-classification-only
1,898,0.5503,MTL-Flat-classification-only
1,899,0.4198,MTL-Flat-classification-only
1,900,0.2848,MTL-Flat-classification-only
1,901,0.2654,MTL-Flat-classification-only
1,902,0.2912,MTL-Flat-classification-only
1,903,0.2811,MTL-Flat-classification-only
1,904,0.2725,MTL-Flat-classification-only
1,905,0.2712,MTL-Flat-classification-only
1,906,0.2502,MTL-Flat-classification-only
1,907,0.2474,MTL-Flat-classification-only
1,908,0.2475,MTL-Flat-classification-only
1,909,0.2468,MTL-Flat-classification-only
1,910,0.2536,MTL-Flat-classification-only
1,911,0.3509,MTL-Flat-classification-only
1,912,0.2937,MTL-Flat-classification-only
1,913,0.2801,MTL-Flat-classification-only
1,914,0.2485,MTL-Flat-classification-only
1,915,0.2477,MTL-Flat-classification-only
1,916,0.3677,MTL-Flat-classification-only
1,917,0.4504,MTL-Flat-classification-only
1,918,0.5155,MTL-Flat-classification-only
1,919,0.3204,MTL-Flat-classification-only
1,920,0.2733,MTL-Flat-classification-only
1,921,0.263,MTL-Flat-classification-only
1,922,0.2814,MTL-Flat-classification-only
1,923,0.2784,MTL-Flat-classification-only
1,924,0.2681,MTL-Flat-classification-only
1,925,0.2546,MTL-Flat-classification-only
1,926,0.2584,MTL-Flat-classification-only
1,927,0.2486,MTL-Flat-classification-only
1,928,0.2461,MTL-Flat-classification-only
1,929,0.2459,MTL-Flat-classification-only
1,930,0.2645,MTL-Flat-classification-only
1,931,0.2773,MTL-Flat-classification-only
1,932,0.2619,MTL-Flat-classification-only
1,933,0.2553,MTL-Flat-classification-only
1,934,0.3687,MTL-Flat-classification-only
1,935,0.4149,MTL-Flat-classification-only
1,936,0.3742,MTL-Flat-classification-only
1,937,0.3938,MTL-Flat-classification-only
1,938,0.3624,MTL-Flat-classification-only
1,939,0.6051,MTL-Flat-classification-only
1,940,0.4011,MTL-Flat-classification-only
1,941,0.3116,MTL-Flat-classification-only
1,942,0.3078,MTL-Flat-classification-only
1,943,0.2907,MTL-Flat-classification-only
1,944,0.264,MTL-Flat-classification-only
1,945,0.2525,MTL-Flat-classification-only
1,946,0.2477,MTL-Flat-classification-only
1,947,0.2482,MTL-Flat-classification-only
1,948,0.2511,MTL-Flat-classification-only
1,949,0.2465,MTL-Flat-classification-only
1,950,0.245,MTL-Flat-classification-only
1,951,0.2542,MTL-Flat-classification-only
1,952,0.2462,MTL-Flat-classification-only
1,953,0.2469,MTL-Flat-classification-only
1,954,0.2546,MTL-Flat-classification-only
1,955,0.2443,MTL-Flat-classification-only
1,956,0.3871,MTL-Flat-classification-only
1,957,0.488,MTL-Flat-classification-only
1,958,0.4807,MTL-Flat-classification-only
1,959,0.2934,MTL-Flat-classification-only
1,960,0.2661,MTL-Flat-classification-only
1,961,0.2828,MTL-Flat-classification-only
1,962,0.4201,MTL-Flat-classification-only
1,963,0.5033,MTL-Flat-classification-only
1,964,0.4232,MTL-Flat-classification-only
1,965,0.2906,MTL-Flat-classification-only
1,966,0.2518,MTL-Flat-classification-only
1,967,0.2537,MTL-Flat-classification-only
1,968,0.2469,MTL-Flat-classification-only
1,969,0.2447,MTL-Flat-classification-only
1,970,0.2572,MTL-Flat-classification-only
1,971,0.2495,MTL-Flat-classification-only
1,972,0.2458,MTL-Flat-classification-only
1,973,0.2474,MTL-Flat-classification-only
1,974,0.2494,MTL-Flat-classification-only
1,975,0.4062,MTL-Flat-classification-only
1,976,0.471,MTL-Flat-classification-only
1,977,0.4511,MTL-Flat-classification-only
1,978,0.3433,MTL-Flat-classification-only
1,979,0.2789,MTL-Flat-classification-only
1,980,0.2716,MTL-Flat-classification-only
1,981,0.2839,MTL-Flat-classification-only
1,982,0.378,MTL-Flat-classification-only
1,983,0.6099,MTL-Flat-classification-only
1,984,0.5559,MTL-Flat-classification-only
1,985,0.6581,MTL-Flat-classification-only
1,986,0.821,MTL-Flat-classification-only
1,987,0.4242,MTL-Flat-classification-only
1,988,0.4236,MTL-Flat-classification-only
1,989,0.4938,MTL-Flat-classification-only
1,990,0.5264,MTL-Flat-classification-only
1,991,0.4721,MTL-Flat-classification-only
1,992,0.4888,MTL-Flat-classification-only
1,993,0.4055,MTL-Flat-classification-only
1,994,0.343,MTL-Flat-classification-only
1,995,0.3009,MTL-Flat-classification-only
1,996,0.2718,MTL-Flat-classification-only
1,997,0.268,MTL-Flat-classification-only
1,998,0.2821,MTL-Flat-classification-only
1,999,0.7359,MTL-Flat-classification-only
1,1000,0.5088,MTL-Flat-classification-only
2,1,0.3367,MTL-Flat-classification-only
2,2,0.2598,MTL-Flat-classification-only
2,3,0.2508,MTL-Flat-classification-only
2,4,0.2485,MTL-Flat-classification-only
2,5,0.2466,MTL-Flat-classification-only
2,6,0.2573,MTL-Flat-classification-only
2,7,0.2473,MTL-Flat-classification-only
2,8,0.2464,MTL-Flat-classification-only
2,9,0.2448,MTL-Flat-classification-only
2,10,0.246,MTL-Flat-classification-only
2,11,0.7102,MTL-Flat-classification-only
2,12,0.6033,MTL-Flat-classification-only
2,13,0.3914,MTL-Flat-classification-only
2,14,0.2846,MTL-Flat-classification-only
2,15,0.2627,MTL-Flat-classification-only
2,16,0.2762,MTL-Flat-classification-only
2,17,0.3177,MTL-Flat-classification-only
2,18,0.2772,MTL-Flat-classification-only
2,19,0.2634,MTL-Flat-classification-only
2,20,0.2543,MTL-Flat-classification-only
2,21,0.2484,MTL-Flat-classification-only
2,22,0.2476,MTL-Flat-classification-only
2,23,0.2464,MTL-Flat-classification-only
2,24,0.2472,MTL-Flat-classification-only
2,25,0.2542,MTL-Flat-classification-only
2,26,0.2469,MTL-Flat-classification-only
2,27,0.2463,MTL-Flat-classification-only
2,28,0.247,MTL-Flat-classification-only
2,29,0.2458,MTL-Flat-classification-only
2,30,0.2914,MTL-Flat-classification-only
2,31,0.4778,MTL-Flat-classification-only
2,32,0.4942,MTL-Flat-classification-only
2,33,0.3499,MTL-Flat-classification-only
2,34,0.3732,MTL-Flat-classification-only
2,35,0.2932,MTL-Flat-classification-only
2,36,0.2692,MTL-Flat-classification-only
2,37,0.2586,MTL-Flat-classification-only
2,38,0.3015,MTL-Flat-classification-only
2,39,0.2504,MTL-Flat-classification-only
2,40,0.2483,MTL-Flat-classification-only
2,41,0.2456,MTL-Flat-classification-only
2,42,0.2457,MTL-Flat-classification-only
2,43,0.2471,MTL-Flat-classification-only
2,44,0.2463,MTL-Flat-classification-only
2,45,0.245,MTL-Flat-classification-only
2,46,0.2534,MTL-Flat-classification-only
2,47,0.2457,MTL-Flat-classification-only
2,48,0.2463,MTL-Flat-classification-only
2,49,0.2449,MTL-Flat-classification-only
2,50,0.2507,MTL-Flat-classification-only
2,51,0.3518,MTL-Flat-classification-only
2,52,0.4928,MTL-Flat-classification-only
2,53,0.4879,MTL-Flat-classification-only
2,54,0.3212,MTL-Flat-classification-only
2,55,0.2864,MTL-Flat-classification-only
2,56,0.2817,MTL-Flat-classification-only
2,57,0.2675,MTL-Flat-classification-only
2,58,0.2577,MTL-Flat-classification-only
2,59,0.271,MTL-Flat-classification-only
2,60,0.2469,MTL-Flat-classification-only
2,61,0.2456,MTL-Flat-classification-only
2,62,0.2515,MTL-Flat-classification-only
2,63,0.246,MTL-Flat-classification-only
2,64,0.3046,MTL-Flat-classification-only
2,65,0.7427,MTL-Flat-classification-only
2,66,0.5771,MTL-Flat-classification-only
2,67,0.3507,MTL-Flat-classification-only
2,68,0.2579,MTL-Flat-classification-only
2,69,0.4822,MTL-Flat-classification-only
2,70,0.3897,MTL-Flat-classification-only
2,71,0.5179,MTL-Flat-classification-only
2,72,0.3106,MTL-Flat-classification-only
2,73,0.2888,MTL-Flat-classification-only
2,74,0.2965,MTL-Flat-classification-only
2,75,0.2819,MTL-Flat-classification-only
2,76,0.2607,MTL-Flat-classification-only
2,77,0.3631,MTL-Flat-classification-only
2,78,0.322,MTL-Flat-classification-only
2,79,0.3125,MTL-Flat-classification-only
2,80,0.3097,MTL-Flat-classification-only
2,81,0.2831,MTL-Flat-classification-only
2,82,0.2562,MTL-Flat-classification-only
2,83,0.272,MTL-Flat-classification-only
2,84,0.4104,MTL-Flat-classification-only
2,85,0.3782,MTL-Flat-classification-only
2,86,0.2587,MTL-Flat-classification-only
2,87,0.5419,MTL-Flat-classification-only
2,88,0.4887,MTL-Flat-classification-only
2,89,0.3623,MTL-Flat-classification-only
2,90,0.2809,MTL-Flat-classification-only
2,91,0.2651,MTL-Flat-classification-only
2,92,0.2752,MTL-Flat-classification-only
2,93,0.2769,MTL-Flat-classification-only
2,94,0.2782,MTL-Flat-classification-only
2,95,0.2597,MTL-Flat-classification-only
2,96,0.3323,MTL-Flat-classification-only
2,97,0.3151,MTL-Flat-classification-only
2,98,0.2675,MTL-Flat-classification-only
2,99,0.2476,MTL-Flat-classification-only
2,100,0.247,MTL-Flat-classification-only
2,101,0.2581,MTL-Flat-classification-only
2,102,0.2521,MTL-Flat-classification-only
2,103,0.2477,MTL-Flat-classification-only
2,104,0.2476,MTL-Flat-classification-only
2,105,0.2465,MTL-Flat-classification-only
2,106,0.2469,MTL-Flat-classification-only
2,107,0.3735,MTL-Flat-classification-only
2,108,0.4679,MTL-Flat-classification-only
2,109,0.4431,MTL-Flat-classification-only
2,110,0.3066,MTL-Flat-classification-only
2,111,0.272,MTL-Flat-classification-only
2,112,0.3863,MTL-Flat-classification-only
2,113,0.3547,MTL-Flat-classification-only
2,114,0.3555,MTL-Flat-classification-only
2,115,0.2905,MTL-Flat-classification-only
2,116,0.2612,MTL-Flat-classification-only
2,117,0.263,MTL-Flat-classification-only
2,118,0.3537,MTL-Flat-classification-only
2,119,0.2781,MTL-Flat-classification-only
2,120,0.3707,MTL-Flat-classification-only
2,121,0.3646,MTL-Flat-classification-only
2,122,0.3615,MTL-Flat-classification-only
2,123,0.4468,MTL-Flat-classification-only
2,124,0.5346,MTL-Flat-classification-only
2,125,0.5073,MTL-Flat-classification-only
2,126,0.5118,MTL-Flat-classification-only
2,127,0.3025,MTL-Flat-classification-only
2,128,0.2818,MTL-Flat-classification-only
2,129,0.2867,MTL-Flat-classification-only
2,130,0.2793,MTL-Flat-classification-only
2,131,0.2651,MTL-Flat-classification-only
2,132,0.2578,MTL-Flat-classification-only
2,133,0.2572,MTL-Flat-classification-only
2,134,0.2483,MTL-Flat-classification-only
2,135,0.2478,MTL-Flat-classification-only
2,136,0.2468,MTL-Flat-classification-only
2,137,0.2469,MTL-Flat-classification-only
2,138,0.2468,MTL-Flat-classification-only
2,139,0.2465,MTL-Flat-classification-only
2,140,0.2468,MTL-Flat-classification-only
2,141,0.2532,MTL-Flat-classification-only
2,142,0.2474,MTL-Flat-classification-only
2,143,0.245,MTL-Flat-classification-only
2,144,0.2462,MTL-Flat-classification-only
2,145,0.4758,MTL-Flat-classification-only
2,146,0.4749,MTL-Flat-classification-only
2,147,0.3562,MTL-Flat-classification-only
2,148,0.2713,MTL-Flat-classification-only
2,149,0.263,MTL-Flat-classification-only
2,150,0.2766,MTL-Flat-classification-only
2,151,0.2629,MTL-Flat-classification-only
2,152,0.2547,MTL-Flat-classification-only
2,153,0.2481,MTL-Flat-classification-only
2,154,0.2589,MTL-Flat-classification-only
2,155,0.2467,MTL-Flat-classification-only
2,156,0.2468,MTL-Flat-classification-only
2,157,0.2469,MTL-Flat-classification-only
2,158,0.2474,MTL-Flat-classification-only
2,159,0.2474,MTL-Flat-classification-only
2,160,0.2456,MTL-Flat-classification-only
2,161,0.246,MTL-Flat-classification-only
2,162,0.3615,MTL-Flat-classification-only
2,163,0.4042,MTL-Flat-classification-only
2,164,0.27,MTL-Flat-classification-only
2,165,0.301,MTL-Flat-classification-only
2,166,0.4553,MTL-Flat-classification-only
2,167,0.4891,MTL-Flat-classification-only
2,168,0.3422,MTL-Flat-classification-only
2,169,0.29,MTL-Flat-classification-only
2,170,0.2964,MTL-Flat-classification-only
2,171,0.2854,MTL-Flat-classification-only
2,172,0.2688,MTL-Flat-classification-only
2,173,0.2707,MTL-Flat-classification-only
2,174,0.2506,MTL-Flat-classification-only
2,175,0.2506,MTL-Flat-classification-only
2,176,0.2472,MTL-Flat-classification-only
2,177,0.2471,MTL-Flat-classification-only
2,178,0.2458,MTL-Flat-classification-only
2,179,0.2459,MTL-Flat-classification-only
2,180,0.2458,MTL-Flat-classification-only
2,181,0.2455,MTL-Flat-classification-only
2,182,0.2566,MTL-Flat-classification-only
2,183,0.2948,MTL-Flat-classification-only
2,184,0.2491,MTL-Flat-classification-only
2,185,0.2462,MTL-Flat-classification-only
2,186,0.2994,MTL-Flat-classification-only
2,187,0.4785,MTL-Flat-classification-only
2,188,0.4792,MTL-Flat-classification-only
2,189,0.3055,MTL-Flat-classification-only
2,190,0.2704,MTL-Flat-classification-only
2,191,0.2776,MTL-Flat-classification-only
2,192,0.2655,MTL-Flat-classification-only
2,193,0.2565,MTL-Flat-classification-only
2,194,0.25,MTL-Flat-classification-only
2,195,0.2844,MTL-Flat-classification-only
2,196,0.2797,MTL-Flat-classification-only
2,197,0.2567,MTL-Flat-classification-only
2,198,0.2484,MTL-Flat-classification-only
2,199,0.2514,MTL-Flat-classification-only
2,200,0.3348,MTL-Flat-classification-only
2,201,0.4576,MTL-Flat-classification-only
2,202,0.3102,MTL-Flat-classification-only
2,203,0.2586,MTL-Flat-classification-only
2,204,0.2496,MTL-Flat-classification-only
2,205,0.2491,MTL-Flat-classification-only
2,206,0.3156,MTL-Flat-classification-only
2,207,0.4519,MTL-Flat-classification-only
2,208,0.5121,MTL-Flat-classification-only
2,209,0.3153,MTL-Flat-classification-only
2,210,0.2789,MTL-Flat-classification-only
2,211,0.2611,MTL-Flat-classification-only
2,212,0.2646,MTL-Flat-classification-only
2,213,0.3019,MTL-Flat-classification-only
2,214,0.6303,MTL-Flat-classification-only
2,215,0.4109,MTL-Flat-classification-only
2,216,0.3477,MTL-Flat-classification-only
2,217,0.25,MTL-Flat-classification-only
2,218,0.4119,MTL-Flat-classification-only
2,219,0.3905,MTL-Flat-classification-only
2,220,0.282,MTL-Flat-classification-only
2,221,0.3097,MTL-Flat-classification-only
2,222,0.4164,MTL-Flat-classification-only
2,223,0.5618,MTL-Flat-classification-only
2,224,0.4651,MTL-Flat-classification-only
2,225,0.5118,MTL-Flat-classification-only
2,226,0.3665,MTL-Flat-classification-only
2,227,0.3997,MTL-Flat-classification-only
2,228,0.5166,MTL-Flat-classification-only
2,229,0.4388,MTL-Flat-classification-only
2,230,0.4149,MTL-Flat-classification-only
2,231,0.4427,MTL-Flat-classification-only
2,232,0.4129,MTL-Flat-classification-only
2,233,0.3997,MTL-Flat-classification-only
2,234,0.3939,MTL-Flat-classification-only
2,235,0.3744,MTL-Flat-classification-only
2,236,0.4149,MTL-Flat-classification-only
2,237,0.5925,MTL-Flat-classification-only
2,238,0.6022,MTL-Flat-classification-only
2,239,0.5743,MTL-Flat-classification-only
2,240,0.4745,MTL-Flat-classification-only
2,241,0.5088,MTL-Flat-classification-only
2,242,0.466,MTL-Flat-classification-only
2,243,0.4254,MTL-Flat-classification-only
2,244,0.4374,MTL-Flat-classification-only
2,245,0.448,MTL-Flat-classification-only
2,246,0.3159,MTL-Flat-classification-only
2,247,0.3068,MTL-Flat-classification-only
2,248,0.4214,MTL-Flat-classification-only
2,249,0.3137,MTL-Flat-classification-only
2,250,0.2756,MTL-Flat-classification-only
2,251,0.4447,MTL-Flat-classification-only
2,252,0.3471,MTL-Flat-classification-only
2,253,0.6394,MTL-Flat-classification-only
2,254,0.3828,MTL-Flat-classification-only
2,255,0.3533,MTL-Flat-classification-only
2,256,0.3131,MTL-Flat-classification-only
2,257,0.4061,MTL-Flat-classification-only
2,258,0.3375,MTL-Flat-classification-only
2,259,0.34,MTL-Flat-classification-only
2,260,0.2706,MTL-Flat-classification-only
2,261,0.2927,MTL-Flat-classification-only
2,262,0.2663,MTL-Flat-classification-only
2,263,0.2521,MTL-Flat-classification-only
2,264,0.4048,MTL-Flat-classification-only
2,265,0.277,MTL-Flat-classification-only
2,266,0.2516,MTL-Flat-classification-only
2,267,0.2493,MTL-Flat-classification-only
2,268,0.3671,MTL-Flat-classification-only
2,269,0.5082,MTL-Flat-classification-only
2,270,0.4203,MTL-Flat-classification-only
2,271,0.291,MTL-Flat-classification-only
2,272,0.2651,MTL-Flat-classification-only
2,273,0.2865,MTL-Flat-classification-only
2,274,0.3768,MTL-Flat-classification-only
2,275,0.3471,MTL-Flat-classification-only
2,276,0.2671,MTL-Flat-classification-only
2,277,0.2488,MTL-Flat-classification-only
2,278,0.2468,MTL-Flat-classification-only
2,279,0.2469,MTL-Flat-classification-only
2,280,0.2462,MTL-Flat-classification-only
2,281,0.246,MTL-Flat-classification-only
2,282,0.2526,MTL-Flat-classification-only
2,283,0.248,MTL-Flat-classification-only
2,284,0.2991,MTL-Flat-classification-only
2,285,0.344,MTL-Flat-classification-only
2,286,0.2756,MTL-Flat-classification-only
2,287,0.2561,MTL-Flat-classification-only
2,288,0.3853,MTL-Flat-classification-only
2,289,0.5237,MTL-Flat-classification-only
2,290,0.4492,MTL-Flat-classification-only
2,291,0.309,MTL-Flat-classification-only
2,292,0.2777,MTL-Flat-classification-only
2,293,0.2651,MTL-Flat-classification-only
2,294,0.3329,MTL-Flat-classification-only
2,295,0.4308,MTL-Flat-classification-only
2,296,0.3257,MTL-Flat-classification-only
2,297,0.279,MTL-Flat-classification-only
2,298,0.2494,MTL-Flat-classification-only
2,299,0.247,MTL-Flat-classification-only
2,300,0.2464,MTL-Flat-classification-only
2,301,0.2552,MTL-Flat-classification-only
2,302,0.2485,MTL-Flat-classification-only
2,303,0.246,MTL-Flat-classification-only
2,304,0.2457,MTL-Flat-classification-only
2,305,0.2456,MTL-Flat-classification-only
2,306,0.246,MTL-Flat-classification-only
2,307,0.3035,MTL-Flat-classification-only
2,308,0.8863,MTL-Flat-classification-only
2,309,0.633,MTL-Flat-classification-only
2,310,0.5287,MTL-Flat-classification-only
2,311,0.3782,MTL-Flat-classification-only
2,312,0.2812,MTL-Flat-classification-only
2,313,0.2662,MTL-Flat-classification-only
2,314,0.2537,MTL-Flat-classification-only
2,315,0.2673,MTL-Flat-classification-only
2,316,0.2494,MTL-Flat-classification-only
2,317,0.2463,MTL-Flat-classification-only
2,318,0.2448,MTL-Flat-classification-only
2,319,0.2482,MTL-Flat-classification-only
2,320,0.2465,MTL-Flat-classification-only
2,321,0.2453,MTL-Flat-classification-only
2,322,0.2446,MTL-Flat-classification-only
2,323,0.2514,MTL-Flat-classification-only
2,324,0.2478,MTL-Flat-classification-only
2,325,0.2459,MTL-Flat-classification-only
2,326,0.3744,MTL-Flat-classification-only
2,327,0.4523,MTL-Flat-classification-only
2,328,0.4256,MTL-Flat-classification-only
2,329,0.31,MTL-Flat-classification-only
2,330,0.2766,MTL-Flat-classification-only
2,331,0.275,MTL-Flat-classification-only
2,332,0.2605,MTL-Flat-classification-only
2,333,0.2527,MTL-Flat-classification-only
2,334,0.2483,MTL-Flat-classification-only
2,335,0.2477,MTL-Flat-classification-only
2,336,0.2499,MTL-Flat-classification-only
2,337,0.2612,MTL-Flat-classification-only
2,338,0.2466,MTL-Flat-classification-only
2,339,0.264,MTL-Flat-classification-only
2,340,0.3223,MTL-Flat-classification-only
2,341,0.2676,MTL-Flat-classification-only
2,342,0.2491,MTL-Flat-classification-only
2,343,0.2477,MTL-Flat-classification-only
2,344,0.2567,MTL-Flat-classification-only
2,345,0.2489,MTL-Flat-classification-only
2,346,0.2464,MTL-Flat-classification-only
2,347,0.3871,MTL-Flat-classification-only
2,348,0.5437,MTL-Flat-classification-only
2,349,0.4628,MTL-Flat-classification-only
2,350,0.3344,MTL-Flat-classification-only
2,351,0.2868,MTL-Flat-classification-only
2,352,0.2864,MTL-Flat-classification-only
2,353,0.2704,MTL-Flat-classification-only
2,354,0.3208,MTL-Flat-classification-only
2,355,0.4505,MTL-Flat-classification-only
2,356,0.2993,MTL-Flat-classification-only
2,357,0.2543,MTL-Flat-classification-only
2,358,0.2517,MTL-Flat-classification-only
2,359,0.2921,MTL-Flat-classification-only
2,360,0.25,MTL-Flat-classification-only
2,361,0.2454,MTL-Flat-classification-only
2,362,0.2553,MTL-Flat-classification-only
2,363,0.2473,MTL-Flat-classification-only
2,364,0.2466,MTL-Flat-classification-only
2,365,0.2466,MTL-Flat-classification-only
2,366,0.2449,MTL-Flat-classification-only
2,367,0.4946,MTL-Flat-classification-only
2,368,0.4963,MTL-Flat-classification-only
2,369,0.3858,MTL-Flat-classification-only
2,370,0.2777,MTL-Flat-classification-only
2,371,0.2958,MTL-Flat-classification-only
2,372,0.3201,MTL-Flat-classification-only
2,373,0.2971,MTL-Flat-classification-only
2,374,0.2573,MTL-Flat-classification-only
2,375,0.2665,MTL-Flat-classification-only
2,376,0.2519,MTL-Flat-classification-only
2,377,0.2455,MTL-Flat-classification-only
2,378,0.2458,MTL-Flat-classification-only
2,379,0.2457,MTL-Flat-classification-only
2,380,0.246,MTL-Flat-classification-only
2,381,0.2453,MTL-Flat-classification-only
2,382,0.2446,MTL-Flat-classification-only
2,383,0.2539,MTL-Flat-classification-only
2,384,0.2466,MTL-Flat-classification-only
2,385,0.2443,MTL-Flat-classification-only
2,386,0.2475,MTL-Flat-classification-only
2,387,0.2469,MTL-Flat-classification-only
2,388,0.507,MTL-Flat-classification-only
2,389,0.5294,MTL-Flat-classification-only
2,390,0.3236,MTL-Flat-classification-only
2,391,0.2745,MTL-Flat-classification-only
2,392,0.2613,MTL-Flat-classification-only
2,393,0.2746,MTL-Flat-classification-only
2,394,0.2887,MTL-Flat-classification-only
2,395,0.2639,MTL-Flat-classification-only
2,396,0.2708,MTL-Flat-classification-only
2,397,0.2545,MTL-Flat-classification-only
2,398,0.2463,MTL-Flat-classification-only
2,399,0.6342,MTL-Flat-classification-only
2,400,0.4534,MTL-Flat-classification-only
2,401,0.3755,MTL-Flat-classification-only
2,402,0.3699,MTL-Flat-classification-only
2,403,0.3258,MTL-Flat-classification-only
2,404,0.273,MTL-Flat-classification-only
2,405,0.4045,MTL-Flat-classification-only
2,406,0.648,MTL-Flat-classification-only
2,407,0.5874,MTL-Flat-classification-only
2,408,0.3549,MTL-Flat-classification-only
2,409,0.2962,MTL-Flat-classification-only
2,410,0.2902,MTL-Flat-classification-only
2,411,0.2916,MTL-Flat-classification-only
2,412,0.2598,MTL-Flat-classification-only
2,413,0.2475,MTL-Flat-classification-only
2,414,0.2471,MTL-Flat-classification-only
2,415,0.2563,MTL-Flat-classification-only
2,416,0.25,MTL-Flat-classification-only
2,417,0.3178,MTL-Flat-classification-only
2,418,0.276,MTL-Flat-classification-only
2,419,0.2485,MTL-Flat-classification-only
2,420,0.2469,MTL-Flat-classification-only
2,421,0.2452,MTL-Flat-classification-only
2,422,0.2475,MTL-Flat-classification-only
2,423,0.2556,MTL-Flat-classification-only
2,424,0.288,MTL-Flat-classification-only
2,425,0.4721,MTL-Flat-classification-only
2,426,0.4997,MTL-Flat-classification-only
2,427,0.3375,MTL-Flat-classification-only
2,428,0.2762,MTL-Flat-classification-only
2,429,0.2789,MTL-Flat-classification-only
2,430,0.2823,MTL-Flat-classification-only
2,431,0.2716,MTL-Flat-classification-only
2,432,0.2613,MTL-Flat-classification-only
2,433,0.2527,MTL-Flat-classification-only
2,434,0.249,MTL-Flat-classification-only
2,435,0.2472,MTL-Flat-classification-only
2,436,0.2695,MTL-Flat-classification-only
2,437,0.2723,MTL-Flat-classification-only
2,438,0.2476,MTL-Flat-classification-only
2,439,0.2464,MTL-Flat-classification-only
2,440,0.2459,MTL-Flat-classification-only
2,441,0.2456,MTL-Flat-classification-only
2,442,0.246,MTL-Flat-classification-only
2,443,0.2451,MTL-Flat-classification-only
2,444,0.2541,MTL-Flat-classification-only
2,445,0.2479,MTL-Flat-classification-only
2,446,0.4825,MTL-Flat-classification-only
2,447,0.4662,MTL-Flat-classification-only
2,448,0.375,MTL-Flat-classification-only
2,449,0.6384,MTL-Flat-classification-only
2,450,0.4249,MTL-Flat-classification-only
2,451,0.4468,MTL-Flat-classification-only
2,452,0.302,MTL-Flat-classification-only
2,453,0.2503,MTL-Flat-classification-only
2,454,0.2495,MTL-Flat-classification-only
2,455,0.25,MTL-Flat-classification-only
2,456,0.353,MTL-Flat-classification-only
2,457,0.4475,MTL-Flat-classification-only
2,458,0.3721,MTL-Flat-classification-only
2,459,0.3415,MTL-Flat-classification-only
2,460,0.2477,MTL-Flat-classification-only
2,461,0.3575,MTL-Flat-classification-only
2,462,0.5898,MTL-Flat-classification-only
2,463,0.5095,MTL-Flat-classification-only
2,464,0.4379,MTL-Flat-classification-only
2,465,0.3477,MTL-Flat-classification-only
2,466,0.3887,MTL-Flat-classification-only
2,467,0.3117,MTL-Flat-classification-only
2,468,0.2805,MTL-Flat-classification-only
2,469,0.2625,MTL-Flat-classification-only
2,470,0.25,MTL-Flat-classification-only
2,471,0.2553,MTL-Flat-classification-only
2,472,0.2619,MTL-Flat-classification-only
2,473,0.2478,MTL-Flat-classification-only
2,474,0.2459,MTL-Flat-classification-only
2,475,0.2479,MTL-Flat-classification-only
2,476,0.2836,MTL-Flat-classification-only
2,477,0.2619,MTL-Flat-classification-only
2,478,0.2494,MTL-Flat-classification-only
2,479,0.2484,MTL-Flat-classification-only
2,480,0.2555,MTL-Flat-classification-only
2,481,0.316,MTL-Flat-classification-only
2,482,0.46,MTL-Flat-classification-only
2,483,0.5135,MTL-Flat-classification-only
2,484,0.313,MTL-Flat-classification-only
2,485,0.2829,MTL-Flat-classification-only
2,486,0.2648,MTL-Flat-classification-only
2,487,0.2722,MTL-Flat-classification-only
2,488,0.2896,MTL-Flat-classification-only
2,489,0.2656,MTL-Flat-classification-only
2,490,0.2577,MTL-Flat-classification-only
2,491,0.2515,MTL-Flat-classification-only
2,492,0.2481,MTL-Flat-classification-only
2,493,0.2594,MTL-Flat-classification-only
2,494,0.2476,MTL-Flat-classification-only
2,495,0.2481,MTL-Flat-classification-only
2,496,0.2458,MTL-Flat-classification-only
2,497,0.555,MTL-Flat-classification-only
2,498,0.3999,MTL-Flat-classification-only
2,499,0.3443,MTL-Flat-classification-only
2,500,0.3531,MTL-Flat-classification-only
2,501,0.4615,MTL-Flat-classification-only
2,502,0.5251,MTL-Flat-classification-only
2,503,0.3272,MTL-Flat-classification-only
2,504,0.2786,MTL-Flat-classification-only
2,505,0.2666,MTL-Flat-classification-only
2,506,0.2898,MTL-Flat-classification-only
2,507,0.2792,MTL-Flat-classification-only
2,508,0.2596,MTL-Flat-classification-only
2,509,0.269,MTL-Flat-classification-only
2,510,0.2485,MTL-Flat-classification-only
2,511,0.2466,MTL-Flat-classification-only
2,512,0.2471,MTL-Flat-classification-only
2,513,0.246,MTL-Flat-classification-only
2,514,0.2461,MTL-Flat-classification-only
2,515,0.2459,MTL-Flat-classification-only
2,516,0.2456,MTL-Flat-classification-only
2,517,0.2547,MTL-Flat-classification-only
2,518,0.2458,MTL-Flat-classification-only
2,519,0.2522,MTL-Flat-classification-only
2,520,0.4115,MTL-Flat-classification-only
2,521,0.5502,MTL-Flat-classification-only
2,522,0.4769,MTL-Flat-classification-only
2,523,0.3707,MTL-Flat-classification-only
2,524,0.273,MTL-Flat-classification-only
2,525,0.2778,MTL-Flat-classification-only
2,526,0.3849,MTL-Flat-classification-only
2,527,0.4154,MTL-Flat-classification-only
2,528,0.288,MTL-Flat-classification-only
2,529,0.2574,MTL-Flat-classification-only
2,530,0.2628,MTL-Flat-classification-only
2,531,0.3141,MTL-Flat-classification-only
2,532,0.3522,MTL-Flat-classification-only
2,533,0.2588,MTL-Flat-classification-only
2,534,0.2493,MTL-Flat-classification-only
2,535,0.2604,MTL-Flat-classification-only
2,536,0.2483,MTL-Flat-classification-only
2,537,0.2475,MTL-Flat-classification-only
2,538,0.2487,MTL-Flat-classification-only
2,539,0.2466,MTL-Flat-classification-only
2,540,0.4251,MTL-Flat-classification-only
2,541,0.5529,MTL-Flat-classification-only
2,542,0.5149,MTL-Flat-classification-only
2,543,0.7178,MTL-Flat-classification-only
2,544,0.4433,MTL-Flat-classification-only
2,545,0.291,MTL-Flat-classification-only
2,546,0.3633,MTL-Flat-classification-only
2,547,0.4479,MTL-Flat-classification-only
2,548,0.3997,MTL-Flat-classification-only
2,549,0.3679,MTL-Flat-classification-only
2,550,0.3668,MTL-Flat-classification-only
2,551,0.2992,MTL-Flat-classification-only
2,552,0.2587,MTL-Flat-classification-only
2,553,0.2461,MTL-Flat-classification-only
2,554,0.2461,MTL-Flat-classification-only
2,555,0.2936,MTL-Flat-classification-only
2,556,0.4823,MTL-Flat-classification-only
2,557,0.4609,MTL-Flat-classification-only
2,558,0.3718,MTL-Flat-classification-only
2,559,0.3117,MTL-Flat-classification-only
2,560,0.2966,MTL-Flat-classification-only
2,561,0.3682,MTL-Flat-classification-only
2,562,0.459,MTL-Flat-classification-only
2,563,0.3345,MTL-Flat-classification-only
2,564,0.254,MTL-Flat-classification-only
2,565,0.2472,MTL-Flat-classification-only
2,566,0.2473,MTL-Flat-classification-only
2,567,0.2487,MTL-Flat-classification-only
2,568,0.2458,MTL-Flat-classification-only
2,569,0.2448,MTL-Flat-classification-only
2,570,0.2473,MTL-Flat-classification-only
2,571,0.2533,MTL-Flat-classification-only
2,572,0.2473,MTL-Flat-classification-only
2,573,0.2451,MTL-Flat-classification-only
2,574,0.2454,MTL-Flat-classification-only
2,575,0.362,MTL-Flat-classification-only
2,576,0.4716,MTL-Flat-classification-only
2,577,0.4871,MTL-Flat-classification-only
2,578,0.3117,MTL-Flat-classification-only
2,579,0.2793,MTL-Flat-classification-only
2,580,0.2656,MTL-Flat-classification-only
2,581,0.2802,MTL-Flat-classification-only
2,582,0.3916,MTL-Flat-classification-only
2,583,0.4293,MTL-Flat-classification-only
2,584,0.2722,MTL-Flat-classification-only
2,585,0.2505,MTL-Flat-classification-only
2,586,0.251,MTL-Flat-classification-only
2,587,0.2481,MTL-Flat-classification-only
2,588,0.2494,MTL-Flat-classification-only
2,589,0.2465,MTL-Flat-classification-only
2,590,0.2707,MTL-Flat-classification-only
2,591,0.3231,MTL-Flat-classification-only
2,592,0.4727,MTL-Flat-classification-only
2,593,0.2665,MTL-Flat-classification-only
2,594,0.534,MTL-Flat-classification-only
2,595,0.5329,MTL-Flat-classification-only
2,596,0.3862,MTL-Flat-classification-only
2,597,0.2822,MTL-Flat-classification-only
2,598,0.272,MTL-Flat-classification-only
2,599,0.291,MTL-Flat-classification-only
2,600,0.2811,MTL-Flat-classification-only
2,601,0.261,MTL-Flat-classification-only
2,602,0.2618,MTL-Flat-classification-only
2,603,0.2487,MTL-Flat-classification-only
2,604,0.2455,MTL-Flat-classification-only
2,605,0.2479,MTL-Flat-classification-only
2,606,0.3218,MTL-Flat-classification-only
2,607,0.4636,MTL-Flat-classification-only
2,608,0.3778,MTL-Flat-classification-only
2,609,0.2727,MTL-Flat-classification-only
2,610,0.2492,MTL-Flat-classification-only
2,611,0.2473,MTL-Flat-classification-only
2,612,0.247,MTL-Flat-classification-only
2,613,0.4596,MTL-Flat-classification-only
2,614,0.5473,MTL-Flat-classification-only
2,615,0.4054,MTL-Flat-classification-only
2,616,0.3865,MTL-Flat-classification-only
2,617,0.4722,MTL-Flat-classification-only
2,618,0.3721,MTL-Flat-classification-only
2,619,0.3331,MTL-Flat-classification-only
2,620,0.3345,MTL-Flat-classification-only
2,621,0.2569,MTL-Flat-classification-only
2,622,0.2522,MTL-Flat-classification-only
2,623,0.2517,MTL-Flat-classification-only
2,624,0.2471,MTL-Flat-classification-only
2,625,0.2442,MTL-Flat-classification-only
2,626,0.2468,MTL-Flat-classification-only
2,627,0.2509,MTL-Flat-classification-only
2,628,0.247,MTL-Flat-classification-only
2,629,0.2462,MTL-Flat-classification-only
2,630,0.2454,MTL-Flat-classification-only
2,631,0.2493,MTL-Flat-classification-only
2,632,0.5176,MTL-Flat-classification-only
2,633,0.5129,MTL-Flat-classification-only
2,634,0.4007,MTL-Flat-classification-only
2,635,0.2792,MTL-Flat-classification-only
2,636,0.2884,MTL-Flat-classification-only
2,637,0.2756,MTL-Flat-classification-only
2,638,0.5632,MTL-Flat-classification-only
2,639,0.4623,MTL-Flat-classification-only
2,640,0.3257,MTL-Flat-classification-only
2,641,0.251,MTL-Flat-classification-only
2,642,0.2497,MTL-Flat-classification-only
2,643,0.2534,MTL-Flat-classification-only
2,644,0.2567,MTL-Flat-classification-only
2,645,0.2613,MTL-Flat-classification-only
2,646,0.2612,MTL-Flat-classification-only
2,647,0.2576,MTL-Flat-classification-only
2,648,0.2866,MTL-Flat-classification-only
2,649,0.4139,MTL-Flat-classification-only
2,650,0.5464,MTL-Flat-classification-only
2,651,0.587,MTL-Flat-classification-only
2,652,0.4828,MTL-Flat-classification-only
2,653,0.4291,MTL-Flat-classification-only
2,654,0.3158,MTL-Flat-classification-only
2,655,0.282,MTL-Flat-classification-only
2,656,0.268,MTL-Flat-classification-only
2,657,0.2654,MTL-Flat-classification-only
2,658,0.2488,MTL-Flat-classification-only
2,659,0.2474,MTL-Flat-classification-only
2,660,0.2459,MTL-Flat-classification-only
2,661,0.2454,MTL-Flat-classification-only
2,662,0.2451,MTL-Flat-classification-only
2,663,0.2498,MTL-Flat-classification-only
2,664,0.2463,MTL-Flat-classification-only
2,665,0.2535,MTL-Flat-classification-only
2,666,0.2468,MTL-Flat-classification-only
2,667,0.246,MTL-Flat-classification-only
2,668,0.2469,MTL-Flat-classification-only
2,669,0.3796,MTL-Flat-classification-only
2,670,0.4373,MTL-Flat-classification-only
2,671,0.4783,MTL-Flat-classification-only
2,672,0.3011,MTL-Flat-classification-only
2,673,0.2669,MTL-Flat-classification-only
2,674,0.2702,MTL-Flat-classification-only
2,675,0.2876,MTL-Flat-classification-only
2,676,0.2781,MTL-Flat-classification-only
2,677,0.2642,MTL-Flat-classification-only
2,678,0.2665,MTL-Flat-classification-only
2,679,0.2492,MTL-Flat-classification-only
2,680,0.2477,MTL-Flat-classification-only
2,681,0.2474,MTL-Flat-classification-only
2,682,0.2459,MTL-Flat-classification-only
2,683,0.2465,MTL-Flat-classification-only
2,684,0.2514,MTL-Flat-classification-only
2,685,0.2873,MTL-Flat-classification-only
2,686,0.2664,MTL-Flat-classification-only
2,687,0.2508,MTL-Flat-classification-only
2,688,0.2473,MTL-Flat-classification-only
2,689,0.2451,MTL-Flat-classification-only
2,690,0.5013,MTL-Flat-classification-only
2,691,0.5917,MTL-Flat-classification-only
2,692,0.4847,MTL-Flat-classification-only
2,693,0.3172,MTL-Flat-classification-only
2,694,0.2859,MTL-Flat-classification-only
2,695,0.297,MTL-Flat-classification-only
2,696,0.2805,MTL-Flat-classification-only
2,697,0.2785,MTL-Flat-classification-only
2,698,0.2525,MTL-Flat-classification-only
2,699,0.2475,MTL-Flat-classification-only
2,700,0.246,MTL-Flat-classification-only
2,701,0.2467,MTL-Flat-classification-only
2,702,0.2455,MTL-Flat-classification-only
2,703,0.2454,MTL-Flat-classification-only
2,704,0.2456,MTL-Flat-classification-only
2,705,0.2568,MTL-Flat-classification-only
2,706,0.25,MTL-Flat-classification-only
2,707,0.3141,MTL-Flat-classification-only
2,708,0.437,MTL-Flat-classification-only
2,709,0.4923,MTL-Flat-classification-only
2,710,0.5617,MTL-Flat-classification-only
2,711,0.4769,MTL-Flat-classification-only
2,712,0.3075,MTL-Flat-classification-only
2,713,0.2885,MTL-Flat-classification-only
2,714,0.2885,MTL-Flat-classification-only
2,715,0.2776,MTL-Flat-classification-only
2,716,0.378,MTL-Flat-classification-only
2,717,0.3475,MTL-Flat-classification-only
2,718,0.259,MTL-Flat-classification-only
2,719,0.2499,MTL-Flat-classification-only
2,720,0.2479,MTL-Flat-classification-only
2,721,0.2469,MTL-Flat-classification-only
2,722,0.2464,MTL-Flat-classification-only
2,723,0.2474,MTL-Flat-classification-only
2,724,0.2567,MTL-Flat-classification-only
2,725,0.246,MTL-Flat-classification-only
2,726,0.2464,MTL-Flat-classification-only
2,727,0.2456,MTL-Flat-classification-only
2,728,0.2462,MTL-Flat-classification-only
2,729,0.4322,MTL-Flat-classification-only
2,730,0.4062,MTL-Flat-classification-only
2,731,0.4651,MTL-Flat-classification-only
2,732,0.3022,MTL-Flat-classification-only
2,733,0.2626,MTL-Flat-classification-only
2,734,0.2714,MTL-Flat-classification-only
2,735,0.2816,MTL-Flat-classification-only
2,736,0.32,MTL-Flat-classification-only
2,737,0.272,MTL-Flat-classification-only
2,738,0.25,MTL-Flat-classification-only
2,739,0.2919,MTL-Flat-classification-only
2,740,0.4522,MTL-Flat-classification-only
2,741,0.3414,MTL-Flat-classification-only
2,742,0.3715,MTL-Flat-classification-only
2,743,0.3668,MTL-Flat-classification-only
2,744,0.4262,MTL-Flat-classification-only
2,745,0.3954,MTL-Flat-classification-only
2,746,0.5316,MTL-Flat-classification-only
2,747,0.6356,MTL-Flat-classification-only
2,748,0.4077,MTL-Flat-classification-only
2,749,0.2836,MTL-Flat-classification-only
2,750,0.267,MTL-Flat-classification-only
2,751,0.2738,MTL-Flat-classification-only
2,752,0.2739,MTL-Flat-classification-only
2,753,0.2725,MTL-Flat-classification-only
2,754,0.2694,MTL-Flat-classification-only
2,755,0.2512,MTL-Flat-classification-only
2,756,0.248,MTL-Flat-classification-only
2,757,0.2458,MTL-Flat-classification-only
2,758,0.246,MTL-Flat-classification-only
2,759,0.2458,MTL-Flat-classification-only
2,760,0.2494,MTL-Flat-classification-only
2,761,0.2461,MTL-Flat-classification-only
2,762,0.2518,MTL-Flat-classification-only
2,763,0.2467,MTL-Flat-classification-only
2,764,0.2456,MTL-Flat-classification-only
2,765,0.2502,MTL-Flat-classification-only
2,766,0.2478,MTL-Flat-classification-only
2,767,0.4983,MTL-Flat-classification-only
2,768,0.4936,MTL-Flat-classification-only
2,769,0.3147,MTL-Flat-classification-only
2,770,0.2693,MTL-Flat-classification-only
2,771,0.2615,MTL-Flat-classification-only
2,772,0.2574,MTL-Flat-classification-only
2,773,0.2984,MTL-Flat-classification-only
2,774,0.2644,MTL-Flat-classification-only
2,775,0.2526,MTL-Flat-classification-only
2,776,0.2652,MTL-Flat-classification-only
2,777,0.2485,MTL-Flat-classification-only
2,778,0.3532,MTL-Flat-classification-only
2,779,0.3683,MTL-Flat-classification-only
2,780,0.3022,MTL-Flat-classification-only
2,781,0.3336,MTL-Flat-classification-only
2,782,0.3598,MTL-Flat-classification-only
2,783,0.2968,MTL-Flat-classification-only
2,784,0.2554,MTL-Flat-classification-only
2,785,0.2484,MTL-Flat-classification-only
2,786,0.3352,MTL-Flat-classification-only
2,787,0.7731,MTL-Flat-classification-only
2,788,0.532,MTL-Flat-classification-only
2,789,0.3362,MTL-Flat-classification-only
2,790,0.2845,MTL-Flat-classification-only
2,791,0.2758,MTL-Flat-classification-only
2,792,0.3041,MTL-Flat-classification-only
2,793,0.278,MTL-Flat-classification-only
2,794,0.258,MTL-Flat-classification-only
2,795,0.2476,MTL-Flat-classification-only
2,796,0.2467,MTL-Flat-classification-only
2,797,0.2463,MTL-Flat-classification-only
2,798,0.2455,MTL-Flat-classification-only
2,799,0.2457,MTL-Flat-classification-only
2,800,0.2541,MTL-Flat-classification-only
2,801,0.2462,MTL-Flat-classification-only
2,802,0.2459,MTL-Flat-classification-only
2,803,0.2447,MTL-Flat-classification-only
2,804,0.2438,MTL-Flat-classification-only
2,805,0.2455,MTL-Flat-classification-only
2,806,0.44,MTL-Flat-classification-only
2,807,0.5417,MTL-Flat-classification-only
2,808,0.3642,MTL-Flat-classification-only
2,809,0.2714,MTL-Flat-classification-only
2,810,0.2725,MTL-Flat-classification-only
2,811,0.2653,MTL-Flat-classification-only
2,812,0.287,MTL-Flat-classification-only
2,813,0.2997,MTL-Flat-classification-only
2,814,0.2545,MTL-Flat-classification-only
2,815,0.2469,MTL-Flat-classification-only
2,816,0.247,MTL-Flat-classification-only
2,817,0.2488,MTL-Flat-classification-only
2,818,0.2474,MTL-Flat-classification-only
2,819,0.2499,MTL-Flat-classification-only
2,820,0.2457,MTL-Flat-classification-only
2,821,0.2499,MTL-Flat-classification-only
2,822,0.2458,MTL-Flat-classification-only
2,823,0.2445,MTL-Flat-classification-only
2,824,0.2498,MTL-Flat-classification-only
2,825,0.2464,MTL-Flat-classification-only
2,826,0.2479,MTL-Flat-classification-only
2,827,0.3345,MTL-Flat-classification-only
2,828,0.4719,MTL-Flat-classification-only
2,829,0.4813,MTL-Flat-classification-only
2,830,0.2979,MTL-Flat-classification-only
2,831,0.2671,MTL-Flat-classification-only
2,832,0.2791,MTL-Flat-classification-only
2,833,0.2657,MTL-Flat-classification-only
2,834,0.257,MTL-Flat-classification-only
2,835,0.3038,MTL-Flat-classification-only
2,836,0.2493,MTL-Flat-classification-only
2,837,0.2479,MTL-Flat-classification-only
2,838,0.2468,MTL-Flat-classification-only
2,839,0.469,MTL-Flat-classification-only
2,840,0.3572,MTL-Flat-classification-only
2,841,0.339,MTL-Flat-classification-only
2,842,0.3307,MTL-Flat-classification-only
2,843,0.2856,MTL-Flat-classification-only
2,844,0.3031,MTL-Flat-classification-only
2,845,0.2749,MTL-Flat-classification-only
2,846,0.3509,MTL-Flat-classification-only
2,847,0.4682,MTL-Flat-classification-only
2,848,0.5911,MTL-Flat-classification-only
2,849,0.5474,MTL-Flat-classification-only
2,850,0.3155,MTL-Flat-classification-only
2,851,0.2975,MTL-Flat-classification-only
2,852,0.279,MTL-Flat-classification-only
2,853,0.265,MTL-Flat-classification-only
2,854,0.2688,MTL-Flat-classification-only
2,855,0.2475,MTL-Flat-classification-only
2,856,0.2478,MTL-Flat-classification-only
2,857,0.2506,MTL-Flat-classification-only
2,858,0.2449,MTL-Flat-classification-only
2,859,0.2456,MTL-Flat-classification-only
2,860,0.2484,MTL-Flat-classification-only
2,861,0.2451,MTL-Flat-classification-only
2,862,0.2552,MTL-Flat-classification-only
2,863,0.2451,MTL-Flat-classification-only
2,864,0.2454,MTL-Flat-classification-only
2,865,0.2445,MTL-Flat-classification-only
2,866,0.3874,MTL-Flat-classification-only
2,867,0.5042,MTL-Flat-classification-only
2,868,0.4298,MTL-Flat-classification-only
2,869,0.2905,MTL-Flat-classification-only
2,870,0.2655,MTL-Flat-classification-only
2,871,0.2611,MTL-Flat-classification-only
2,872,0.2802,MTL-Flat-classification-only
2,873,0.278,MTL-Flat-classification-only
2,874,0.3903,MTL-Flat-classification-only
2,875,0.3436,MTL-Flat-classification-only
2,876,0.2731,MTL-Flat-classification-only
2,877,0.2562,MTL-Flat-classification-only
2,878,0.2528,MTL-Flat-classification-only
2,879,0.2869,MTL-Flat-classification-only
2,880,0.2574,MTL-Flat-classification-only
2,881,0.248,MTL-Flat-classification-only
2,882,0.2993,MTL-Flat-classification-only
2,883,0.2486,MTL-Flat-classification-only
2,884,0.26,MTL-Flat-classification-only
2,885,0.2472,MTL-Flat-classification-only
2,886,0.4888,MTL-Flat-classification-only
2,887,0.494,MTL-Flat-classification-only
2,888,0.7414,MTL-Flat-classification-only
2,889,0.5711,MTL-Flat-classification-only
2,890,0.6161,MTL-Flat-classification-only
2,891,0.4611,MTL-Flat-classification-only
2,892,0.4121,MTL-Flat-classification-only
2,893,0.2813,MTL-Flat-classification-only
2,894,0.253,MTL-Flat-classification-only
2,895,0.2572,MTL-Flat-classification-only
2,896,0.2507,MTL-Flat-classification-only
2,897,0.2486,MTL-Flat-classification-only
2,898,0.2462,MTL-Flat-classification-only
2,899,0.2464,MTL-Flat-classification-only
2,900,0.2452,MTL-Flat-classification-only
2,901,0.2456,MTL-Flat-classification-only
2,902,0.3842,MTL-Flat-classification-only
2,903,0.4914,MTL-Flat-classification-only
2,904,0.4565,MTL-Flat-classification-only
2,905,0.3045,MTL-Flat-classification-only
2,906,0.3182,MTL-Flat-classification-only
2,907,0.5407,MTL-Flat-classification-only
2,908,0.4061,MTL-Flat-classification-only
2,909,0.2815,MTL-Flat-classification-only
2,910,0.2588,MTL-Flat-classification-only
2,911,0.3889,MTL-Flat-classification-only
2,912,0.3684,MTL-Flat-classification-only
2,913,0.2623,MTL-Flat-classification-only
2,914,0.261,MTL-Flat-classification-only
2,915,0.2472,MTL-Flat-classification-only
2,916,0.2467,MTL-Flat-classification-only
2,917,0.265,MTL-Flat-classification-only
2,918,0.253,MTL-Flat-classification-only
2,919,0.2469,MTL-Flat-classification-only
2,920,0.3314,MTL-Flat-classification-only
2,921,0.4705,MTL-Flat-classification-only
2,922,0.4874,MTL-Flat-classification-only
2,923,0.3342,MTL-Flat-classification-only
2,924,0.2791,MTL-Flat-classification-only
2,925,0.3047,MTL-Flat-classification-only
2,926,0.314,MTL-Flat-classification-only
2,927,0.2812,MTL-Flat-classification-only
2,928,0.2599,MTL-Flat-classification-only
2,929,0.2486,MTL-Flat-classification-only
2,930,0.2651,MTL-Flat-classification-only
2,931,0.5359,MTL-Flat-classification-only
2,932,0.4642,MTL-Flat-classification-only
2,933,0.4763,MTL-Flat-classification-only
2,934,0.5124,MTL-Flat-classification-only
2,935,0.3829,MTL-Flat-classification-only
2,936,0.7827,MTL-Flat-classification-only
2,937,0.6851,MTL-Flat-classification-only
2,938,0.446,MTL-Flat-classification-only
2,939,0.3002,MTL-Flat-classification-only
2,940,0.2931,MTL-Flat-classification-only
2,941,0.2867,MTL-Flat-classification-only
2,942,0.2718,MTL-Flat-classification-only
2,943,0.2564,MTL-Flat-classification-only
2,944,0.2537,MTL-Flat-classification-only
2,945,0.252,MTL-Flat-classification-only
2,946,0.2584,MTL-Flat-classification-only
2,947,0.2471,MTL-Flat-classification-only
2,948,0.2448,MTL-Flat-classification-only
2,949,0.2452,MTL-Flat-classification-only
2,950,0.2462,MTL-Flat-classification-only
2,951,0.2451,MTL-Flat-classification-only
2,952,0.2451,MTL-Flat-classification-only
2,953,0.2461,MTL-Flat-classification-only
2,954,0.2549,MTL-Flat-classification-only
2,955,0.2885,MTL-Flat-classification-only
2,956,0.4517,MTL-Flat-classification-only
2,957,0.4797,MTL-Flat-classification-only
2,958,0.3182,MTL-Flat-classification-only
2,959,0.2883,MTL-Flat-classification-only
2,960,0.2621,MTL-Flat-classification-only
2,961,0.2641,MTL-Flat-classification-only
2,962,0.2763,MTL-Flat-classification-only
2,963,0.2664,MTL-Flat-classification-only
2,964,0.2549,MTL-Flat-classification-only
2,965,0.2521,MTL-Flat-classification-only
2,966,0.2718,MTL-Flat-classification-only
2,967,0.3885,MTL-Flat-classification-only
2,968,0.3065,MTL-Flat-classification-only
2,969,0.2515,MTL-Flat-classification-only
2,970,0.2469,MTL-Flat-classification-only
2,971,0.2896,MTL-Flat-classification-only
2,972,0.2502,MTL-Flat-classification-only
2,973,0.2471,MTL-Flat-classification-only
2,974,0.2558,MTL-Flat-classification-only
2,975,0.2477,MTL-Flat-classification-only
2,976,0.406,MTL-Flat-classification-only
2,977,0.7284,MTL-Flat-classification-only
2,978,0.9677,MTL-Flat-classification-only
2,979,0.3816,MTL-Flat-classification-only
2,980,0.306,MTL-Flat-classification-only
2,981,0.287,MTL-Flat-classification-only
2,982,0.2683,MTL-Flat-classification-only
2,983,0.3424,MTL-Flat-classification-only
2,984,0.2567,MTL-Flat-classification-only
2,985,0.2498,MTL-Flat-classification-only
2,986,0.2503,MTL-Flat-classification-only
2,987,0.2486,MTL-Flat-classification-only
2,988,0.2455,MTL-Flat-classification-only
2,989,0.2557,MTL-Flat-classification-only
2,990,0.2494,MTL-Flat-classification-only
2,991,0.246,MTL-Flat-classification-only
2,992,0.2458,MTL-Flat-classification-only
2,993,0.2917,MTL-Flat-classification-only
2,994,0.4863,MTL-Flat-classification-only
2,995,0.4983,MTL-Flat-classification-only
2,996,0.3483,MTL-Flat-classification-only
2,997,0.3716,MTL-Flat-classification-only
2,998,0.2976,MTL-Flat-classification-only
2,999,0.2769,MTL-Flat-classification-only
2,1000,0.258,MTL-Flat-classification-only
3,1,0.3982,MTL-Flat-classification-only
3,2,0.311,MTL-Flat-classification-only
3,3,0.2928,MTL-Flat-classification-only
3,4,0.267,MTL-Flat-classification-only
3,5,0.2582,MTL-Flat-classification-only
3,6,0.2631,MTL-Flat-classification-only
3,7,0.2475,MTL-Flat-classification-only
3,8,0.2485,MTL-Flat-classification-only
3,9,0.2461,MTL-Flat-classification-only
3,10,0.2502,MTL-Flat-classification-only
3,11,0.2441,MTL-Flat-classification-only
3,12,0.2442,MTL-Flat-classification-only
3,13,0.2439,MTL-Flat-classification-only
3,14,0.2536,MTL-Flat-classification-only
3,15,0.2446,MTL-Flat-classification-only
3,16,0.2448,MTL-Flat-classification-only
3,17,0.2458,MTL-Flat-classification-only
3,18,0.5277,MTL-Flat-classification-only
3,19,0.379,MTL-Flat-classification-only
3,20,0.4443,MTL-Flat-classification-only
3,21,0.2789,MTL-Flat-classification-only
3,22,0.398,MTL-Flat-classification-only
3,23,0.3631,MTL-Flat-classification-only
3,24,0.2915,MTL-Flat-classification-only
3,25,0.2609,MTL-Flat-classification-only
3,26,0.264,MTL-Flat-classification-only
3,27,0.2468,MTL-Flat-classification-only
3,28,0.2466,MTL-Flat-classification-only
3,29,0.246,MTL-Flat-classification-only
3,30,0.2454,MTL-Flat-classification-only
3,31,0.2465,MTL-Flat-classification-only
3,32,0.245,MTL-Flat-classification-only
3,33,0.2456,MTL-Flat-classification-only
3,34,0.2831,MTL-Flat-classification-only
3,35,0.5341,MTL-Flat-classification-only
3,36,0.4196,MTL-Flat-classification-only
3,37,0.4531,MTL-Flat-classification-only
3,38,0.3278,MTL-Flat-classification-only
3,39,0.517,MTL-Flat-classification-only
3,40,0.3071,MTL-Flat-classification-only
3,41,0.3001,MTL-Flat-classification-only
3,42,0.2843,MTL-Flat-classification-only
3,43,0.2656,MTL-Flat-classification-only
3,44,0.2641,MTL-Flat-classification-only
3,45,0.2494,MTL-Flat-classification-only
3,46,0.2469,MTL-Flat-classification-only
3,47,0.2462,MTL-Flat-classification-only
3,48,0.2458,MTL-Flat-classification-only
3,49,0.2452,MTL-Flat-classification-only
3,50,0.2459,MTL-Flat-classification-only
3,51,0.2453,MTL-Flat-classification-only
3,52,0.2513,MTL-Flat-classification-only
3,53,0.2466,MTL-Flat-classification-only
3,54,0.2455,MTL-Flat-classification-only
3,55,0.2465,MTL-Flat-classification-only
3,56,0.245,MTL-Flat-classification-only
3,57,0.2583,MTL-Flat-classification-only
3,58,0.4592,MTL-Flat-classification-only
3,59,0.4848,MTL-Flat-classification-only
3,60,0.306,MTL-Flat-classification-only
3,61,0.2649,MTL-Flat-classification-only
3,62,0.2582,MTL-Flat-classification-only
3,63,0.2555,MTL-Flat-classification-only
3,64,0.2879,MTL-Flat-classification-only
3,65,0.2727,MTL-Flat-classification-only
3,66,0.2707,MTL-Flat-classification-only
3,67,0.288,MTL-Flat-classification-only
3,68,0.424,MTL-Flat-classification-only
3,69,0.2827,MTL-Flat-classification-only
3,70,0.2504,MTL-Flat-classification-only
3,71,0.2477,MTL-Flat-classification-only
3,72,0.2832,MTL-Flat-classification-only
3,73,0.2643,MTL-Flat-classification-only
3,74,0.2483,MTL-Flat-classification-only
3,75,0.2465,MTL-Flat-classification-only
3,76,0.2456,MTL-Flat-classification-only
3,77,0.2453,MTL-Flat-classification-only
3,78,0.3511,MTL-Flat-classification-only
3,79,0.4654,MTL-Flat-classification-only
3,80,0.4711,MTL-Flat-classification-only
3,81,0.3114,MTL-Flat-classification-only
3,82,0.2706,MTL-Flat-classification-only
3,83,0.2719,MTL-Flat-classification-only
3,84,0.2793,MTL-Flat-classification-only
3,85,0.2721,MTL-Flat-classification-only
3,86,0.3421,MTL-Flat-classification-only
3,87,0.2728,MTL-Flat-classification-only
3,88,0.2509,MTL-Flat-classification-only
3,89,0.2496,MTL-Flat-classification-only
3,90,0.2481,MTL-Flat-classification-only
3,91,0.246,MTL-Flat-classification-only
3,92,0.2462,MTL-Flat-classification-only
3,93,0.2463,MTL-Flat-classification-only
3,94,0.2549,MTL-Flat-classification-only
3,95,0.2521,MTL-Flat-classification-only
3,96,0.2473,MTL-Flat-classification-only
3,97,0.2468,MTL-Flat-classification-only
3,98,0.2478,MTL-Flat-classification-only
3,99,0.3638,MTL-Flat-classification-only
3,100,0.4521,MTL-Flat-classification-only
3,101,0.5041,MTL-Flat-classification-only
3,102,0.3039,MTL-Flat-classification-only
3,103,0.2772,MTL-Flat-classification-only
3,104,0.2859,MTL-Flat-classification-only
3,105,0.2786,MTL-Flat-classification-only
3,106,0.2611,MTL-Flat-classification-only
3,107,0.2606,MTL-Flat-classification-only
3,108,0.2483,MTL-Flat-classification-only
3,109,0.2477,MTL-Flat-classification-only
3,110,0.2474,MTL-Flat-classification-only
3,111,0.246,MTL-Flat-classification-only
3,112,0.246,MTL-Flat-classification-only
3,113,0.2473,MTL-Flat-classification-only
3,114,0.2476,MTL-Flat-classification-only
3,115,0.2661,MTL-Flat-classification-only
3,116,0.2489,MTL-Flat-classification-only
3,117,0.2469,MTL-Flat-classification-only
3,118,0.2464,MTL-Flat-classification-only
3,119,0.2584,MTL-Flat-classification-only
3,120,0.4603,MTL-Flat-classification-only
3,121,0.5505,MTL-Flat-classification-only
3,122,0.4986,MTL-Flat-classification-only
3,123,0.3091,MTL-Flat-classification-only
3,124,0.285,MTL-Flat-classification-only
3,125,0.2838,MTL-Flat-classification-only
3,126,0.2704,MTL-Flat-classification-only
3,127,0.2675,MTL-Flat-classification-only
3,128,0.2506,MTL-Flat-classification-only
3,129,0.2518,MTL-Flat-classification-only
3,130,0.4111,MTL-Flat-classification-only
3,131,0.3394,MTL-Flat-classification-only
3,132,0.2679,MTL-Flat-classification-only
3,133,0.2553,MTL-Flat-classification-only
3,134,0.2678,MTL-Flat-classification-only
3,135,0.3143,MTL-Flat-classification-only
3,136,0.2996,MTL-Flat-classification-only
3,137,0.2571,MTL-Flat-classification-only
3,138,0.2475,MTL-Flat-classification-only
3,139,0.3215,MTL-Flat-classification-only
3,140,0.5367,MTL-Flat-classification-only
3,141,0.5921,MTL-Flat-classification-only
3,142,0.3351,MTL-Flat-classification-only
3,143,0.2822,MTL-Flat-classification-only
3,144,0.2741,MTL-Flat-classification-only
3,145,0.2921,MTL-Flat-classification-only
3,146,0.2864,MTL-Flat-classification-only
3,147,0.2671,MTL-Flat-classification-only
3,148,0.2534,MTL-Flat-classification-only
3,149,0.2479,MTL-Flat-classification-only
3,150,0.2466,MTL-Flat-classification-only
3,151,0.2465,MTL-Flat-classification-only
3,152,0.2462,MTL-Flat-classification-only
3,153,0.2524,MTL-Flat-classification-only
3,154,0.2482,MTL-Flat-classification-only
3,155,0.2498,MTL-Flat-classification-only
3,156,0.2468,MTL-Flat-classification-only
3,157,0.247,MTL-Flat-classification-only
3,158,0.247,MTL-Flat-classification-only
3,159,0.2461,MTL-Flat-classification-only
3,160,0.5139,MTL-Flat-classification-only
3,161,0.4948,MTL-Flat-classification-only
3,162,0.3078,MTL-Flat-classification-only
3,163,0.2678,MTL-Flat-classification-only
3,164,0.2623,MTL-Flat-classification-only
3,165,0.2684,MTL-Flat-classification-only
3,166,0.2666,MTL-Flat-classification-only
3,167,0.2684,MTL-Flat-classification-only
3,168,0.3439,MTL-Flat-classification-only
3,169,0.2796,MTL-Flat-classification-only
3,170,0.2514,MTL-Flat-classification-only
3,171,0.2508,MTL-Flat-classification-only
3,172,0.2865,MTL-Flat-classification-only
3,173,0.252,MTL-Flat-classification-only
3,174,0.2532,MTL-Flat-classification-only
3,175,0.2462,MTL-Flat-classification-only
3,176,0.2552,MTL-Flat-classification-only
3,177,0.2495,MTL-Flat-classification-only
3,178,0.2454,MTL-Flat-classification-only
3,179,0.2458,MTL-Flat-classification-only
3,180,0.2499,MTL-Flat-classification-only
3,181,0.5026,MTL-Flat-classification-only
3,182,0.5064,MTL-Flat-classification-only
3,183,0.3188,MTL-Flat-classification-only
3,184,0.2682,MTL-Flat-classification-only
3,185,0.2781,MTL-Flat-classification-only
3,186,0.2828,MTL-Flat-classification-only
3,187,0.2617,MTL-Flat-classification-only
3,188,0.275,MTL-Flat-classification-only
3,189,0.25,MTL-Flat-classification-only
3,190,0.2476,MTL-Flat-classification-only
3,191,0.2478,MTL-Flat-classification-only
3,192,0.2465,MTL-Flat-classification-only
3,193,0.3916,MTL-Flat-classification-only
3,194,0.4151,MTL-Flat-classification-only
3,195,0.3046,MTL-Flat-classification-only
3,196,0.2484,MTL-Flat-classification-only
3,197,0.246,MTL-Flat-classification-only
3,198,0.4588,MTL-Flat-classification-only
3,199,0.3495,MTL-Flat-classification-only
3,200,0.5931,MTL-Flat-classification-only
3,201,0.6199,MTL-Flat-classification-only
3,202,0.3538,MTL-Flat-classification-only
3,203,0.2781,MTL-Flat-classification-only
3,204,0.2878,MTL-Flat-classification-only
3,205,0.2737,MTL-Flat-classification-only
3,206,0.2607,MTL-Flat-classification-only
3,207,0.249,MTL-Flat-classification-only
3,208,0.2594,MTL-Flat-classification-only
3,209,0.305,MTL-Flat-classification-only
3,210,0.3483,MTL-Flat-classification-only
3,211,0.3561,MTL-Flat-classification-only
3,212,0.2599,MTL-Flat-classification-only
3,213,0.2477,MTL-Flat-classification-only
3,214,0.2463,MTL-Flat-classification-only
3,215,0.2582,MTL-Flat-classification-only
3,216,0.2454,MTL-Flat-classification-only
3,217,0.2456,MTL-Flat-classification-only
3,218,0.2453,MTL-Flat-classification-only
3,219,0.363,MTL-Flat-classification-only
3,220,0.5046,MTL-Flat-classification-only
3,221,0.4643,MTL-Flat-classification-only
3,222,0.2982,MTL-Flat-classification-only
3,223,0.2689,MTL-Flat-classification-only
3,224,0.287,MTL-Flat-classification-only
3,225,0.2759,MTL-Flat-classification-only
3,226,0.2599,MTL-Flat-classification-only
3,227,0.2493,MTL-Flat-classification-only
3,228,0.2579,MTL-Flat-classification-only
3,229,0.2461,MTL-Flat-classification-only
3,230,0.2478,MTL-Flat-classification-only
3,231,0.2463,MTL-Flat-classification-only
3,232,0.2461,MTL-Flat-classification-only
3,233,0.2467,MTL-Flat-classification-only
3,234,0.2588,MTL-Flat-classification-only
3,235,0.2785,MTL-Flat-classification-only
3,236,0.277,MTL-Flat-classification-only
3,237,0.2489,MTL-Flat-classification-only
3,238,0.2467,MTL-Flat-classification-only
3,239,0.2471,MTL-Flat-classification-only
3,240,0.3685,MTL-Flat-classification-only
3,241,0.6666,MTL-Flat-classification-only
3,242,0.4584,MTL-Flat-classification-only
3,243,0.3016,MTL-Flat-classification-only
3,244,0.2872,MTL-Flat-classification-only
3,245,0.2787,MTL-Flat-classification-only
3,246,0.2711,MTL-Flat-classification-only
3,247,0.2579,MTL-Flat-classification-only
3,248,0.2623,MTL-Flat-classification-only
3,249,0.2494,MTL-Flat-classification-only
3,250,0.2485,MTL-Flat-classification-only
3,251,0.2509,MTL-Flat-classification-only
3,252,0.2477,MTL-Flat-classification-only
3,253,0.2465,MTL-Flat-classification-only
3,254,0.2473,MTL-Flat-classification-only
3,255,0.2459,MTL-Flat-classification-only
3,256,0.2548,MTL-Flat-classification-only
3,257,0.2467,MTL-Flat-classification-only
3,258,0.2464,MTL-Flat-classification-only
3,259,0.2446,MTL-Flat-classification-only
3,260,0.2466,MTL-Flat-classification-only
3,261,0.5067,MTL-Flat-classification-only
3,262,0.4352,MTL-Flat-classification-only
3,263,0.4086,MTL-Flat-classification-only
3,264,0.2827,MTL-Flat-classification-only
3,265,0.2604,MTL-Flat-classification-only
3,266,0.2997,MTL-Flat-classification-only
3,267,0.4366,MTL-Flat-classification-only
3,268,0.3123,MTL-Flat-classification-only
3,269,0.2701,MTL-Flat-classification-only
3,270,0.2503,MTL-Flat-classification-only
3,271,0.2471,MTL-Flat-classification-only
3,272,0.2828,MTL-Flat-classification-only
3,273,0.2555,MTL-Flat-classification-only
3,274,0.2533,MTL-Flat-classification-only
3,275,0.2475,MTL-Flat-classification-only
3,276,0.2553,MTL-Flat-classification-only
3,277,0.2478,MTL-Flat-classification-only
3,278,0.2462,MTL-Flat-classification-only
3,279,0.2466,MTL-Flat-classification-only
3,280,0.246,MTL-Flat-classification-only
3,281,0.4879,MTL-Flat-classification-only
3,282,0.4779,MTL-Flat-classification-only
3,283,0.4622,MTL-Flat-classification-only
3,284,0.3009,MTL-Flat-classification-only
3,285,0.2708,MTL-Flat-classification-only
3,286,0.2859,MTL-Flat-classification-only
3,287,0.2767,MTL-Flat-classification-only
3,288,0.2653,MTL-Flat-classification-only
3,289,0.2693,MTL-Flat-classification-only
3,290,0.2484,MTL-Flat-classification-only
3,291,0.2469,MTL-Flat-classification-only
3,292,0.2493,MTL-Flat-classification-only
3,293,0.4348,MTL-Flat-classification-only
3,294,0.2714,MTL-Flat-classification-only
3,295,0.261,MTL-Flat-classification-only
3,296,0.2517,MTL-Flat-classification-only
3,297,0.2495,MTL-Flat-classification-only
3,298,0.2522,MTL-Flat-classification-only
3,299,0.3471,MTL-Flat-classification-only
3,300,0.3792,MTL-Flat-classification-only
3,301,0.5695,MTL-Flat-classification-only
3,302,0.4545,MTL-Flat-classification-only
3,303,0.3178,MTL-Flat-classification-only
3,304,0.2706,MTL-Flat-classification-only
3,305,0.2678,MTL-Flat-classification-only
3,306,0.2919,MTL-Flat-classification-only
3,307,0.2805,MTL-Flat-classification-only
3,308,0.2646,MTL-Flat-classification-only
3,309,0.2488,MTL-Flat-classification-only
3,310,0.2561,MTL-Flat-classification-only
3,311,0.2466,MTL-Flat-classification-only
3,312,0.2507,MTL-Flat-classification-only
3,313,0.2455,MTL-Flat-classification-only
3,314,0.2459,MTL-Flat-classification-only
3,315,0.2449,MTL-Flat-classification-only
3,316,0.2493,MTL-Flat-classification-only
3,317,0.3983,MTL-Flat-classification-only
3,318,0.3134,MTL-Flat-classification-only
3,319,0.257,MTL-Flat-classification-only
3,320,0.2916,MTL-Flat-classification-only
3,321,0.541,MTL-Flat-classification-only
3,322,0.4958,MTL-Flat-classification-only
3,323,0.3183,MTL-Flat-classification-only
3,324,0.2698,MTL-Flat-classification-only
3,325,0.2842,MTL-Flat-classification-only
3,326,0.2722,MTL-Flat-classification-only
3,327,0.2576,MTL-Flat-classification-only
3,328,0.2497,MTL-Flat-classification-only
3,329,0.2477,MTL-Flat-classification-only
3,330,0.2539,MTL-Flat-classification-only
3,331,0.249,MTL-Flat-classification-only
3,332,0.2467,MTL-Flat-classification-only
3,333,0.3921,MTL-Flat-classification-only
3,334,0.351,MTL-Flat-classification-only
3,335,0.2687,MTL-Flat-classification-only
3,336,0.2467,MTL-Flat-classification-only
3,337,0.2549,MTL-Flat-classification-only
3,338,0.2474,MTL-Flat-classification-only
3,339,0.245,MTL-Flat-classification-only
3,340,0.2461,MTL-Flat-classification-only
3,341,0.5321,MTL-Flat-classification-only
3,342,0.5075,MTL-Flat-classification-only
3,343,0.7073,MTL-Flat-classification-only
3,344,0.4289,MTL-Flat-classification-only
3,345,0.4148,MTL-Flat-classification-only
3,346,0.4089,MTL-Flat-classification-only
3,347,0.3459,MTL-Flat-classification-only
3,348,0.2748,MTL-Flat-classification-only
3,349,0.2512,MTL-Flat-classification-only
3,350,0.2473,MTL-Flat-classification-only
3,351,0.2459,MTL-Flat-classification-only
3,352,0.2466,MTL-Flat-classification-only
3,353,0.2603,MTL-Flat-classification-only
3,354,0.2465,MTL-Flat-classification-only
3,355,0.2468,MTL-Flat-classification-only
3,356,0.2462,MTL-Flat-classification-only
3,357,0.2468,MTL-Flat-classification-only
3,358,0.303,MTL-Flat-classification-only
3,359,0.448,MTL-Flat-classification-only
3,360,0.4869,MTL-Flat-classification-only
3,361,0.3095,MTL-Flat-classification-only
3,362,0.2727,MTL-Flat-classification-only
3,363,0.299,MTL-Flat-classification-only
3,364,0.2745,MTL-Flat-classification-only
3,365,0.3106,MTL-Flat-classification-only
3,366,0.2932,MTL-Flat-classification-only
3,367,0.2633,MTL-Flat-classification-only
3,368,0.2553,MTL-Flat-classification-only
3,369,0.2465,MTL-Flat-classification-only
3,370,0.2467,MTL-Flat-classification-only
3,371,0.2445,MTL-Flat-classification-only
3,372,0.2465,MTL-Flat-classification-only
3,373,0.2638,MTL-Flat-classification-only
3,374,0.2579,MTL-Flat-classification-only
3,375,0.2465,MTL-Flat-classification-only
3,376,0.2455,MTL-Flat-classification-only
3,377,0.2459,MTL-Flat-classification-only
3,378,0.245,MTL-Flat-classification-only
3,379,0.2721,MTL-Flat-classification-only
3,380,0.4804,MTL-Flat-classification-only
3,381,0.4041,MTL-Flat-classification-only
3,382,0.406,MTL-Flat-classification-only
3,383,0.2768,MTL-Flat-classification-only
3,384,0.2846,MTL-Flat-classification-only
3,385,0.2737,MTL-Flat-classification-only
3,386,0.2575,MTL-Flat-classification-only
3,387,0.2597,MTL-Flat-classification-only
3,388,0.2476,MTL-Flat-classification-only
3,389,0.2456,MTL-Flat-classification-only
3,390,0.246,MTL-Flat-classification-only
3,391,0.2466,MTL-Flat-classification-only
3,392,0.2447,MTL-Flat-classification-only
3,393,0.2507,MTL-Flat-classification-only
3,394,0.2472,MTL-Flat-classification-only
3,395,0.4132,MTL-Flat-classification-only
3,396,0.4061,MTL-Flat-classification-only
3,397,0.3358,MTL-Flat-classification-only
3,398,0.3444,MTL-Flat-classification-only
3,399,0.3843,MTL-Flat-classification-only
3,400,0.6948,MTL-Flat-classification-only
3,401,0.5997,MTL-Flat-classification-only
3,402,0.2944,MTL-Flat-classification-only
3,403,0.3134,MTL-Flat-classification-only
3,404,0.2911,MTL-Flat-classification-only
3,405,0.2627,MTL-Flat-classification-only
3,406,0.2561,MTL-Flat-classification-only
3,407,0.2613,MTL-Flat-classification-only
3,408,0.2484,MTL-Flat-classification-only
3,409,0.2476,MTL-Flat-classification-only
3,410,0.2487,MTL-Flat-classification-only
3,411,0.415,MTL-Flat-classification-only
3,412,0.3889,MTL-Flat-classification-only
3,413,0.3447,MTL-Flat-classification-only
3,414,0.2494,MTL-Flat-classification-only
3,415,0.2828,MTL-Flat-classification-only
3,416,0.2631,MTL-Flat-classification-only
3,417,0.3315,MTL-Flat-classification-only
3,418,0.4341,MTL-Flat-classification-only
3,419,0.4272,MTL-Flat-classification-only
3,420,0.2895,MTL-Flat-classification-only
3,421,0.2624,MTL-Flat-classification-only
3,422,0.2831,MTL-Flat-classification-only
3,423,0.267,MTL-Flat-classification-only
3,424,0.2581,MTL-Flat-classification-only
3,425,0.2516,MTL-Flat-classification-only
3,426,0.2469,MTL-Flat-classification-only
3,427,0.2478,MTL-Flat-classification-only
3,428,0.2481,MTL-Flat-classification-only
3,429,0.2561,MTL-Flat-classification-only
3,430,0.2869,MTL-Flat-classification-only
3,431,0.2666,MTL-Flat-classification-only
3,432,0.2488,MTL-Flat-classification-only
3,433,0.247,MTL-Flat-classification-only
3,434,0.246,MTL-Flat-classification-only
3,435,0.2558,MTL-Flat-classification-only
3,436,0.2456,MTL-Flat-classification-only
3,437,0.2454,MTL-Flat-classification-only
3,438,0.2533,MTL-Flat-classification-only
3,439,0.3698,MTL-Flat-classification-only
3,440,0.4511,MTL-Flat-classification-only
3,441,0.4414,MTL-Flat-classification-only
3,442,0.2942,MTL-Flat-classification-only
3,443,0.2761,MTL-Flat-classification-only
3,444,0.4337,MTL-Flat-classification-only
3,445,0.4098,MTL-Flat-classification-only
3,446,0.2753,MTL-Flat-classification-only
3,447,0.3421,MTL-Flat-classification-only
3,448,0.3533,MTL-Flat-classification-only
3,449,0.3071,MTL-Flat-classification-only
3,450,0.2593,MTL-Flat-classification-only
3,451,0.2476,MTL-Flat-classification-only
3,452,0.2476,MTL-Flat-classification-only
3,453,0.2626,MTL-Flat-classification-only
3,454,0.2486,MTL-Flat-classification-only
3,455,0.2466,MTL-Flat-classification-only
3,456,0.246,MTL-Flat-classification-only
3,457,0.2464,MTL-Flat-classification-only
3,458,0.3146,MTL-Flat-classification-only
3,459,0.4346,MTL-Flat-classification-only
3,460,0.4029,MTL-Flat-classification-only
3,461,0.4283,MTL-Flat-classification-only
3,462,0.3271,MTL-Flat-classification-only
3,463,0.3663,MTL-Flat-classification-only
3,464,0.3267,MTL-Flat-classification-only
3,465,0.3414,MTL-Flat-classification-only
3,466,0.2821,MTL-Flat-classification-only
3,467,0.26,MTL-Flat-classification-only
3,468,0.2623,MTL-Flat-classification-only
3,469,0.2504,MTL-Flat-classification-only
3,470,0.2456,MTL-Flat-classification-only
3,471,0.246,MTL-Flat-classification-only
3,472,0.246,MTL-Flat-classification-only
3,473,0.2571,MTL-Flat-classification-only
3,474,0.2455,MTL-Flat-classification-only
3,475,0.245,MTL-Flat-classification-only
3,476,0.2461,MTL-Flat-classification-only
3,477,0.245,MTL-Flat-classification-only
3,478,0.2535,MTL-Flat-classification-only
3,479,0.489,MTL-Flat-classification-only
3,480,0.4965,MTL-Flat-classification-only
3,481,0.3401,MTL-Flat-classification-only
3,482,0.2728,MTL-Flat-classification-only
3,483,0.2766,MTL-Flat-classification-only
3,484,0.2757,MTL-Flat-classification-only
3,485,0.2593,MTL-Flat-classification-only
3,486,0.2688,MTL-Flat-classification-only
3,487,0.2516,MTL-Flat-classification-only
3,488,0.2475,MTL-Flat-classification-only
3,489,0.2473,MTL-Flat-classification-only
3,490,0.2504,MTL-Flat-classification-only
3,491,0.2459,MTL-Flat-classification-only
3,492,0.2458,MTL-Flat-classification-only
3,493,0.247,MTL-Flat-classification-only
3,494,0.2542,MTL-Flat-classification-only
3,495,0.2482,MTL-Flat-classification-only
3,496,0.2455,MTL-Flat-classification-only
3,497,0.2474,MTL-Flat-classification-only
3,498,0.3341,MTL-Flat-classification-only
3,499,0.4921,MTL-Flat-classification-only
3,500,0.4459,MTL-Flat-classification-only
3,501,0.346,MTL-Flat-classification-only
3,502,0.3402,MTL-Flat-classification-only
3,503,0.386,MTL-Flat-classification-only
3,504,0.3123,MTL-Flat-classification-only
3,505,0.3011,MTL-Flat-classification-only
3,506,0.2807,MTL-Flat-classification-only
3,507,0.2601,MTL-Flat-classification-only
3,508,0.251,MTL-Flat-classification-only
3,509,0.2612,MTL-Flat-classification-only
3,510,0.2492,MTL-Flat-classification-only
3,511,0.2466,MTL-Flat-classification-only
3,512,0.2465,MTL-Flat-classification-only
3,513,0.2482,MTL-Flat-classification-only
3,514,0.2462,MTL-Flat-classification-only
3,515,0.248,MTL-Flat-classification-only
3,516,0.2463,MTL-Flat-classification-only
3,517,0.2983,MTL-Flat-classification-only
3,518,0.2483,MTL-Flat-classification-only
3,519,0.2462,MTL-Flat-classification-only
3,520,0.3242,MTL-Flat-classification-only
3,521,0.4288,MTL-Flat-classification-only
3,522,0.4402,MTL-Flat-classification-only
3,523,0.3096,MTL-Flat-classification-only
3,524,0.2867,MTL-Flat-classification-only
3,525,0.2827,MTL-Flat-classification-only
3,526,0.2655,MTL-Flat-classification-only
3,527,0.2542,MTL-Flat-classification-only
3,528,0.2486,MTL-Flat-classification-only
3,529,0.2476,MTL-Flat-classification-only
3,530,0.254,MTL-Flat-classification-only
3,531,0.2803,MTL-Flat-classification-only
3,532,0.3315,MTL-Flat-classification-only
3,533,0.2984,MTL-Flat-classification-only
3,534,0.2525,MTL-Flat-classification-only
3,535,0.2474,MTL-Flat-classification-only
3,536,0.2466,MTL-Flat-classification-only
3,537,0.2453,MTL-Flat-classification-only
3,538,0.2578,MTL-Flat-classification-only
3,539,0.2471,MTL-Flat-classification-only
3,540,0.2474,MTL-Flat-classification-only
3,541,0.2998,MTL-Flat-classification-only
3,542,0.4341,MTL-Flat-classification-only
3,543,0.4975,MTL-Flat-classification-only
3,544,0.3673,MTL-Flat-classification-only
3,545,0.3975,MTL-Flat-classification-only
3,546,0.3347,MTL-Flat-classification-only
3,547,0.2876,MTL-Flat-classification-only
3,548,0.269,MTL-Flat-classification-only
3,549,0.2503,MTL-Flat-classification-only
3,550,0.2587,MTL-Flat-classification-only
3,551,0.2489,MTL-Flat-classification-only
3,552,0.5186,MTL-Flat-classification-only
3,553,0.396,MTL-Flat-classification-only
3,554,0.3816,MTL-Flat-classification-only
3,555,0.2594,MTL-Flat-classification-only
3,556,0.2509,MTL-Flat-classification-only
3,557,0.2484,MTL-Flat-classification-only
3,558,0.2477,MTL-Flat-classification-only
3,559,0.2471,MTL-Flat-classification-only
3,560,0.4961,MTL-Flat-classification-only
3,561,0.4431,MTL-Flat-classification-only
3,562,0.4206,MTL-Flat-classification-only
3,563,0.3232,MTL-Flat-classification-only
3,564,0.2788,MTL-Flat-classification-only
3,565,0.3205,MTL-Flat-classification-only
3,566,0.3272,MTL-Flat-classification-only
3,567,0.2743,MTL-Flat-classification-only
3,568,0.2661,MTL-Flat-classification-only
3,569,0.2626,MTL-Flat-classification-only
3,570,0.2509,MTL-Flat-classification-only
3,571,0.2459,MTL-Flat-classification-only
3,572,0.2466,MTL-Flat-classification-only
3,573,0.2559,MTL-Flat-classification-only
3,574,0.2471,MTL-Flat-classification-only
3,575,0.2465,MTL-Flat-classification-only
3,576,0.2457,MTL-Flat-classification-only
3,577,0.2458,MTL-Flat-classification-only
3,578,0.2453,MTL-Flat-classification-only
3,579,0.2464,MTL-Flat-classification-only
3,580,0.379,MTL-Flat-classification-only
3,581,0.5242,MTL-Flat-classification-only
3,582,0.4043,MTL-Flat-classification-only
3,583,0.282,MTL-Flat-classification-only
3,584,0.2704,MTL-Flat-classification-only
3,585,0.2719,MTL-Flat-classification-only
3,586,0.2733,MTL-Flat-classification-only
3,587,0.2541,MTL-Flat-classification-only
3,588,0.2481,MTL-Flat-classification-only
3,589,0.2466,MTL-Flat-classification-only
3,590,0.2476,MTL-Flat-classification-only
3,591,0.246,MTL-Flat-classification-only
3,592,0.2473,MTL-Flat-classification-only
3,593,0.2471,MTL-Flat-classification-only
3,594,0.2537,MTL-Flat-classification-only
3,595,0.251,MTL-Flat-classification-only
3,596,0.2468,MTL-Flat-classification-only
3,597,0.2465,MTL-Flat-classification-only
3,598,0.2516,MTL-Flat-classification-only
3,599,0.3331,MTL-Flat-classification-only
3,600,0.3972,MTL-Flat-classification-only
3,601,0.5989,MTL-Flat-classification-only
3,602,0.6588,MTL-Flat-classification-only
3,603,0.5143,MTL-Flat-classification-only
3,604,0.351,MTL-Flat-classification-only
3,605,0.3942,MTL-Flat-classification-only
3,606,0.3613,MTL-Flat-classification-only
3,607,0.3149,MTL-Flat-classification-only
3,608,0.2651,MTL-Flat-classification-only
3,609,0.2483,MTL-Flat-classification-only
3,610,0.2466,MTL-Flat-classification-only
3,611,0.2685,MTL-Flat-classification-only
3,612,0.2476,MTL-Flat-classification-only
3,613,0.2475,MTL-Flat-classification-only
3,614,0.2488,MTL-Flat-classification-only
3,615,0.2473,MTL-Flat-classification-only
3,616,0.2799,MTL-Flat-classification-only
3,617,0.2509,MTL-Flat-classification-only
3,618,0.2456,MTL-Flat-classification-only
3,619,0.3594,MTL-Flat-classification-only
3,620,0.4398,MTL-Flat-classification-only
3,621,0.4486,MTL-Flat-classification-only
3,622,0.291,MTL-Flat-classification-only
3,623,0.2597,MTL-Flat-classification-only
3,624,0.2671,MTL-Flat-classification-only
3,625,0.2802,MTL-Flat-classification-only
3,626,0.2532,MTL-Flat-classification-only
3,627,0.2486,MTL-Flat-classification-only
3,628,0.2463,MTL-Flat-classification-only
3,629,0.2632,MTL-Flat-classification-only
3,630,0.2756,MTL-Flat-classification-only
3,631,0.2635,MTL-Flat-classification-only
3,632,0.2559,MTL-Flat-classification-only
3,633,0.2503,MTL-Flat-classification-only
3,634,0.246,MTL-Flat-classification-only
3,635,0.2457,MTL-Flat-classification-only
3,636,0.2455,MTL-Flat-classification-only
3,637,0.2453,MTL-Flat-classification-only
3,638,0.2559,MTL-Flat-classification-only
3,639,0.2464,MTL-Flat-classification-only
3,640,0.2514,MTL-Flat-classification-only
3,641,0.4813,MTL-Flat-classification-only
3,642,0.5771,MTL-Flat-classification-only
3,643,0.4344,MTL-Flat-classification-only
3,644,0.2854,MTL-Flat-classification-only
3,645,0.278,MTL-Flat-classification-only
3,646,0.2807,MTL-Flat-classification-only
3,647,0.2763,MTL-Flat-classification-only
3,648,0.2683,MTL-Flat-classification-only
3,649,0.2606,MTL-Flat-classification-only
3,650,0.2479,MTL-Flat-classification-only
3,651,0.2476,MTL-Flat-classification-only
3,652,0.4441,MTL-Flat-classification-only
3,653,0.4343,MTL-Flat-classification-only
3,654,0.373,MTL-Flat-classification-only
3,655,0.3672,MTL-Flat-classification-only
3,656,0.3823,MTL-Flat-classification-only
3,657,0.4064,MTL-Flat-classification-only
3,658,0.5849,MTL-Flat-classification-only
3,659,0.4895,MTL-Flat-classification-only
3,660,0.4575,MTL-Flat-classification-only
3,661,0.3911,MTL-Flat-classification-only
3,662,0.4741,MTL-Flat-classification-only
3,663,0.3208,MTL-Flat-classification-only
3,664,0.3075,MTL-Flat-classification-only
3,665,0.2942,MTL-Flat-classification-only
3,666,0.2664,MTL-Flat-classification-only
3,667,0.2632,MTL-Flat-classification-only
3,668,0.2506,MTL-Flat-classification-only
3,669,0.2488,MTL-Flat-classification-only
3,670,0.2499,MTL-Flat-classification-only
3,671,0.2463,MTL-Flat-classification-only
3,672,0.2472,MTL-Flat-classification-only
3,673,0.2561,MTL-Flat-classification-only
3,674,0.2469,MTL-Flat-classification-only
3,675,0.2512,MTL-Flat-classification-only
3,676,0.2744,MTL-Flat-classification-only
3,677,0.5048,MTL-Flat-classification-only
3,678,0.402,MTL-Flat-classification-only
3,679,0.468,MTL-Flat-classification-only
3,680,0.3174,MTL-Flat-classification-only
3,681,0.3185,MTL-Flat-classification-only
3,682,0.2815,MTL-Flat-classification-only
3,683,0.2658,MTL-Flat-classification-only
3,684,0.2519,MTL-Flat-classification-only
3,685,0.2561,MTL-Flat-classification-only
3,686,0.2713,MTL-Flat-classification-only
3,687,0.2486,MTL-Flat-classification-only
3,688,0.2475,MTL-Flat-classification-only
3,689,0.2553,MTL-Flat-classification-only
3,690,0.2506,MTL-Flat-classification-only
3,691,0.2748,MTL-Flat-classification-only
3,692,0.2727,MTL-Flat-classification-only
3,693,0.2657,MTL-Flat-classification-only
3,694,0.2519,MTL-Flat-classification-only
3,695,0.2469,MTL-Flat-classification-only
3,696,0.2464,MTL-Flat-classification-only
3,697,0.3662,MTL-Flat-classification-only
3,698,0.4493,MTL-Flat-classification-only
3,699,0.5521,MTL-Flat-classification-only
3,700,0.3725,MTL-Flat-classification-only
3,701,0.2894,MTL-Flat-classification-only
3,702,0.2955,MTL-Flat-classification-only
3,703,0.2817,MTL-Flat-classification-only
3,704,0.2754,MTL-Flat-classification-only
3,705,0.6546,MTL-Flat-classification-only
3,706,0.5074,MTL-Flat-classification-only
3,707,0.3388,MTL-Flat-classification-only
3,708,0.2581,MTL-Flat-classification-only
3,709,0.2951,MTL-Flat-classification-only
3,710,0.2602,MTL-Flat-classification-only
3,711,0.2523,MTL-Flat-classification-only
3,712,0.2465,MTL-Flat-classification-only
3,713,0.2458,MTL-Flat-classification-only
3,714,0.2781,MTL-Flat-classification-only
3,715,0.5192,MTL-Flat-classification-only
3,716,0.5153,MTL-Flat-classification-only
3,717,0.4016,MTL-Flat-classification-only
3,718,0.2873,MTL-Flat-classification-only
3,719,0.2719,MTL-Flat-classification-only
3,720,0.29,MTL-Flat-classification-only
3,721,0.3265,MTL-Flat-classification-only
3,722,0.4071,MTL-Flat-classification-only
3,723,0.3323,MTL-Flat-classification-only
3,724,0.2618,MTL-Flat-classification-only
3,725,0.249,MTL-Flat-classification-only
3,726,0.2471,MTL-Flat-classification-only
3,727,0.2447,MTL-Flat-classification-only
3,728,0.2458,MTL-Flat-classification-only
3,729,0.2453,MTL-Flat-classification-only
3,730,0.2591,MTL-Flat-classification-only
3,731,0.246,MTL-Flat-classification-only
3,732,0.3642,MTL-Flat-classification-only
3,733,0.4685,MTL-Flat-classification-only
3,734,0.5326,MTL-Flat-classification-only
3,735,0.5609,MTL-Flat-classification-only
3,736,0.3362,MTL-Flat-classification-only
3,737,0.2759,MTL-Flat-classification-only
3,738,0.2947,MTL-Flat-classification-only
3,739,0.2812,MTL-Flat-classification-only
3,740,0.2613,MTL-Flat-classification-only
3,741,0.2653,MTL-Flat-classification-only
3,742,0.2508,MTL-Flat-classification-only
3,743,0.2458,MTL-Flat-classification-only
3,744,0.2441,MTL-Flat-classification-only
3,745,0.2456,MTL-Flat-classification-only
3,746,0.2444,MTL-Flat-classification-only
3,747,0.2447,MTL-Flat-classification-only
3,748,0.4109,MTL-Flat-classification-only
3,749,0.4624,MTL-Flat-classification-only
3,750,0.4159,MTL-Flat-classification-only
3,751,0.28,MTL-Flat-classification-only
3,752,0.5417,MTL-Flat-classification-only
3,753,0.5604,MTL-Flat-classification-only
3,754,0.3461,MTL-Flat-classification-only
3,755,0.2968,MTL-Flat-classification-only
3,756,0.2701,MTL-Flat-classification-only
3,757,0.3059,MTL-Flat-classification-only
3,758,0.3213,MTL-Flat-classification-only
3,759,0.2839,MTL-Flat-classification-only
3,760,0.2632,MTL-Flat-classification-only
3,761,0.268,MTL-Flat-classification-only
3,762,0.2488,MTL-Flat-classification-only
3,763,0.248,MTL-Flat-classification-only
3,764,0.2479,MTL-Flat-classification-only
3,765,0.2462,MTL-Flat-classification-only
3,766,0.2472,MTL-Flat-classification-only
3,767,0.2459,MTL-Flat-classification-only
3,768,0.246,MTL-Flat-classification-only
3,769,0.2523,MTL-Flat-classification-only
3,770,0.2465,MTL-Flat-classification-only
3,771,0.2453,MTL-Flat-classification-only
3,772,0.42,MTL-Flat-classification-only
3,773,0.4376,MTL-Flat-classification-only
3,774,0.4083,MTL-Flat-classification-only
3,775,0.2867,MTL-Flat-classification-only
3,776,0.2782,MTL-Flat-classification-only
3,777,0.2698,MTL-Flat-classification-only
3,778,0.2558,MTL-Flat-classification-only
3,779,0.2513,MTL-Flat-classification-only
3,780,0.2461,MTL-Flat-classification-only
3,781,0.2454,MTL-Flat-classification-only
3,782,0.2472,MTL-Flat-classification-only
3,783,0.2568,MTL-Flat-classification-only
3,784,0.2478,MTL-Flat-classification-only
3,785,0.2449,MTL-Flat-classification-only
3,786,0.2477,MTL-Flat-classification-only
3,787,0.3161,MTL-Flat-classification-only
3,788,0.309,MTL-Flat-classification-only
3,789,0.2614,MTL-Flat-classification-only
3,790,0.2613,MTL-Flat-classification-only
3,791,0.2501,MTL-Flat-classification-only
3,792,0.2473,MTL-Flat-classification-only
3,793,0.3312,MTL-Flat-classification-only
3,794,0.4397,MTL-Flat-classification-only
3,795,0.4786,MTL-Flat-classification-only
3,796,0.3206,MTL-Flat-classification-only
3,797,0.4219,MTL-Flat-classification-only
3,798,0.3146,MTL-Flat-classification-only
3,799,0.2839,MTL-Flat-classification-only
3,800,0.2656,MTL-Flat-classification-only
3,801,0.254,MTL-Flat-classification-only
3,802,0.2503,MTL-Flat-classification-only
3,803,0.2599,MTL-Flat-classification-only
3,804,0.2467,MTL-Flat-classification-only
3,805,0.2464,MTL-Flat-classification-only
3,806,0.247,MTL-Flat-classification-only
3,807,0.2766,MTL-Flat-classification-only
3,808,0.2553,MTL-Flat-classification-only
3,809,0.2466,MTL-Flat-classification-only
3,810,0.2454,MTL-Flat-classification-only
3,811,0.2557,MTL-Flat-classification-only
3,812,0.246,MTL-Flat-classification-only
3,813,0.2458,MTL-Flat-classification-only
3,814,0.463,MTL-Flat-classification-only
3,815,0.4501,MTL-Flat-classification-only
3,816,0.3922,MTL-Flat-classification-only
3,817,0.2749,MTL-Flat-classification-only
3,818,0.2678,MTL-Flat-classification-only
3,819,0.2797,MTL-Flat-classification-only
3,820,0.3493,MTL-Flat-classification-only
3,821,0.3092,MTL-Flat-classification-only
3,822,0.2621,MTL-Flat-classification-only
3,823,0.2608,MTL-Flat-classification-only
3,824,0.2494,MTL-Flat-classification-only
3,825,0.2515,MTL-Flat-classification-only
3,826,0.2474,MTL-Flat-classification-only
3,827,0.2466,MTL-Flat-classification-only
3,828,0.2457,MTL-Flat-classification-only
3,829,0.245,MTL-Flat-classification-only
3,830,0.2455,MTL-Flat-classification-only
3,831,0.2497,MTL-Flat-classification-only
3,832,0.2466,MTL-Flat-classification-only
3,833,0.2446,MTL-Flat-classification-only
3,834,0.2459,MTL-Flat-classification-only
3,835,0.4352,MTL-Flat-classification-only
3,836,0.4404,MTL-Flat-classification-only
3,837,0.4375,MTL-Flat-classification-only
3,838,0.2849,MTL-Flat-classification-only
3,839,0.2732,MTL-Flat-classification-only
3,840,0.2773,MTL-Flat-classification-only
3,841,0.2726,MTL-Flat-classification-only
3,842,0.2577,MTL-Flat-classification-only
3,843,0.249,MTL-Flat-classification-only
3,844,0.2567,MTL-Flat-classification-only
3,845,0.2612,MTL-Flat-classification-only
3,846,0.2475,MTL-Flat-classification-only
3,847,0.2464,MTL-Flat-classification-only
3,848,0.2449,MTL-Flat-classification-only
3,849,0.2457,MTL-Flat-classification-only
3,850,0.2443,MTL-Flat-classification-only
3,851,0.257,MTL-Flat-classification-only
3,852,0.2456,MTL-Flat-classification-only
3,853,0.3577,MTL-Flat-classification-only
3,854,0.3096,MTL-Flat-classification-only
3,855,0.2583,MTL-Flat-classification-only
3,856,0.4869,MTL-Flat-classification-only
3,857,0.5412,MTL-Flat-classification-only
3,858,0.4413,MTL-Flat-classification-only
3,859,0.2898,MTL-Flat-classification-only
3,860,0.2679,MTL-Flat-classification-only
3,861,0.2611,MTL-Flat-classification-only
3,862,0.3118,MTL-Flat-classification-only
3,863,0.2796,MTL-Flat-classification-only
3,864,0.2715,MTL-Flat-classification-only
3,865,0.2634,MTL-Flat-classification-only
3,866,0.2518,MTL-Flat-classification-only
3,867,0.2472,MTL-Flat-classification-only
3,868,0.2461,MTL-Flat-classification-only
3,869,0.2456,MTL-Flat-classification-only
3,870,0.2454,MTL-Flat-classification-only
3,871,0.2467,MTL-Flat-classification-only
3,872,0.2509,MTL-Flat-classification-only
3,873,0.2468,MTL-Flat-classification-only
3,874,0.2459,MTL-Flat-classification-only
3,875,0.246,MTL-Flat-classification-only
3,876,0.317,MTL-Flat-classification-only
3,877,0.4605,MTL-Flat-classification-only
3,878,0.4607,MTL-Flat-classification-only
3,879,0.3551,MTL-Flat-classification-only
3,880,0.3894,MTL-Flat-classification-only
3,881,0.3387,MTL-Flat-classification-only
3,882,0.2783,MTL-Flat-classification-only
3,883,0.2541,MTL-Flat-classification-only
3,884,0.2501,MTL-Flat-classification-only
3,885,0.2625,MTL-Flat-classification-only
3,886,0.2607,MTL-Flat-classification-only
3,887,0.2484,MTL-Flat-classification-only
3,888,0.2471,MTL-Flat-classification-only
3,889,0.323,MTL-Flat-classification-only
3,890,0.471,MTL-Flat-classification-only
3,891,0.3022,MTL-Flat-classification-only
3,892,0.2534,MTL-Flat-classification-only
3,893,0.2488,MTL-Flat-classification-only
3,894,0.2481,MTL-Flat-classification-only
3,895,0.2738,MTL-Flat-classification-only
3,896,0.4688,MTL-Flat-classification-only
3,897,0.5771,MTL-Flat-classification-only
3,898,0.4922,MTL-Flat-classification-only
3,899,0.421,MTL-Flat-classification-only
3,900,0.2965,MTL-Flat-classification-only
3,901,0.2712,MTL-Flat-classification-only
3,902,0.4871,MTL-Flat-classification-only
3,903,0.2888,MTL-Flat-classification-only
3,904,0.2566,MTL-Flat-classification-only
3,905,0.2535,MTL-Flat-classification-only
3,906,0.256,MTL-Flat-classification-only
3,907,0.3557,MTL-Flat-classification-only
3,908,0.5929,MTL-Flat-classification-only
3,909,0.5096,MTL-Flat-classification-only
3,910,0.4229,MTL-Flat-classification-only
3,911,0.9062,MTL-Flat-classification-only
3,912,0.734,MTL-Flat-classification-only
3,913,0.6389,MTL-Flat-classification-only
3,914,0.5305,MTL-Flat-classification-only
3,915,0.4408,MTL-Flat-classification-only
3,916,0.4101,MTL-Flat-classification-only
3,917,0.44,MTL-Flat-classification-only
3,918,0.3508,MTL-Flat-classification-only
3,919,0.2591,MTL-Flat-classification-only
3,920,0.2505,MTL-Flat-classification-only
3,921,0.2491,MTL-Flat-classification-only
3,922,0.2502,MTL-Flat-classification-only
3,923,0.254,MTL-Flat-classification-only
3,924,0.2528,MTL-Flat-classification-only
3,925,0.6511,MTL-Flat-classification-only
3,926,0.5405,MTL-Flat-classification-only
3,927,0.3219,MTL-Flat-classification-only
3,928,0.2948,MTL-Flat-classification-only
3,929,0.2912,MTL-Flat-classification-only
3,930,0.2746,MTL-Flat-classification-only
3,931,0.2591,MTL-Flat-classification-only
3,932,0.2488,MTL-Flat-classification-only
3,933,0.248,MTL-Flat-classification-only
3,934,0.2527,MTL-Flat-classification-only
3,935,0.2457,MTL-Flat-classification-only
3,936,0.2547,MTL-Flat-classification-only
3,937,0.2476,MTL-Flat-classification-only
3,938,0.2463,MTL-Flat-classification-only
3,939,0.2462,MTL-Flat-classification-only
3,940,0.2463,MTL-Flat-classification-only
3,941,0.246,MTL-Flat-classification-only
3,942,0.2471,MTL-Flat-classification-only
3,943,0.2461,MTL-Flat-classification-only
3,944,0.2529,MTL-Flat-classification-only
3,945,0.5708,MTL-Flat-classification-only
3,946,0.663,MTL-Flat-classification-only
3,947,0.5699,MTL-Flat-classification-only
3,948,0.4428,MTL-Flat-classification-only
3,949,0.4402,MTL-Flat-classification-only
3,950,0.354,MTL-Flat-classification-only
3,951,0.356,MTL-Flat-classification-only
3,952,0.2881,MTL-Flat-classification-only
3,953,0.2944,MTL-Flat-classification-only
3,954,0.423,MTL-Flat-classification-only
3,955,0.4115,MTL-Flat-classification-only
3,956,0.3986,MTL-Flat-classification-only
3,957,0.2934,MTL-Flat-classification-only
3,958,0.3506,MTL-Flat-classification-only
3,959,0.3703,MTL-Flat-classification-only
3,960,0.4054,MTL-Flat-classification-only
3,961,0.5398,MTL-Flat-classification-only
3,962,0.5075,MTL-Flat-classification-only
3,963,0.3216,MTL-Flat-classification-only
3,964,0.2943,MTL-Flat-classification-only
3,965,0.3976,MTL-Flat-classification-only
3,966,0.4062,MTL-Flat-classification-only
3,967,0.356,MTL-Flat-classification-only
3,968,0.3952,MTL-Flat-classification-only
3,969,0.4173,MTL-Flat-classification-only
3,970,0.4812,MTL-Flat-classification-only
3,971,0.4336,MTL-Flat-classification-only
3,972,0.3973,MTL-Flat-classification-only
3,973,0.4128,MTL-Flat-classification-only
3,974,0.4236,MTL-Flat-classification-only
3,975,0.5611,MTL-Flat-classification-only
3,976,0.5305,MTL-Flat-classification-only
3,977,0.5299,MTL-Flat-classification-only
3,978,0.4841,MTL-Flat-classification-only
3,979,0.4752,MTL-Flat-classification-only
3,980,0.5751,MTL-Flat-classification-only
3,981,0.5454,MTL-Flat-classification-only
3,982,0.4678,MTL-Flat-classification-only
3,983,0.4164,MTL-Flat-classification-only
3,984,0.4099,MTL-Flat-classification-only
3,985,0.4259,MTL-Flat-classification-only
3,986,0.4137,MTL-Flat-classification-only
3,987,0.4293,MTL-Flat-classification-only
3,988,0.5767,MTL-Flat-classification-only
3,989,0.5921,MTL-Flat-classification-only
3,990,0.5334,MTL-Flat-classification-only
3,991,0.5475,MTL-Flat-classification-only
3,992,0.5006,MTL-Flat-classification-only
3,993,0.4408,MTL-Flat-classification-only
3,994,0.4041,MTL-Flat-classification-only
3,995,0.4149,MTL-Flat-classification-only
3,996,0.4612,MTL-Flat-classification-only
3,997,0.4479,MTL-Flat-classification-only
3,998,0.4204,MTL-Flat-classification-only
3,999,0.4197,MTL-Flat-classification-only
3,1000,0.6002,MTL-Flat-classification-only
1,1,0.4832,CNN-GAP
1,2,0.3491,CNN-GAP
1,3,0.4873,CNN-GAP
1,4,0.3886,CNN-GAP
1,5,0.426,CNN-GAP
1,6,0.392,CNN-GAP
1,7,0.3366,CNN-GAP
1,8,0.3812,CNN-GAP
1,9,0.2875,CNN-GAP
1,10,0.3113,CNN-GAP
1,11,0.4296,CNN-GAP
1,12,0.3517,CNN-GAP
1,13,0.2422,CNN-GAP
1,14,0.4632,CNN-GAP
1,15,0.3338,CNN-GAP
1,16,0.3001,CNN-GAP
1,17,0.2622,CNN-GAP
1,18,0.2812,CNN-GAP
1,19,0.4275,CNN-GAP
1,20,0.7783,CNN-GAP
1,21,0.4814,CNN-GAP
1,22,0.4184,CNN-GAP
1,23,0.3493,CNN-GAP
1,24,0.3518,CNN-GAP
1,25,0.3091,CNN-GAP
1,26,0.3675,CNN-GAP
1,27,0.3779,CNN-GAP
1,28,0.3089,CNN-GAP
1,29,0.2824,CNN-GAP
1,30,0.2824,CNN-GAP
1,31,0.273,CNN-GAP
1,32,0.2424,CNN-GAP
1,33,0.2818,CNN-GAP
1,34,0.2491,CNN-GAP
1,35,0.43,CNN-GAP
1,36,0.7395,CNN-GAP
1,37,0.65,CNN-GAP
1,38,0.4592,CNN-GAP
1,39,0.3712,CNN-GAP
1,40,0.3876,CNN-GAP
1,41,0.4103,CNN-GAP
1,42,0.3286,CNN-GAP
1,43,0.3224,CNN-GAP
1,44,0.3168,CNN-GAP
1,45,0.32,CNN-GAP
1,46,0.3053,CNN-GAP
1,47,0.3019,CNN-GAP
1,48,0.3223,CNN-GAP
1,49,0.3141,CNN-GAP
1,50,0.2803,CNN-GAP
1,51,0.2742,CNN-GAP
1,52,0.3882,CNN-GAP
1,53,0.4861,CNN-GAP
1,54,0.5346,CNN-GAP
1,55,0.4184,CNN-GAP
1,56,0.4167,CNN-GAP
1,57,0.3545,CNN-GAP
1,58,0.3271,CNN-GAP
1,59,0.3198,CNN-GAP
1,60,0.296,CNN-GAP
1,61,0.298,CNN-GAP
1,62,0.3162,CNN-GAP
1,63,0.2936,CNN-GAP
1,64,0.3153,CNN-GAP
1,65,0.3896,CNN-GAP
1,66,0.3512,CNN-GAP
1,67,0.294,CNN-GAP
1,68,0.3093,CNN-GAP
1,69,0.5185,CNN-GAP
1,70,0.4492,CNN-GAP
1,71,0.49,CNN-GAP
1,72,0.3188,CNN-GAP
1,73,0.2967,CNN-GAP
1,74,0.3763,CNN-GAP
1,75,0.4108,CNN-GAP
1,76,0.4647,CNN-GAP
1,77,0.2603,CNN-GAP
1,78,0.2297,CNN-GAP
1,79,0.2029,CNN-GAP
1,80,0.1975,CNN-GAP
1,81,0.1956,CNN-GAP
1,82,0.1984,CNN-GAP
1,83,0.4794,CNN-GAP
1,84,0.4125,CNN-GAP
1,85,0.2183,CNN-GAP
1,86,0.2033,CNN-GAP
1,87,0.3419,CNN-GAP
1,88,0.5073,CNN-GAP
1,89,0.424,CNN-GAP
1,90,0.33,CNN-GAP
1,91,0.2273,CNN-GAP
1,92,0.2742,CNN-GAP
1,93,0.2938,CNN-GAP
1,94,0.3547,CNN-GAP
1,95,0.3787,CNN-GAP
1,96,0.3615,CNN-GAP
1,97,0.3185,CNN-GAP
1,98,0.3121,CNN-GAP
1,99,0.3072,CNN-GAP
1,100,0.3049,CNN-GAP
1,101,0.3066,CNN-GAP
1,102,0.3114,CNN-GAP
1,103,0.3179,CNN-GAP
1,104,0.3041,CNN-GAP
1,105,0.3296,CNN-GAP
1,106,0.4301,CNN-GAP
1,107,0.3592,CNN-GAP
1,108,0.3925,CNN-GAP
1,109,0.3634,CNN-GAP
1,110,0.3281,CNN-GAP
1,111,0.346,CNN-GAP
1,112,0.3537,CNN-GAP
1,113,0.3207,CNN-GAP
1,114,0.3126,CNN-GAP
1,115,0.3145,CNN-GAP
1,116,0.3052,CNN-GAP
1,117,0.3153,CNN-GAP
1,118,0.3179,CNN-GAP
1,119,0.308,CNN-GAP
1,120,0.3045,CNN-GAP
1,121,0.3023,CNN-GAP
1,122,0.2789,CNN-GAP
1,123,0.3106,CNN-GAP
1,124,0.4443,CNN-GAP
1,125,0.4315,CNN-GAP
1,126,0.6922,CNN-GAP
1,127,0.3997,CNN-GAP
1,128,0.3489,CNN-GAP
1,129,0.2953,CNN-GAP
1,130,0.4593,CNN-GAP
1,131,0.3887,CNN-GAP
1,132,0.2618,CNN-GAP
1,133,0.2704,CNN-GAP
1,134,0.282,CNN-GAP
1,135,0.2912,CNN-GAP
1,136,0.2698,CNN-GAP
1,137,0.2555,CNN-GAP
1,138,0.2744,CNN-GAP
1,139,0.2885,CNN-GAP
1,140,0.2656,CNN-GAP
1,141,0.5076,CNN-GAP
1,142,0.43,CNN-GAP
1,143,0.4526,CNN-GAP
1,144,0.4511,CNN-GAP
1,145,0.3311,CNN-GAP
1,146,0.3028,CNN-GAP
1,147,0.2468,CNN-GAP
1,148,0.2128,CNN-GAP
1,149,0.2418,CNN-GAP
1,150,0.2588,CNN-GAP
1,151,0.2796,CNN-GAP
1,152,0.2796,CNN-GAP
1,153,0.2606,CNN-GAP
1,154,0.2917,CNN-GAP
1,155,0.2778,CNN-GAP
1,156,0.2821,CNN-GAP
1,157,0.2863,CNN-GAP
1,158,0.2669,CNN-GAP
1,159,0.261,CNN-GAP
1,160,0.3074,CNN-GAP
1,161,0.4392,CNN-GAP
1,162,0.3898,CNN-GAP
1,163,0.3642,CNN-GAP
1,164,0.2857,CNN-GAP
1,165,0.2157,CNN-GAP
1,166,0.2142,CNN-GAP
1,167,0.2696,CNN-GAP
1,168,0.3433,CNN-GAP
1,169,0.2996,CNN-GAP
1,170,0.3256,CNN-GAP
1,171,0.4466,CNN-GAP
1,172,0.5345,CNN-GAP
1,173,0.4793,CNN-GAP
1,174,0.4094,CNN-GAP
1,175,0.3485,CNN-GAP
1,176,0.3162,CNN-GAP
1,177,0.3302,CNN-GAP
1,178,0.5298,CNN-GAP
1,179,0.4688,CNN-GAP
1,180,0.4776,CNN-GAP
1,181,0.4526,CNN-GAP
1,182,0.6093,CNN-GAP
1,183,0.5496,CNN-GAP
1,184,0.4065,CNN-GAP
1,185,0.3841,CNN-GAP
1,186,0.3595,CNN-GAP
1,187,0.3753,CNN-GAP
1,188,0.3563,CNN-GAP
1,189,0.2973,CNN-GAP
1,190,0.2796,CNN-GAP
1,191,0.3275,CNN-GAP
1,192,0.6111,CNN-GAP
1,193,0.5262,CNN-GAP
1,194,0.5145,CNN-GAP
1,195,0.3713,CNN-GAP
1,196,0.3466,CNN-GAP
1,197,0.7537,CNN-GAP
1,198,0.4345,CNN-GAP
1,199,0.3648,CNN-GAP
1,200,0.4336,CNN-GAP
1,201,0.4931,CNN-GAP
1,202,0.3996,CNN-GAP
1,203,0.332,CNN-GAP
1,204,0.3272,CNN-GAP
1,205,0.7861,CNN-GAP
1,206,0.7918,CNN-GAP
1,207,0.4184,CNN-GAP
1,208,0.2365,CNN-GAP
1,209,0.247,CNN-GAP
1,210,0.3289,CNN-GAP
1,211,0.3259,CNN-GAP
1,212,0.2386,CNN-GAP
1,213,0.2194,CNN-GAP
1,214,0.3108,CNN-GAP
1,215,0.2775,CNN-GAP
1,216,0.2933,CNN-GAP
1,217,0.276,CNN-GAP
1,218,0.2777,CNN-GAP
1,219,0.2784,CNN-GAP
1,220,0.2479,CNN-GAP
1,221,0.2634,CNN-GAP
1,222,0.2608,CNN-GAP
1,223,0.3537,CNN-GAP
1,224,0.4262,CNN-GAP
1,225,0.4069,CNN-GAP
1,226,0.4104,CNN-GAP
1,227,0.3164,CNN-GAP
1,228,0.3678,CNN-GAP
1,229,0.2977,CNN-GAP
1,230,0.3144,CNN-GAP
1,231,0.2623,CNN-GAP
1,232,0.2057,CNN-GAP
1,233,0.2855,CNN-GAP
1,234,0.3154,CNN-GAP
1,235,0.3136,CNN-GAP
1,236,0.2945,CNN-GAP
1,237,0.2752,CNN-GAP
1,238,0.2769,CNN-GAP
1,239,0.2909,CNN-GAP
1,240,0.2921,CNN-GAP
1,241,0.2743,CNN-GAP
1,242,0.2963,CNN-GAP
1,243,0.3537,CNN-GAP
1,244,0.331,CNN-GAP
1,245,0.3459,CNN-GAP
1,246,0.319,CNN-GAP
1,247,0.2914,CNN-GAP
1,248,0.2866,CNN-GAP
1,249,0.314,CNN-GAP
1,250,0.2879,CNN-GAP
1,251,0.2811,CNN-GAP
1,252,0.2815,CNN-GAP
1,253,0.2867,CNN-GAP
1,254,0.273,CNN-GAP
1,255,0.2764,CNN-GAP
1,256,0.4416,CNN-GAP
1,257,0.545,CNN-GAP
1,258,0.2868,CNN-GAP
1,259,0.2692,CNN-GAP
1,260,0.2515,CNN-GAP
1,261,0.2312,CNN-GAP
1,262,0.2371,CNN-GAP
1,263,0.5975,CNN-GAP
1,264,0.4341,CNN-GAP
1,265,0.3648,CNN-GAP
1,266,0.3305,CNN-GAP
1,267,0.3436,CNN-GAP
1,268,0.3051,CNN-GAP
1,269,0.2973,CNN-GAP
1,270,0.2754,CNN-GAP
1,271,0.2733,CNN-GAP
1,272,0.2831,CNN-GAP
1,273,0.3129,CNN-GAP
1,274,0.29,CNN-GAP
1,275,0.2749,CNN-GAP
1,276,0.2755,CNN-GAP
1,277,0.2713,CNN-GAP
1,278,0.2712,CNN-GAP
1,279,0.2715,CNN-GAP
1,280,0.2851,CNN-GAP
1,281,0.4692,CNN-GAP
1,282,0.3457,CNN-GAP
1,283,0.3475,CNN-GAP
1,284,0.3,CNN-GAP
1,285,0.3091,CNN-GAP
1,286,0.3236,CNN-GAP
1,287,0.2951,CNN-GAP
1,288,0.2822,CNN-GAP
1,289,0.2721,CNN-GAP
1,290,0.2724,CNN-GAP
1,291,0.2706,CNN-GAP
1,292,0.2714,CNN-GAP
1,293,0.2788,CNN-GAP
1,294,0.2752,CNN-GAP
1,295,0.2755,CNN-GAP
1,296,0.2715,CNN-GAP
1,297,0.2695,CNN-GAP
1,298,0.2716,CNN-GAP
1,299,0.304,CNN-GAP
1,300,0.3585,CNN-GAP
1,301,0.44,CNN-GAP
1,302,0.3373,CNN-GAP
1,303,0.3508,CNN-GAP
1,304,0.3007,CNN-GAP
1,305,0.2882,CNN-GAP
1,306,0.5109,CNN-GAP
1,307,0.4213,CNN-GAP
1,308,0.3722,CNN-GAP
1,309,0.4001,CNN-GAP
1,310,0.3414,CNN-GAP
1,311,0.3176,CNN-GAP
1,312,0.2757,CNN-GAP
1,313,0.26,CNN-GAP
1,314,0.2076,CNN-GAP
1,315,0.2576,CNN-GAP
1,316,0.2358,CNN-GAP
1,317,0.2928,CNN-GAP
1,318,0.2296,CNN-GAP
1,319,0.3235,CNN-GAP
1,320,0.4794,CNN-GAP
1,321,0.4258,CNN-GAP
1,322,0.314,CNN-GAP
1,323,0.214,CNN-GAP
1,324,0.2118,CNN-GAP
1,325,0.2235,CNN-GAP
1,326,0.2114,CNN-GAP
1,327,0.2024,CNN-GAP
1,328,0.199,CNN-GAP
1,329,0.1986,CNN-GAP
1,330,0.1955,CNN-GAP
1,331,0.2067,CNN-GAP
1,332,0.1988,CNN-GAP
1,333,0.2311,CNN-GAP
1,334,0.2077,CNN-GAP
1,335,0.1957,CNN-GAP
1,336,0.1952,CNN-GAP
1,337,0.1936,CNN-GAP
1,338,0.1945,CNN-GAP
1,339,0.2363,CNN-GAP
1,340,0.1943,CNN-GAP
1,341,0.2063,CNN-GAP
1,342,0.1948,CNN-GAP
1,343,0.1938,CNN-GAP
1,344,0.1951,CNN-GAP
1,345,0.2603,CNN-GAP
1,346,0.3806,CNN-GAP
1,347,0.3856,CNN-GAP
1,348,0.2302,CNN-GAP
1,349,0.2051,CNN-GAP
1,350,0.215,CNN-GAP
1,351,0.2004,CNN-GAP
1,352,0.2137,CNN-GAP
1,353,0.2119,CNN-GAP
1,354,0.2003,CNN-GAP
1,355,0.1959,CNN-GAP
1,356,0.1963,CNN-GAP
1,357,0.2074,CNN-GAP
1,358,0.1952,CNN-GAP
1,359,0.194,CNN-GAP
1,360,0.1933,CNN-GAP
1,361,0.1925,CNN-GAP
1,362,0.1932,CNN-GAP
1,363,0.1926,CNN-GAP
1,364,0.1925,CNN-GAP
1,365,0.1929,CNN-GAP
1,366,0.1925,CNN-GAP
1,367,0.2,CNN-GAP
1,368,0.1944,CNN-GAP
1,369,0.1933,CNN-GAP
1,370,0.193,CNN-GAP
1,371,0.3832,CNN-GAP
1,372,0.3083,CNN-GAP
1,373,0.4497,CNN-GAP
1,374,0.3937,CNN-GAP
1,375,0.3207,CNN-GAP
1,376,0.2315,CNN-GAP
1,377,0.2798,CNN-GAP
1,378,0.2958,CNN-GAP
1,379,0.2128,CNN-GAP
1,380,0.2046,CNN-GAP
1,381,0.1998,CNN-GAP
1,382,0.21,CNN-GAP
1,383,0.1947,CNN-GAP
1,384,0.1943,CNN-GAP
1,385,0.1936,CNN-GAP
1,386,0.1931,CNN-GAP
1,387,0.1936,CNN-GAP
1,388,0.1936,CNN-GAP
1,389,0.193,CNN-GAP
1,390,0.1966,CNN-GAP
1,391,0.1919,CNN-GAP
1,392,0.1997,CNN-GAP
1,393,0.1925,CNN-GAP
1,394,0.1915,CNN-GAP
1,395,0.1913,CNN-GAP
1,396,0.1963,CNN-GAP
1,397,0.1928,CNN-GAP
1,398,0.2115,CNN-GAP
1,399,0.3905,CNN-GAP
1,400,0.301,CNN-GAP
1,401,0.3589,CNN-GAP
1,402,0.2141,CNN-GAP
1,403,0.2081,CNN-GAP
1,404,0.204,CNN-GAP
1,405,0.1994,CNN-GAP
1,406,0.2401,CNN-GAP
1,407,0.1958,CNN-GAP
1,408,0.1935,CNN-GAP
1,409,0.1926,CNN-GAP
1,410,0.206,CNN-GAP
1,411,0.1934,CNN-GAP
1,412,0.193,CNN-GAP
1,413,0.1932,CNN-GAP
1,414,0.1944,CNN-GAP
1,415,0.1932,CNN-GAP
1,416,0.1932,CNN-GAP
1,417,0.1924,CNN-GAP
1,418,0.1934,CNN-GAP
1,419,0.1932,CNN-GAP
1,420,0.2009,CNN-GAP
1,421,0.195,CNN-GAP
1,422,0.1954,CNN-GAP
1,423,0.2119,CNN-GAP
1,424,0.2107,CNN-GAP
1,425,0.2033,CNN-GAP
1,426,0.2373,CNN-GAP
1,427,0.3497,CNN-GAP
1,428,0.3722,CNN-GAP
1,429,0.2436,CNN-GAP
1,430,0.2023,CNN-GAP
1,431,0.2219,CNN-GAP
1,432,0.2024,CNN-GAP
1,433,0.1966,CNN-GAP
1,434,0.1945,CNN-GAP
1,435,0.1935,CNN-GAP
1,436,0.3043,CNN-GAP
1,437,0.2553,CNN-GAP
1,438,0.2012,CNN-GAP
1,439,0.1969,CNN-GAP
1,440,0.1948,CNN-GAP
1,441,0.1932,CNN-GAP
1,442,0.1933,CNN-GAP
1,443,0.1931,CNN-GAP
1,444,0.1925,CNN-GAP
1,445,0.1925,CNN-GAP
1,446,0.1937,CNN-GAP
1,447,0.2015,CNN-GAP
1,448,0.1953,CNN-GAP
1,449,0.1933,CNN-GAP
1,450,0.1932,CNN-GAP
1,451,0.1934,CNN-GAP
1,452,0.194,CNN-GAP
1,453,0.1934,CNN-GAP
1,454,0.2639,CNN-GAP
1,455,0.3449,CNN-GAP
1,456,0.4469,CNN-GAP
1,457,0.3205,CNN-GAP
1,458,0.2306,CNN-GAP
1,459,0.2461,CNN-GAP
1,460,0.2167,CNN-GAP
1,461,0.2087,CNN-GAP
1,462,0.201,CNN-GAP
1,463,0.1965,CNN-GAP
1,464,0.2087,CNN-GAP
1,465,0.1942,CNN-GAP
1,466,0.1967,CNN-GAP
1,467,0.2603,CNN-GAP
1,468,0.271,CNN-GAP
1,469,0.1997,CNN-GAP
1,470,0.196,CNN-GAP
1,471,0.1936,CNN-GAP
1,472,0.1956,CNN-GAP
1,473,0.204,CNN-GAP
1,474,0.2329,CNN-GAP
1,475,0.1975,CNN-GAP
1,476,0.198,CNN-GAP
1,477,0.196,CNN-GAP
1,478,0.1948,CNN-GAP
1,479,0.194,CNN-GAP
1,480,0.279,CNN-GAP
1,481,0.3507,CNN-GAP
1,482,0.5026,CNN-GAP
1,483,0.3065,CNN-GAP
1,484,0.2572,CNN-GAP
1,485,0.2357,CNN-GAP
1,486,0.2011,CNN-GAP
1,487,0.2083,CNN-GAP
1,488,0.2135,CNN-GAP
1,489,0.2031,CNN-GAP
1,490,0.1954,CNN-GAP
1,491,0.1967,CNN-GAP
1,492,0.2072,CNN-GAP
1,493,0.1953,CNN-GAP
1,494,0.1941,CNN-GAP
1,495,0.1981,CNN-GAP
1,496,0.1958,CNN-GAP
1,497,0.196,CNN-GAP
1,498,0.1947,CNN-GAP
1,499,0.1943,CNN-GAP
1,500,0.1937,CNN-GAP
1,501,0.1946,CNN-GAP
1,502,0.2034,CNN-GAP
1,503,0.1958,CNN-GAP
1,504,0.1938,CNN-GAP
1,505,0.1936,CNN-GAP
1,506,0.1944,CNN-GAP
1,507,0.3189,CNN-GAP
1,508,0.5529,CNN-GAP
1,509,0.5436,CNN-GAP
1,510,0.2473,CNN-GAP
1,511,0.2244,CNN-GAP
1,512,0.2194,CNN-GAP
1,513,0.2189,CNN-GAP
1,514,0.2073,CNN-GAP
1,515,0.1991,CNN-GAP
1,516,0.1931,CNN-GAP
1,517,0.2037,CNN-GAP
1,518,0.1949,CNN-GAP
1,519,0.1926,CNN-GAP
1,520,0.1946,CNN-GAP
1,521,0.1932,CNN-GAP
1,522,0.1939,CNN-GAP
1,523,0.1935,CNN-GAP
1,524,0.1929,CNN-GAP
1,525,0.1932,CNN-GAP
1,526,0.1932,CNN-GAP
1,527,0.1928,CNN-GAP
1,528,0.2026,CNN-GAP
1,529,0.1944,CNN-GAP
1,530,0.1942,CNN-GAP
1,531,0.1931,CNN-GAP
1,532,0.1931,CNN-GAP
1,533,0.2865,CNN-GAP
1,534,0.3688,CNN-GAP
1,535,0.3961,CNN-GAP
1,536,0.2444,CNN-GAP
1,537,0.2668,CNN-GAP
1,538,0.2083,CNN-GAP
1,539,0.2066,CNN-GAP
1,540,0.1993,CNN-GAP
1,541,0.1971,CNN-GAP
1,542,0.1965,CNN-GAP
1,543,0.1952,CNN-GAP
1,544,0.1944,CNN-GAP
1,545,0.2056,CNN-GAP
1,546,0.2043,CNN-GAP
1,547,0.1946,CNN-GAP
1,548,0.1944,CNN-GAP
1,549,0.1942,CNN-GAP
1,550,0.1951,CNN-GAP
1,551,0.2339,CNN-GAP
1,552,0.2275,CNN-GAP
1,553,0.1944,CNN-GAP
1,554,0.1937,CNN-GAP
1,555,0.2134,CNN-GAP
1,556,0.2145,CNN-GAP
1,557,0.3669,CNN-GAP
1,558,0.4263,CNN-GAP
1,559,0.5324,CNN-GAP
1,560,0.4299,CNN-GAP
1,561,0.3522,CNN-GAP
1,562,0.2169,CNN-GAP
1,563,0.2084,CNN-GAP
1,564,0.2067,CNN-GAP
1,565,0.2079,CNN-GAP
1,566,0.2013,CNN-GAP
1,567,0.1988,CNN-GAP
1,568,0.1964,CNN-GAP
1,569,0.3193,CNN-GAP
1,570,0.4216,CNN-GAP
1,571,0.3341,CNN-GAP
1,572,0.3216,CNN-GAP
1,573,0.3619,CNN-GAP
1,574,0.3161,CNN-GAP
1,575,0.3223,CNN-GAP
1,576,0.3085,CNN-GAP
1,577,0.2816,CNN-GAP
1,578,0.3169,CNN-GAP
1,579,0.4334,CNN-GAP
1,580,0.3913,CNN-GAP
1,581,0.3877,CNN-GAP
1,582,0.3448,CNN-GAP
1,583,0.3213,CNN-GAP
1,584,0.347,CNN-GAP
1,585,0.3412,CNN-GAP
1,586,0.3367,CNN-GAP
1,587,0.34,CNN-GAP
1,588,0.295,CNN-GAP
1,589,0.3059,CNN-GAP
1,590,0.3082,CNN-GAP
1,591,0.3287,CNN-GAP
1,592,0.3253,CNN-GAP
1,593,0.3089,CNN-GAP
1,594,0.3064,CNN-GAP
1,595,0.3082,CNN-GAP
1,596,0.3145,CNN-GAP
1,597,0.3668,CNN-GAP
1,598,0.3641,CNN-GAP
1,599,0.3349,CNN-GAP
1,600,0.3356,CNN-GAP
1,601,0.3143,CNN-GAP
1,602,0.324,CNN-GAP
1,603,0.3468,CNN-GAP
1,604,0.3691,CNN-GAP
1,605,0.3234,CNN-GAP
1,606,0.3082,CNN-GAP
1,607,0.3026,CNN-GAP
1,608,0.3054,CNN-GAP
1,609,0.3032,CNN-GAP
1,610,0.3258,CNN-GAP
1,611,0.3141,CNN-GAP
1,612,0.309,CNN-GAP
1,613,0.2989,CNN-GAP
1,614,0.5144,CNN-GAP
1,615,0.4821,CNN-GAP
1,616,0.4849,CNN-GAP
1,617,0.4595,CNN-GAP
1,618,0.351,CNN-GAP
1,619,0.342,CNN-GAP
1,620,0.2985,CNN-GAP
1,621,0.2947,CNN-GAP
1,622,0.3085,CNN-GAP
1,623,0.332,CNN-GAP
1,624,0.3201,CNN-GAP
1,625,0.3071,CNN-GAP
1,626,0.3045,CNN-GAP
1,627,0.304,CNN-GAP
1,628,0.3103,CNN-GAP
1,629,0.3338,CNN-GAP
1,630,0.3606,CNN-GAP
1,631,0.3161,CNN-GAP
1,632,0.3433,CNN-GAP
1,633,0.3789,CNN-GAP
1,634,0.3864,CNN-GAP
1,635,0.3759,CNN-GAP
1,636,0.3395,CNN-GAP
1,637,0.3447,CNN-GAP
1,638,0.3215,CNN-GAP
1,639,0.3164,CNN-GAP
1,640,0.3117,CNN-GAP
1,641,0.3244,CNN-GAP
1,642,0.3148,CNN-GAP
1,643,0.2793,CNN-GAP
1,644,0.2998,CNN-GAP
1,645,0.3074,CNN-GAP
1,646,0.3149,CNN-GAP
1,647,0.343,CNN-GAP
1,648,0.3428,CNN-GAP
1,649,0.304,CNN-GAP
1,650,0.3332,CNN-GAP
1,651,0.3723,CNN-GAP
1,652,0.3507,CNN-GAP
1,653,0.4442,CNN-GAP
1,654,0.3631,CNN-GAP
1,655,0.4593,CNN-GAP
1,656,0.3295,CNN-GAP
1,657,0.2809,CNN-GAP
1,658,0.426,CNN-GAP
1,659,0.4286,CNN-GAP
1,660,0.3854,CNN-GAP
1,661,0.3592,CNN-GAP
1,662,0.41,CNN-GAP
1,663,0.369,CNN-GAP
1,664,0.3865,CNN-GAP
1,665,0.3424,CNN-GAP
1,666,0.3764,CNN-GAP
1,667,0.4437,CNN-GAP
1,668,0.3533,CNN-GAP
1,669,0.4139,CNN-GAP
1,670,0.3309,CNN-GAP
1,671,0.3293,CNN-GAP
1,672,0.3119,CNN-GAP
1,673,0.3626,CNN-GAP
1,674,0.2622,CNN-GAP
1,675,0.2872,CNN-GAP
1,676,0.3112,CNN-GAP
1,677,0.2895,CNN-GAP
1,678,0.281,CNN-GAP
1,679,0.2671,CNN-GAP
1,680,0.2942,CNN-GAP
1,681,0.2769,CNN-GAP
1,682,0.2755,CNN-GAP
1,683,0.2862,CNN-GAP
1,684,0.2956,CNN-GAP
1,685,0.3992,CNN-GAP
1,686,0.3483,CNN-GAP
1,687,0.376,CNN-GAP
1,688,0.3754,CNN-GAP
1,689,0.2947,CNN-GAP
1,690,0.2876,CNN-GAP
1,691,0.2978,CNN-GAP
1,692,0.3084,CNN-GAP
1,693,0.2884,CNN-GAP
1,694,0.2885,CNN-GAP
1,695,0.2787,CNN-GAP
1,696,0.2658,CNN-GAP
1,697,0.2748,CNN-GAP
1,698,0.2743,CNN-GAP
1,699,0.2759,CNN-GAP
1,700,0.2476,CNN-GAP
1,701,0.228,CNN-GAP
1,702,0.2734,CNN-GAP
1,703,0.271,CNN-GAP
1,704,0.269,CNN-GAP
1,705,0.73,CNN-GAP
1,706,0.4992,CNN-GAP
1,707,0.3272,CNN-GAP
1,708,0.3426,CNN-GAP
1,709,0.3477,CNN-GAP
1,710,0.3278,CNN-GAP
1,711,0.3024,CNN-GAP
1,712,0.2838,CNN-GAP
1,713,0.3052,CNN-GAP
1,714,0.3042,CNN-GAP
1,715,0.2867,CNN-GAP
1,716,0.2833,CNN-GAP
1,717,0.2672,CNN-GAP
1,718,0.2808,CNN-GAP
1,719,0.2842,CNN-GAP
1,720,0.3177,CNN-GAP
1,721,0.3312,CNN-GAP
1,722,0.3075,CNN-GAP
1,723,0.3462,CNN-GAP
1,724,0.3206,CNN-GAP
1,725,0.3672,CNN-GAP
1,726,0.3446,CNN-GAP
1,727,0.3541,CNN-GAP
1,728,0.3336,CNN-GAP
1,729,0.33,CNN-GAP
1,730,0.3127,CNN-GAP
1,731,0.3122,CNN-GAP
1,732,0.3059,CNN-GAP
1,733,0.3288,CNN-GAP
1,734,0.3172,CNN-GAP
1,735,0.2977,CNN-GAP
1,736,0.3337,CNN-GAP
1,737,0.3341,CNN-GAP
1,738,0.2947,CNN-GAP
1,739,0.2826,CNN-GAP
1,740,0.4233,CNN-GAP
1,741,0.4791,CNN-GAP
1,742,0.5293,CNN-GAP
1,743,0.3824,CNN-GAP
1,744,0.3279,CNN-GAP
1,745,0.3485,CNN-GAP
1,746,0.2982,CNN-GAP
1,747,0.2122,CNN-GAP
1,748,0.2189,CNN-GAP
1,749,0.2714,CNN-GAP
1,750,0.2806,CNN-GAP
1,751,0.2947,CNN-GAP
1,752,0.6141,CNN-GAP
1,753,0.4068,CNN-GAP
1,754,0.2965,CNN-GAP
1,755,0.2832,CNN-GAP
1,756,0.3135,CNN-GAP
1,757,0.281,CNN-GAP
1,758,0.2871,CNN-GAP
1,759,0.3177,CNN-GAP
1,760,0.376,CNN-GAP
1,761,0.4015,CNN-GAP
1,762,0.4146,CNN-GAP
1,763,0.3338,CNN-GAP
1,764,0.33,CNN-GAP
1,765,0.3828,CNN-GAP
1,766,0.3268,CNN-GAP
1,767,0.4334,CNN-GAP
1,768,0.3224,CNN-GAP
1,769,0.2974,CNN-GAP
1,770,0.2923,CNN-GAP
1,771,0.3064,CNN-GAP
1,772,0.3046,CNN-GAP
1,773,0.3089,CNN-GAP
1,774,0.3383,CNN-GAP
1,775,0.3179,CNN-GAP
1,776,0.3098,CNN-GAP
1,777,0.3891,CNN-GAP
1,778,0.3522,CNN-GAP
1,779,0.3796,CNN-GAP
1,780,0.3591,CNN-GAP
1,781,0.3014,CNN-GAP
1,782,0.3269,CNN-GAP
1,783,0.335,CNN-GAP
1,784,0.3242,CNN-GAP
1,785,0.3191,CNN-GAP
1,786,0.3395,CNN-GAP
1,787,0.3151,CNN-GAP
1,788,0.3133,CNN-GAP
1,789,0.3112,CNN-GAP
1,790,0.3047,CNN-GAP
1,791,0.308,CNN-GAP
1,792,0.3046,CNN-GAP
1,793,0.3143,CNN-GAP
1,794,0.3073,CNN-GAP
1,795,0.3714,CNN-GAP
1,796,0.619,CNN-GAP
1,797,0.338,CNN-GAP
1,798,0.3048,CNN-GAP
1,799,0.2684,CNN-GAP
1,800,0.2215,CNN-GAP
1,801,0.4897,CNN-GAP
1,802,0.3541,CNN-GAP
1,803,0.3533,CNN-GAP
1,804,0.2952,CNN-GAP
1,805,0.2966,CNN-GAP
1,806,0.3313,CNN-GAP
1,807,0.3168,CNN-GAP
1,808,0.3137,CNN-GAP
1,809,0.3127,CNN-GAP
1,810,0.3033,CNN-GAP
1,811,0.3104,CNN-GAP
1,812,0.3091,CNN-GAP
1,813,0.3989,CNN-GAP
1,814,0.3953,CNN-GAP
1,815,0.3864,CNN-GAP
1,816,0.2365,CNN-GAP
1,817,0.2561,CNN-GAP
1,818,0.3083,CNN-GAP
1,819,0.3391,CNN-GAP
1,820,0.3244,CNN-GAP
1,821,0.3143,CNN-GAP
1,822,0.305,CNN-GAP
1,823,0.3053,CNN-GAP
1,824,0.3077,CNN-GAP
1,825,0.3656,CNN-GAP
1,826,0.3695,CNN-GAP
1,827,0.317,CNN-GAP
1,828,0.2821,CNN-GAP
1,829,0.3265,CNN-GAP
1,830,0.3301,CNN-GAP
1,831,0.3598,CNN-GAP
1,832,0.4108,CNN-GAP
1,833,0.3846,CNN-GAP
1,834,0.3864,CNN-GAP
1,835,0.3331,CNN-GAP
1,836,0.4252,CNN-GAP
1,837,0.3629,CNN-GAP
1,838,0.3154,CNN-GAP
1,839,0.2979,CNN-GAP
1,840,0.3126,CNN-GAP
1,841,0.4399,CNN-GAP
1,842,0.6026,CNN-GAP
1,843,0.4018,CNN-GAP
1,844,0.3682,CNN-GAP
1,845,0.2947,CNN-GAP
1,846,0.314,CNN-GAP
1,847,0.2788,CNN-GAP
1,848,0.3801,CNN-GAP
1,849,0.3683,CNN-GAP
1,850,0.4359,CNN-GAP
1,851,0.3433,CNN-GAP
1,852,0.3847,CNN-GAP
1,853,0.4123,CNN-GAP
1,854,0.3618,CNN-GAP
1,855,0.368,CNN-GAP
1,856,0.319,CNN-GAP
1,857,0.3487,CNN-GAP
1,858,0.3124,CNN-GAP
1,859,0.2815,CNN-GAP
1,860,0.2941,CNN-GAP
1,861,0.3122,CNN-GAP
1,862,0.3172,CNN-GAP
1,863,0.3152,CNN-GAP
1,864,0.3336,CNN-GAP
1,865,0.3425,CNN-GAP
1,866,0.3945,CNN-GAP
1,867,0.3812,CNN-GAP
1,868,0.3677,CNN-GAP
1,869,0.3755,CNN-GAP
1,870,0.3061,CNN-GAP
1,871,0.3327,CNN-GAP
1,872,0.3304,CNN-GAP
1,873,0.3208,CNN-GAP
1,874,0.3117,CNN-GAP
1,875,0.3402,CNN-GAP
1,876,0.3178,CNN-GAP
1,877,0.3082,CNN-GAP
1,878,0.3054,CNN-GAP
1,879,0.3061,CNN-GAP
1,880,0.31,CNN-GAP
1,881,0.3136,CNN-GAP
1,882,0.3075,CNN-GAP
1,883,0.3429,CNN-GAP
1,884,0.3831,CNN-GAP
1,885,0.3932,CNN-GAP
1,886,0.3744,CNN-GAP
1,887,0.3853,CNN-GAP
1,888,0.3421,CNN-GAP
1,889,0.341,CNN-GAP
1,890,0.3218,CNN-GAP
1,891,0.3091,CNN-GAP
1,892,0.3006,CNN-GAP
1,893,0.3211,CNN-GAP
1,894,0.3126,CNN-GAP
1,895,0.3089,CNN-GAP
1,896,0.3108,CNN-GAP
1,897,0.3132,CNN-GAP
1,898,0.3102,CNN-GAP
1,899,0.3418,CNN-GAP
1,900,0.3164,CNN-GAP
1,901,0.321,CNN-GAP
1,902,0.3747,CNN-GAP
1,903,0.3431,CNN-GAP
1,904,0.336,CNN-GAP
1,905,0.3536,CNN-GAP
1,906,0.3491,CNN-GAP
1,907,0.3134,CNN-GAP
1,908,0.3101,CNN-GAP
1,909,0.3154,CNN-GAP
1,910,0.3132,CNN-GAP
1,911,0.3351,CNN-GAP
1,912,0.3335,CNN-GAP
1,913,0.3438,CNN-GAP
1,914,0.3143,CNN-GAP
1,915,0.284,CNN-GAP
1,916,0.298,CNN-GAP
1,917,0.3143,CNN-GAP
1,918,0.3381,CNN-GAP
1,919,0.3076,CNN-GAP
1,920,0.3558,CNN-GAP
1,921,0.3528,CNN-GAP
1,922,0.3699,CNN-GAP
1,923,0.3669,CNN-GAP
1,924,0.3341,CNN-GAP
1,925,0.3499,CNN-GAP
1,926,0.2962,CNN-GAP
1,927,0.302,CNN-GAP
1,928,0.3113,CNN-GAP
1,929,0.317,CNN-GAP
1,930,0.4715,CNN-GAP
1,931,0.3206,CNN-GAP
1,932,0.2738,CNN-GAP
1,933,0.2526,CNN-GAP
1,934,0.2503,CNN-GAP
1,935,0.1963,CNN-GAP
1,936,0.346,CNN-GAP
1,937,0.3566,CNN-GAP
1,938,0.2627,CNN-GAP
1,939,0.4564,CNN-GAP
1,940,0.3997,CNN-GAP
1,941,0.4127,CNN-GAP
1,942,0.3498,CNN-GAP
1,943,0.3861,CNN-GAP
1,944,0.3291,CNN-GAP
1,945,0.2703,CNN-GAP
1,946,0.3372,CNN-GAP
1,947,0.2832,CNN-GAP
1,948,0.2772,CNN-GAP
1,949,0.2829,CNN-GAP
1,950,0.245,CNN-GAP
1,951,0.2323,CNN-GAP
1,952,0.279,CNN-GAP
1,953,0.2802,CNN-GAP
1,954,0.2953,CNN-GAP
1,955,0.2774,CNN-GAP
1,956,0.273,CNN-GAP
1,957,0.2739,CNN-GAP
1,958,0.3728,CNN-GAP
1,959,0.3925,CNN-GAP
1,960,0.3996,CNN-GAP
1,961,0.3196,CNN-GAP
1,962,0.2932,CNN-GAP
1,963,0.262,CNN-GAP
1,964,0.2544,CNN-GAP
1,965,0.2911,CNN-GAP
1,966,0.263,CNN-GAP
1,967,0.2745,CNN-GAP
1,968,0.2783,CNN-GAP
1,969,0.2705,CNN-GAP
1,970,0.279,CNN-GAP
1,971,0.278,CNN-GAP
1,972,0.2733,CNN-GAP
1,973,0.2812,CNN-GAP
1,974,0.2904,CNN-GAP
1,975,0.2762,CNN-GAP
1,976,0.3179,CNN-GAP
1,977,0.3331,CNN-GAP
1,978,0.4685,CNN-GAP
1,979,0.4042,CNN-GAP
1,980,0.5879,CNN-GAP
1,981,0.3031,CNN-GAP
1,982,0.2703,CNN-GAP
1,983,0.2746,CNN-GAP
1,984,0.2205,CNN-GAP
1,985,0.205,CNN-GAP
1,986,0.5259,CNN-GAP
1,987,0.426,CNN-GAP
1,988,0.3033,CNN-GAP
1,989,0.2865,CNN-GAP
1,990,0.3214,CNN-GAP
1,991,0.3121,CNN-GAP
1,992,0.3026,CNN-GAP
1,993,0.3017,CNN-GAP
1,994,0.3047,CNN-GAP
1,995,0.3538,CNN-GAP
1,996,0.4016,CNN-GAP
1,997,0.3695,CNN-GAP
1,998,0.3601,CNN-GAP
1,999,0.3445,CNN-GAP
1,1000,0.2728,CNN-GAP
2,1,0.2021,CNN-GAP
2,2,0.206,CNN-GAP
2,3,0.2053,CNN-GAP
2,4,0.2008,CNN-GAP
2,5,0.1967,CNN-GAP
2,6,0.194,CNN-GAP
2,7,0.2067,CNN-GAP
2,8,0.2525,CNN-GAP
2,9,0.2792,CNN-GAP
2,10,0.2699,CNN-GAP
2,11,0.2018,CNN-GAP
2,12,0.1947,CNN-GAP
2,13,0.1933,CNN-GAP
2,14,0.1941,CNN-GAP
2,15,0.1935,CNN-GAP
2,16,0.2051,CNN-GAP
2,17,0.1944,CNN-GAP
2,18,0.1951,CNN-GAP
2,19,0.1927,CNN-GAP
2,20,0.1922,CNN-GAP
2,21,0.1916,CNN-GAP
2,22,0.1923,CNN-GAP
2,23,0.1924,CNN-GAP
2,24,0.2839,CNN-GAP
2,25,0.4469,CNN-GAP
2,26,0.4283,CNN-GAP
2,27,0.2659,CNN-GAP
2,28,0.248,CNN-GAP
2,29,0.2367,CNN-GAP
2,30,0.2039,CNN-GAP
2,31,0.2095,CNN-GAP
2,32,0.1972,CNN-GAP
2,33,0.195,CNN-GAP
2,34,0.1933,CNN-GAP
2,35,0.1927,CNN-GAP
2,36,0.1917,CNN-GAP
2,37,0.1923,CNN-GAP
2,38,0.192,CNN-GAP
2,39,0.1919,CNN-GAP
2,40,0.1911,CNN-GAP
2,41,0.1982,CNN-GAP
2,42,0.2386,CNN-GAP
2,43,0.3099,CNN-GAP
2,44,0.2001,CNN-GAP
2,45,0.1936,CNN-GAP
2,46,0.1927,CNN-GAP
2,47,0.1923,CNN-GAP
2,48,0.1918,CNN-GAP
2,49,0.1925,CNN-GAP
2,50,0.2319,CNN-GAP
2,51,0.3592,CNN-GAP
2,52,0.3781,CNN-GAP
2,53,0.3078,CNN-GAP
2,54,0.2053,CNN-GAP
2,55,0.2101,CNN-GAP
2,56,0.2049,CNN-GAP
2,57,0.2505,CNN-GAP
2,58,0.2144,CNN-GAP
2,59,0.1965,CNN-GAP
2,60,0.194,CNN-GAP
2,61,0.1929,CNN-GAP
2,62,0.1923,CNN-GAP
2,63,0.1922,CNN-GAP
2,64,0.1921,CNN-GAP
2,65,0.193,CNN-GAP
2,66,0.2785,CNN-GAP
2,67,0.3158,CNN-GAP
2,68,0.2058,CNN-GAP
2,69,0.1958,CNN-GAP
2,70,0.1956,CNN-GAP
2,71,0.1939,CNN-GAP
2,72,0.1934,CNN-GAP
2,73,0.1938,CNN-GAP
2,74,0.1934,CNN-GAP
2,75,0.193,CNN-GAP
2,76,0.1935,CNN-GAP
2,77,0.2934,CNN-GAP
2,78,0.3231,CNN-GAP
2,79,0.3751,CNN-GAP
2,80,0.2352,CNN-GAP
2,81,0.2019,CNN-GAP
2,82,0.2069,CNN-GAP
2,83,0.366,CNN-GAP
2,84,0.3767,CNN-GAP
2,85,0.2337,CNN-GAP
2,86,0.2004,CNN-GAP
2,87,0.2025,CNN-GAP
2,88,0.1929,CNN-GAP
2,89,0.1923,CNN-GAP
2,90,0.1916,CNN-GAP
2,91,0.1913,CNN-GAP
2,92,0.1936,CNN-GAP
2,93,0.2066,CNN-GAP
2,94,0.1972,CNN-GAP
2,95,0.1937,CNN-GAP
2,96,0.2052,CNN-GAP
2,97,0.2401,CNN-GAP
2,98,0.2659,CNN-GAP
2,99,0.2031,CNN-GAP
2,100,0.1966,CNN-GAP
2,101,0.1943,CNN-GAP
2,102,0.1961,CNN-GAP
2,103,0.3233,CNN-GAP
2,104,0.3304,CNN-GAP
2,105,0.3894,CNN-GAP
2,106,0.2746,CNN-GAP
2,107,0.3235,CNN-GAP
2,108,0.3229,CNN-GAP
2,109,0.2371,CNN-GAP
2,110,0.2111,CNN-GAP
2,111,0.2003,CNN-GAP
2,112,0.1955,CNN-GAP
2,113,0.1944,CNN-GAP
2,114,0.196,CNN-GAP
2,115,0.194,CNN-GAP
2,116,0.1938,CNN-GAP
2,117,0.1944,CNN-GAP
2,118,0.1937,CNN-GAP
2,119,0.2016,CNN-GAP
2,120,0.1943,CNN-GAP
2,121,0.1931,CNN-GAP
2,122,0.2302,CNN-GAP
2,123,0.2023,CNN-GAP
2,124,0.1942,CNN-GAP
2,125,0.193,CNN-GAP
2,126,0.202,CNN-GAP
2,127,0.1965,CNN-GAP
2,128,0.1933,CNN-GAP
2,129,0.2581,CNN-GAP
2,130,0.3936,CNN-GAP
2,131,0.3916,CNN-GAP
2,132,0.2614,CNN-GAP
2,133,0.2041,CNN-GAP
2,134,0.1999,CNN-GAP
2,135,0.2135,CNN-GAP
2,136,0.2785,CNN-GAP
2,137,0.2047,CNN-GAP
2,138,0.1979,CNN-GAP
2,139,0.2151,CNN-GAP
2,140,0.2137,CNN-GAP
2,141,0.1974,CNN-GAP
2,142,0.194,CNN-GAP
2,143,0.1924,CNN-GAP
2,144,0.1923,CNN-GAP
2,145,0.1929,CNN-GAP
2,146,0.203,CNN-GAP
2,147,0.1938,CNN-GAP
2,148,0.1932,CNN-GAP
2,149,0.1931,CNN-GAP
2,150,0.1933,CNN-GAP
2,151,0.1937,CNN-GAP
2,152,0.193,CNN-GAP
2,153,0.1935,CNN-GAP
2,154,0.2012,CNN-GAP
2,155,0.1943,CNN-GAP
2,156,0.2062,CNN-GAP
2,157,0.3944,CNN-GAP
2,158,0.3279,CNN-GAP
2,159,0.3212,CNN-GAP
2,160,0.208,CNN-GAP
2,161,0.2111,CNN-GAP
2,162,0.2116,CNN-GAP
2,163,0.2038,CNN-GAP
2,164,0.2141,CNN-GAP
2,165,0.1969,CNN-GAP
2,166,0.1945,CNN-GAP
2,167,0.1949,CNN-GAP
2,168,0.1931,CNN-GAP
2,169,0.1955,CNN-GAP
2,170,0.1941,CNN-GAP
2,171,0.1938,CNN-GAP
2,172,0.194,CNN-GAP
2,173,0.1941,CNN-GAP
2,174,0.2028,CNN-GAP
2,175,0.1952,CNN-GAP
2,176,0.2972,CNN-GAP
2,177,0.3785,CNN-GAP
2,178,0.2279,CNN-GAP
2,179,0.2168,CNN-GAP
2,180,0.1994,CNN-GAP
2,181,0.1979,CNN-GAP
2,182,0.1952,CNN-GAP
2,183,0.2082,CNN-GAP
2,184,0.45,CNN-GAP
2,185,0.4724,CNN-GAP
2,186,0.4061,CNN-GAP
2,187,0.2164,CNN-GAP
2,188,0.3027,CNN-GAP
2,189,0.3293,CNN-GAP
2,190,0.2196,CNN-GAP
2,191,0.2011,CNN-GAP
2,192,0.1963,CNN-GAP
2,193,0.1956,CNN-GAP
2,194,0.1942,CNN-GAP
2,195,0.1938,CNN-GAP
2,196,0.1934,CNN-GAP
2,197,0.2061,CNN-GAP
2,198,0.2041,CNN-GAP
2,199,0.1946,CNN-GAP
2,200,0.1938,CNN-GAP
2,201,0.196,CNN-GAP
2,202,0.1937,CNN-GAP
2,203,0.1936,CNN-GAP
2,204,0.1984,CNN-GAP
2,205,0.192,CNN-GAP
2,206,0.1936,CNN-GAP
2,207,0.2032,CNN-GAP
2,208,0.2056,CNN-GAP
2,209,0.379,CNN-GAP
2,210,0.3379,CNN-GAP
2,211,0.3008,CNN-GAP
2,212,0.2069,CNN-GAP
2,213,0.2048,CNN-GAP
2,214,0.2003,CNN-GAP
2,215,0.2184,CNN-GAP
2,216,0.2159,CNN-GAP
2,217,0.1992,CNN-GAP
2,218,0.1938,CNN-GAP
2,219,0.1968,CNN-GAP
2,220,0.1939,CNN-GAP
2,221,0.1932,CNN-GAP
2,222,0.1933,CNN-GAP
2,223,0.194,CNN-GAP
2,224,0.1928,CNN-GAP
2,225,0.2032,CNN-GAP
2,226,0.2045,CNN-GAP
2,227,0.1949,CNN-GAP
2,228,0.2076,CNN-GAP
2,229,0.2027,CNN-GAP
2,230,0.1931,CNN-GAP
2,231,0.1931,CNN-GAP
2,232,0.1927,CNN-GAP
2,233,0.2039,CNN-GAP
2,234,0.1932,CNN-GAP
2,235,0.2052,CNN-GAP
2,236,0.1958,CNN-GAP
2,237,0.3559,CNN-GAP
2,238,0.3289,CNN-GAP
2,239,0.3116,CNN-GAP
2,240,0.2064,CNN-GAP
2,241,0.426,CNN-GAP
2,242,0.3005,CNN-GAP
2,243,0.2166,CNN-GAP
2,244,0.334,CNN-GAP
2,245,0.2661,CNN-GAP
2,246,0.2477,CNN-GAP
2,247,0.2429,CNN-GAP
2,248,0.3672,CNN-GAP
2,249,0.2162,CNN-GAP
2,250,0.2077,CNN-GAP
2,251,0.2306,CNN-GAP
2,252,0.2006,CNN-GAP
2,253,0.1951,CNN-GAP
2,254,0.1978,CNN-GAP
2,255,0.1911,CNN-GAP
2,256,0.1912,CNN-GAP
2,257,0.1921,CNN-GAP
2,258,0.1911,CNN-GAP
2,259,0.1914,CNN-GAP
2,260,0.1993,CNN-GAP
2,261,0.328,CNN-GAP
2,262,0.321,CNN-GAP
2,263,0.3174,CNN-GAP
2,264,0.3085,CNN-GAP
2,265,0.2063,CNN-GAP
2,266,0.2055,CNN-GAP
2,267,0.2117,CNN-GAP
2,268,0.2142,CNN-GAP
2,269,0.2018,CNN-GAP
2,270,0.3125,CNN-GAP
2,271,0.2541,CNN-GAP
2,272,0.2018,CNN-GAP
2,273,0.1938,CNN-GAP
2,274,0.1921,CNN-GAP
2,275,0.1933,CNN-GAP
2,276,0.1932,CNN-GAP
2,277,0.2028,CNN-GAP
2,278,0.1926,CNN-GAP
2,279,0.192,CNN-GAP
2,280,0.1922,CNN-GAP
2,281,0.1912,CNN-GAP
2,282,0.1916,CNN-GAP
2,283,0.1918,CNN-GAP
2,284,0.1927,CNN-GAP
2,285,0.1925,CNN-GAP
2,286,0.1906,CNN-GAP
2,287,0.1986,CNN-GAP
2,288,0.3004,CNN-GAP
2,289,0.4,CNN-GAP
2,290,0.3605,CNN-GAP
2,291,0.2339,CNN-GAP
2,292,0.2077,CNN-GAP
2,293,0.4059,CNN-GAP
2,294,0.3092,CNN-GAP
2,295,0.2061,CNN-GAP
2,296,0.1973,CNN-GAP
2,297,0.1953,CNN-GAP
2,298,0.1955,CNN-GAP
2,299,0.1941,CNN-GAP
2,300,0.1935,CNN-GAP
2,301,0.1932,CNN-GAP
2,302,0.194,CNN-GAP
2,303,0.2055,CNN-GAP
2,304,0.1955,CNN-GAP
2,305,0.1954,CNN-GAP
2,306,0.1961,CNN-GAP
2,307,0.1956,CNN-GAP
2,308,0.1953,CNN-GAP
2,309,0.1948,CNN-GAP
2,310,0.4278,CNN-GAP
2,311,0.258,CNN-GAP
2,312,0.2484,CNN-GAP
2,313,0.2948,CNN-GAP
2,314,0.3428,CNN-GAP
2,315,0.4389,CNN-GAP
2,316,0.3349,CNN-GAP
2,317,0.2178,CNN-GAP
2,318,0.217,CNN-GAP
2,319,0.2111,CNN-GAP
2,320,0.2029,CNN-GAP
2,321,0.2015,CNN-GAP
2,322,0.2078,CNN-GAP
2,323,0.1955,CNN-GAP
2,324,0.194,CNN-GAP
2,325,0.1932,CNN-GAP
2,326,0.1937,CNN-GAP
2,327,0.1929,CNN-GAP
2,328,0.1929,CNN-GAP
2,329,0.1978,CNN-GAP
2,330,0.1942,CNN-GAP
2,331,0.1923,CNN-GAP
2,332,0.1986,CNN-GAP
2,333,0.195,CNN-GAP
2,334,0.1925,CNN-GAP
2,335,0.1934,CNN-GAP
2,336,0.1939,CNN-GAP
2,337,0.1933,CNN-GAP
2,338,0.1929,CNN-GAP
2,339,0.1931,CNN-GAP
2,340,0.274,CNN-GAP
2,341,0.3888,CNN-GAP
2,342,0.3182,CNN-GAP
2,343,0.2124,CNN-GAP
2,344,0.2005,CNN-GAP
2,345,0.1995,CNN-GAP
2,346,0.2012,CNN-GAP
2,347,0.208,CNN-GAP
2,348,0.205,CNN-GAP
2,349,0.1925,CNN-GAP
2,350,0.193,CNN-GAP
2,351,0.2067,CNN-GAP
2,352,0.1919,CNN-GAP
2,353,0.1931,CNN-GAP
2,354,0.1927,CNN-GAP
2,355,0.1919,CNN-GAP
2,356,0.1919,CNN-GAP
2,357,0.1915,CNN-GAP
2,358,0.1908,CNN-GAP
2,359,0.207,CNN-GAP
2,360,0.2833,CNN-GAP
2,361,0.2616,CNN-GAP
2,362,0.2966,CNN-GAP
2,363,0.2732,CNN-GAP
2,364,0.1984,CNN-GAP
2,365,0.1936,CNN-GAP
2,366,0.1935,CNN-GAP
2,367,0.286,CNN-GAP
2,368,0.4262,CNN-GAP
2,369,0.3704,CNN-GAP
2,370,0.2366,CNN-GAP
2,371,0.2024,CNN-GAP
2,372,0.2082,CNN-GAP
2,373,0.2148,CNN-GAP
2,374,0.2055,CNN-GAP
2,375,0.1998,CNN-GAP
2,376,0.3182,CNN-GAP
2,377,0.2723,CNN-GAP
2,378,0.1986,CNN-GAP
2,379,0.2156,CNN-GAP
2,380,0.1947,CNN-GAP
2,381,0.1922,CNN-GAP
2,382,0.1925,CNN-GAP
2,383,0.1916,CNN-GAP
2,384,0.1932,CNN-GAP
2,385,0.2365,CNN-GAP
2,386,0.198,CNN-GAP
2,387,0.1927,CNN-GAP
2,388,0.1927,CNN-GAP
2,389,0.1927,CNN-GAP
2,390,0.1924,CNN-GAP
2,391,0.1918,CNN-GAP
2,392,0.1942,CNN-GAP
2,393,0.1937,CNN-GAP
2,394,0.3235,CNN-GAP
2,395,0.3464,CNN-GAP
2,396,0.3564,CNN-GAP
2,397,0.2763,CNN-GAP
2,398,0.206,CNN-GAP
2,399,0.2594,CNN-GAP
2,400,0.3168,CNN-GAP
2,401,0.2608,CNN-GAP
2,402,0.3346,CNN-GAP
2,403,0.2945,CNN-GAP
2,404,0.2024,CNN-GAP
2,405,0.195,CNN-GAP
2,406,0.197,CNN-GAP
2,407,0.1936,CNN-GAP
2,408,0.1933,CNN-GAP
2,409,0.1952,CNN-GAP
2,410,0.1953,CNN-GAP
2,411,0.205,CNN-GAP
2,412,0.1933,CNN-GAP
2,413,0.1954,CNN-GAP
2,414,0.1929,CNN-GAP
2,415,0.1932,CNN-GAP
2,416,0.1937,CNN-GAP
2,417,0.1936,CNN-GAP
2,418,0.1922,CNN-GAP
2,419,0.2401,CNN-GAP
2,420,0.4191,CNN-GAP
2,421,0.4602,CNN-GAP
2,422,0.4101,CNN-GAP
2,423,0.2502,CNN-GAP
2,424,0.2659,CNN-GAP
2,425,0.3362,CNN-GAP
2,426,0.387,CNN-GAP
2,427,0.3486,CNN-GAP
2,428,0.2465,CNN-GAP
2,429,0.1995,CNN-GAP
2,430,0.1965,CNN-GAP
2,431,0.1933,CNN-GAP
2,432,0.1932,CNN-GAP
2,433,0.1954,CNN-GAP
2,434,0.2044,CNN-GAP
2,435,0.1958,CNN-GAP
2,436,0.1961,CNN-GAP
2,437,0.1937,CNN-GAP
2,438,0.1922,CNN-GAP
2,439,0.3642,CNN-GAP
2,440,0.3661,CNN-GAP
2,441,0.3177,CNN-GAP
2,442,0.3803,CNN-GAP
2,443,0.3589,CNN-GAP
2,444,0.3744,CNN-GAP
2,445,0.223,CNN-GAP
2,446,0.2087,CNN-GAP
2,447,0.2166,CNN-GAP
2,448,0.2128,CNN-GAP
2,449,0.2038,CNN-GAP
2,450,0.2003,CNN-GAP
2,451,0.1962,CNN-GAP
2,452,0.1941,CNN-GAP
2,453,0.2053,CNN-GAP
2,454,0.1952,CNN-GAP
2,455,0.193,CNN-GAP
2,456,0.2056,CNN-GAP
2,457,0.1931,CNN-GAP
2,458,0.1943,CNN-GAP
2,459,0.2384,CNN-GAP
2,460,0.2034,CNN-GAP
2,461,0.1949,CNN-GAP
2,462,0.1941,CNN-GAP
2,463,0.2041,CNN-GAP
2,464,0.1946,CNN-GAP
2,465,0.1944,CNN-GAP
2,466,0.194,CNN-GAP
2,467,0.194,CNN-GAP
2,468,0.2556,CNN-GAP
2,469,0.3011,CNN-GAP
2,470,0.3515,CNN-GAP
2,471,0.2275,CNN-GAP
2,472,0.2019,CNN-GAP
2,473,0.1999,CNN-GAP
2,474,0.196,CNN-GAP
2,475,0.2054,CNN-GAP
2,476,0.2005,CNN-GAP
2,477,0.1946,CNN-GAP
2,478,0.193,CNN-GAP
2,479,0.194,CNN-GAP
2,480,0.194,CNN-GAP
2,481,0.2011,CNN-GAP
2,482,0.1948,CNN-GAP
2,483,0.1988,CNN-GAP
2,484,0.2171,CNN-GAP
2,485,0.241,CNN-GAP
2,486,0.3297,CNN-GAP
2,487,0.2845,CNN-GAP
2,488,0.2286,CNN-GAP
2,489,0.2513,CNN-GAP
2,490,0.1995,CNN-GAP
2,491,0.1943,CNN-GAP
2,492,0.1926,CNN-GAP
2,493,0.1926,CNN-GAP
2,494,0.1937,CNN-GAP
2,495,0.303,CNN-GAP
2,496,0.3407,CNN-GAP
2,497,0.3976,CNN-GAP
2,498,0.2408,CNN-GAP
2,499,0.2062,CNN-GAP
2,500,0.2644,CNN-GAP
2,501,0.2616,CNN-GAP
2,502,0.2358,CNN-GAP
2,503,0.2083,CNN-GAP
2,504,0.2017,CNN-GAP
2,505,0.354,CNN-GAP
2,506,0.2632,CNN-GAP
2,507,0.2475,CNN-GAP
2,508,0.2838,CNN-GAP
2,509,0.2474,CNN-GAP
2,510,0.2213,CNN-GAP
2,511,0.2592,CNN-GAP
2,512,0.3343,CNN-GAP
2,513,0.2908,CNN-GAP
2,514,0.262,CNN-GAP
2,515,0.1943,CNN-GAP
2,516,0.195,CNN-GAP
2,517,0.1939,CNN-GAP
2,518,0.2813,CNN-GAP
2,519,0.3637,CNN-GAP
2,520,0.351,CNN-GAP
2,521,0.2888,CNN-GAP
2,522,0.2276,CNN-GAP
2,523,0.2684,CNN-GAP
2,524,0.2969,CNN-GAP
2,525,0.303,CNN-GAP
2,526,0.2741,CNN-GAP
2,527,0.2528,CNN-GAP
2,528,0.1973,CNN-GAP
2,529,0.194,CNN-GAP
2,530,0.1928,CNN-GAP
2,531,0.1922,CNN-GAP
2,532,0.1932,CNN-GAP
2,533,0.1938,CNN-GAP
2,534,0.2051,CNN-GAP
2,535,0.1941,CNN-GAP
2,536,0.1924,CNN-GAP
2,537,0.1938,CNN-GAP
2,538,0.1923,CNN-GAP
2,539,0.1918,CNN-GAP
2,540,0.1964,CNN-GAP
2,541,0.1941,CNN-GAP
2,542,0.1952,CNN-GAP
2,543,0.1951,CNN-GAP
2,544,0.252,CNN-GAP
2,545,0.3515,CNN-GAP
2,546,0.3695,CNN-GAP
2,547,0.309,CNN-GAP
2,548,0.2098,CNN-GAP
2,549,0.1991,CNN-GAP
2,550,0.2123,CNN-GAP
2,551,0.2199,CNN-GAP
2,552,0.2016,CNN-GAP
2,553,0.1973,CNN-GAP
2,554,0.1947,CNN-GAP
2,555,0.1934,CNN-GAP
2,556,0.1927,CNN-GAP
2,557,0.1928,CNN-GAP
2,558,0.1928,CNN-GAP
2,559,0.1927,CNN-GAP
2,560,0.1933,CNN-GAP
2,561,0.2011,CNN-GAP
2,562,0.1921,CNN-GAP
2,563,0.193,CNN-GAP
2,564,0.1926,CNN-GAP
2,565,0.1931,CNN-GAP
2,566,0.1939,CNN-GAP
2,567,0.2005,CNN-GAP
2,568,0.2012,CNN-GAP
2,569,0.2111,CNN-GAP
2,570,0.378,CNN-GAP
2,571,0.3308,CNN-GAP
2,572,0.3097,CNN-GAP
2,573,0.402,CNN-GAP
2,574,0.2845,CNN-GAP
2,575,0.2044,CNN-GAP
2,576,0.2059,CNN-GAP
2,577,0.2198,CNN-GAP
2,578,0.2134,CNN-GAP
2,579,0.2034,CNN-GAP
2,580,0.1997,CNN-GAP
2,581,0.1952,CNN-GAP
2,582,0.1965,CNN-GAP
2,583,0.1945,CNN-GAP
2,584,0.1946,CNN-GAP
2,585,0.1972,CNN-GAP
2,586,0.1972,CNN-GAP
2,587,0.2059,CNN-GAP
2,588,0.1966,CNN-GAP
2,589,0.1944,CNN-GAP
2,590,0.1939,CNN-GAP
2,591,0.1954,CNN-GAP
2,592,0.1945,CNN-GAP
2,593,0.1946,CNN-GAP
2,594,0.1941,CNN-GAP
2,595,0.1939,CNN-GAP
2,596,0.1948,CNN-GAP
2,597,0.2013,CNN-GAP
2,598,0.195,CNN-GAP
2,599,0.3249,CNN-GAP
2,600,0.326,CNN-GAP
2,601,0.324,CNN-GAP
2,602,0.2116,CNN-GAP
2,603,0.1995,CNN-GAP
2,604,0.1985,CNN-GAP
2,605,0.216,CNN-GAP
2,606,0.2102,CNN-GAP
2,607,0.2,CNN-GAP
2,608,0.1934,CNN-GAP
2,609,0.1941,CNN-GAP
2,610,0.1939,CNN-GAP
2,611,0.1926,CNN-GAP
2,612,0.192,CNN-GAP
2,613,0.2148,CNN-GAP
2,614,0.2678,CNN-GAP
2,615,0.2404,CNN-GAP
2,616,0.1964,CNN-GAP
2,617,0.194,CNN-GAP
2,618,0.1949,CNN-GAP
2,619,0.1929,CNN-GAP
2,620,0.194,CNN-GAP
2,621,0.1936,CNN-GAP
2,622,0.1923,CNN-GAP
2,623,0.1923,CNN-GAP
2,624,0.1922,CNN-GAP
2,625,0.2008,CNN-GAP
2,626,0.1931,CNN-GAP
2,627,0.2997,CNN-GAP
2,628,0.3969,CNN-GAP
2,629,0.3281,CNN-GAP
2,630,0.2137,CNN-GAP
2,631,0.1993,CNN-GAP
2,632,0.2057,CNN-GAP
2,633,0.2232,CNN-GAP
2,634,0.2002,CNN-GAP
2,635,0.1977,CNN-GAP
2,636,0.1947,CNN-GAP
2,637,0.1933,CNN-GAP
2,638,0.1942,CNN-GAP
2,639,0.1945,CNN-GAP
2,640,0.4243,CNN-GAP
2,641,0.214,CNN-GAP
2,642,0.1999,CNN-GAP
2,643,0.2098,CNN-GAP
2,644,0.1982,CNN-GAP
2,645,0.1968,CNN-GAP
2,646,0.1953,CNN-GAP
2,647,0.2449,CNN-GAP
2,648,0.3117,CNN-GAP
2,649,0.2887,CNN-GAP
2,650,0.2858,CNN-GAP
2,651,0.2828,CNN-GAP
2,652,0.3868,CNN-GAP
2,653,0.2976,CNN-GAP
2,654,0.3541,CNN-GAP
2,655,0.2755,CNN-GAP
2,656,0.2366,CNN-GAP
2,657,0.2176,CNN-GAP
2,658,0.2035,CNN-GAP
2,659,0.2008,CNN-GAP
2,660,0.1962,CNN-GAP
2,661,0.2103,CNN-GAP
2,662,0.1936,CNN-GAP
2,663,0.1927,CNN-GAP
2,664,0.191,CNN-GAP
2,665,0.1917,CNN-GAP
2,666,0.192,CNN-GAP
2,667,0.1917,CNN-GAP
2,668,0.1918,CNN-GAP
2,669,0.1916,CNN-GAP
2,670,0.1913,CNN-GAP
2,671,0.1912,CNN-GAP
2,672,0.2018,CNN-GAP
2,673,0.1968,CNN-GAP
2,674,0.1952,CNN-GAP
2,675,0.1934,CNN-GAP
2,676,0.1932,CNN-GAP
2,677,0.1941,CNN-GAP
2,678,0.1928,CNN-GAP
2,679,0.204,CNN-GAP
2,680,0.3898,CNN-GAP
2,681,0.374,CNN-GAP
2,682,0.2551,CNN-GAP
2,683,0.2029,CNN-GAP
2,684,0.2071,CNN-GAP
2,685,0.2057,CNN-GAP
2,686,0.1994,CNN-GAP
2,687,0.1964,CNN-GAP
2,688,0.1939,CNN-GAP
2,689,0.1927,CNN-GAP
2,690,0.2063,CNN-GAP
2,691,0.2028,CNN-GAP
2,692,0.1936,CNN-GAP
2,693,0.2003,CNN-GAP
2,694,0.1975,CNN-GAP
2,695,0.1932,CNN-GAP
2,696,0.1947,CNN-GAP
2,697,0.1928,CNN-GAP
2,698,0.1932,CNN-GAP
2,699,0.1928,CNN-GAP
2,700,0.2026,CNN-GAP
2,701,0.1942,CNN-GAP
2,702,0.194,CNN-GAP
2,703,0.2144,CNN-GAP
2,704,0.3053,CNN-GAP
2,705,0.2249,CNN-GAP
2,706,0.1972,CNN-GAP
2,707,0.2698,CNN-GAP
2,708,0.4909,CNN-GAP
2,709,0.3659,CNN-GAP
2,710,0.2578,CNN-GAP
2,711,0.223,CNN-GAP
2,712,0.2089,CNN-GAP
2,713,0.2241,CNN-GAP
2,714,0.2104,CNN-GAP
2,715,0.4567,CNN-GAP
2,716,0.4278,CNN-GAP
2,717,0.4127,CNN-GAP
2,718,0.4685,CNN-GAP
2,719,0.4622,CNN-GAP
2,720,0.4174,CNN-GAP
2,721,0.3106,CNN-GAP
2,722,0.3249,CNN-GAP
2,723,0.3029,CNN-GAP
2,724,0.3111,CNN-GAP
2,725,0.3674,CNN-GAP
2,726,0.3529,CNN-GAP
2,727,0.3559,CNN-GAP
2,728,0.3787,CNN-GAP
2,729,0.3291,CNN-GAP
2,730,0.3307,CNN-GAP
2,731,0.3464,CNN-GAP
2,732,0.3188,CNN-GAP
2,733,0.344,CNN-GAP
2,734,0.3329,CNN-GAP
2,735,0.3102,CNN-GAP
2,736,0.3045,CNN-GAP
2,737,0.2794,CNN-GAP
2,738,0.3004,CNN-GAP
2,739,0.3078,CNN-GAP
2,740,0.3118,CNN-GAP
2,741,0.3076,CNN-GAP
2,742,0.3117,CNN-GAP
2,743,0.3244,CNN-GAP
2,744,0.3644,CNN-GAP
2,745,0.3493,CNN-GAP
2,746,0.3751,CNN-GAP
2,747,0.3295,CNN-GAP
2,748,0.3103,CNN-GAP
2,749,0.3177,CNN-GAP
2,750,0.3157,CNN-GAP
2,751,0.3037,CNN-GAP
2,752,0.3155,CNN-GAP
2,753,0.3278,CNN-GAP
2,754,0.3056,CNN-GAP
2,755,0.3084,CNN-GAP
2,756,0.4803,CNN-GAP
2,757,0.3997,CNN-GAP
2,758,0.3537,CNN-GAP
2,759,0.2921,CNN-GAP
2,760,0.3083,CNN-GAP
2,761,0.3561,CNN-GAP
2,762,0.3553,CNN-GAP
2,763,0.382,CNN-GAP
2,764,0.3986,CNN-GAP
2,765,0.3342,CNN-GAP
2,766,0.3384,CNN-GAP
2,767,0.3405,CNN-GAP
2,768,0.2933,CNN-GAP
2,769,0.2814,CNN-GAP
2,770,0.21,CNN-GAP
2,771,0.2414,CNN-GAP
2,772,0.2827,CNN-GAP
2,773,0.284,CNN-GAP
2,774,0.2817,CNN-GAP
2,775,0.2723,CNN-GAP
2,776,0.279,CNN-GAP
2,777,0.2739,CNN-GAP
2,778,0.2798,CNN-GAP
2,779,0.2813,CNN-GAP
2,780,0.2861,CNN-GAP
2,781,0.364,CNN-GAP
2,782,0.4111,CNN-GAP
2,783,0.3901,CNN-GAP
2,784,0.3078,CNN-GAP
2,785,0.2934,CNN-GAP
2,786,0.2959,CNN-GAP
2,787,0.3197,CNN-GAP
2,788,0.2775,CNN-GAP
2,789,0.2771,CNN-GAP
2,790,0.2731,CNN-GAP
2,791,0.2813,CNN-GAP
2,792,0.272,CNN-GAP
2,793,0.289,CNN-GAP
2,794,0.2814,CNN-GAP
2,795,0.222,CNN-GAP
2,796,0.2444,CNN-GAP
2,797,0.2952,CNN-GAP
2,798,0.2796,CNN-GAP
2,799,0.2803,CNN-GAP
2,800,0.2926,CNN-GAP
2,801,0.3187,CNN-GAP
2,802,0.4272,CNN-GAP
2,803,0.4049,CNN-GAP
2,804,0.3478,CNN-GAP
2,805,0.2945,CNN-GAP
2,806,0.5195,CNN-GAP
2,807,0.3824,CNN-GAP
2,808,0.3845,CNN-GAP
2,809,0.3586,CNN-GAP
2,810,0.3376,CNN-GAP
2,811,0.3083,CNN-GAP
2,812,0.3096,CNN-GAP
2,813,0.3103,CNN-GAP
2,814,0.3051,CNN-GAP
2,815,0.2986,CNN-GAP
2,816,0.3036,CNN-GAP
2,817,0.3299,CNN-GAP
2,818,0.2862,CNN-GAP
2,819,0.3629,CNN-GAP
2,820,0.3477,CNN-GAP
2,821,0.3616,CNN-GAP
2,822,0.3585,CNN-GAP
2,823,0.3351,CNN-GAP
2,824,0.3052,CNN-GAP
2,825,0.3121,CNN-GAP
2,826,0.2846,CNN-GAP
2,827,0.2635,CNN-GAP
2,828,0.2904,CNN-GAP
2,829,0.4663,CNN-GAP
2,830,0.253,CNN-GAP
2,831,0.2377,CNN-GAP
2,832,0.2769,CNN-GAP
2,833,0.2642,CNN-GAP
2,834,0.2814,CNN-GAP
2,835,0.2596,CNN-GAP
2,836,0.2743,CNN-GAP
2,837,0.2753,CNN-GAP
2,838,0.2685,CNN-GAP
2,839,0.4749,CNN-GAP
2,840,0.3522,CNN-GAP
2,841,0.365,CNN-GAP
2,842,0.324,CNN-GAP
2,843,0.2701,CNN-GAP
2,844,0.2741,CNN-GAP
2,845,0.2754,CNN-GAP
2,846,0.228,CNN-GAP
2,847,0.2037,CNN-GAP
2,848,0.2618,CNN-GAP
2,849,0.2891,CNN-GAP
2,850,0.2613,CNN-GAP
2,851,0.2687,CNN-GAP
2,852,0.2596,CNN-GAP
2,853,0.264,CNN-GAP
2,854,0.4961,CNN-GAP
2,855,0.3172,CNN-GAP
2,856,0.245,CNN-GAP
2,857,0.1984,CNN-GAP
2,858,0.1985,CNN-GAP
2,859,0.2003,CNN-GAP
2,860,0.7054,CNN-GAP
2,861,0.6367,CNN-GAP
2,862,0.4862,CNN-GAP
2,863,0.3499,CNN-GAP
2,864,0.286,CNN-GAP
2,865,0.2483,CNN-GAP
2,866,0.2784,CNN-GAP
2,867,0.2659,CNN-GAP
2,868,0.2819,CNN-GAP
2,869,0.2543,CNN-GAP
2,870,0.2917,CNN-GAP
2,871,0.2736,CNN-GAP
2,872,0.2583,CNN-GAP
2,873,0.2783,CNN-GAP
2,874,0.2636,CNN-GAP
2,875,0.2675,CNN-GAP
2,876,0.2477,CNN-GAP
2,877,0.2039,CNN-GAP
2,878,0.2855,CNN-GAP
2,879,0.4085,CNN-GAP
2,880,0.3902,CNN-GAP
2,881,0.3287,CNN-GAP
2,882,0.2878,CNN-GAP
2,883,0.2978,CNN-GAP
2,884,0.303,CNN-GAP
2,885,0.2494,CNN-GAP
2,886,0.2479,CNN-GAP
2,887,0.2661,CNN-GAP
2,888,0.2594,CNN-GAP
2,889,0.2815,CNN-GAP
2,890,0.2623,CNN-GAP
2,891,0.2424,CNN-GAP
2,892,0.2395,CNN-GAP
2,893,0.2902,CNN-GAP
2,894,0.2799,CNN-GAP
2,895,0.2754,CNN-GAP
2,896,0.3086,CNN-GAP
2,897,0.2721,CNN-GAP
2,898,0.2755,CNN-GAP
2,899,0.3441,CNN-GAP
2,900,0.4295,CNN-GAP
2,901,0.3745,CNN-GAP
2,902,0.5917,CNN-GAP
2,903,0.5518,CNN-GAP
2,904,0.2825,CNN-GAP
2,905,0.2678,CNN-GAP
2,906,0.2432,CNN-GAP
2,907,0.2647,CNN-GAP
2,908,0.2866,CNN-GAP
2,909,0.2931,CNN-GAP
2,910,0.2793,CNN-GAP
2,911,0.2803,CNN-GAP
2,912,0.2906,CNN-GAP
2,913,0.2703,CNN-GAP
2,914,0.2698,CNN-GAP
2,915,0.2801,CNN-GAP
2,916,0.2723,CNN-GAP
2,917,0.2521,CNN-GAP
2,918,0.4197,CNN-GAP
2,919,0.387,CNN-GAP
2,920,0.3881,CNN-GAP
2,921,0.3564,CNN-GAP
2,922,0.294,CNN-GAP
2,923,0.3221,CNN-GAP
2,924,0.3733,CNN-GAP
2,925,0.3275,CNN-GAP
2,926,0.2799,CNN-GAP
2,927,0.2602,CNN-GAP
2,928,0.2798,CNN-GAP
2,929,0.2586,CNN-GAP
2,930,0.293,CNN-GAP
2,931,0.2659,CNN-GAP
2,932,0.201,CNN-GAP
2,933,0.2779,CNN-GAP
2,934,0.2805,CNN-GAP
2,935,0.2723,CNN-GAP
2,936,0.2858,CNN-GAP
2,937,0.3396,CNN-GAP
2,938,0.4504,CNN-GAP
2,939,0.365,CNN-GAP
2,940,0.3679,CNN-GAP
2,941,0.338,CNN-GAP
2,942,0.3403,CNN-GAP
2,943,0.333,CNN-GAP
2,944,0.2965,CNN-GAP
2,945,0.3061,CNN-GAP
2,946,0.308,CNN-GAP
2,947,0.314,CNN-GAP
2,948,0.3121,CNN-GAP
2,949,0.4453,CNN-GAP
2,950,0.4132,CNN-GAP
2,951,0.4571,CNN-GAP
2,952,0.3626,CNN-GAP
2,953,0.3444,CNN-GAP
2,954,0.4186,CNN-GAP
2,955,0.4959,CNN-GAP
2,956,0.3908,CNN-GAP
2,957,0.4037,CNN-GAP
2,958,0.3284,CNN-GAP
2,959,0.3053,CNN-GAP
2,960,0.2818,CNN-GAP
2,961,0.2193,CNN-GAP
2,962,0.4656,CNN-GAP
2,963,0.2868,CNN-GAP
2,964,0.283,CNN-GAP
2,965,0.2783,CNN-GAP
2,966,0.2724,CNN-GAP
2,967,0.2622,CNN-GAP
2,968,0.2039,CNN-GAP
2,969,0.2391,CNN-GAP
2,970,0.2522,CNN-GAP
2,971,0.2759,CNN-GAP
2,972,0.2697,CNN-GAP
2,973,0.265,CNN-GAP
2,974,0.4558,CNN-GAP
2,975,0.4428,CNN-GAP
2,976,0.4111,CNN-GAP
2,977,0.3947,CNN-GAP
2,978,0.3339,CNN-GAP
2,979,0.3143,CNN-GAP
2,980,0.297,CNN-GAP
2,981,0.2726,CNN-GAP
2,982,0.2963,CNN-GAP
2,983,0.3147,CNN-GAP
2,984,0.3168,CNN-GAP
2,985,0.3375,CNN-GAP
2,986,0.3118,CNN-GAP
2,987,0.3713,CNN-GAP
2,988,0.3151,CNN-GAP
2,989,0.3056,CNN-GAP
2,990,0.3072,CNN-GAP
2,991,0.3217,CNN-GAP
2,992,0.3891,CNN-GAP
2,993,0.5042,CNN-GAP
2,994,0.4581,CNN-GAP
2,995,0.2449,CNN-GAP
2,996,0.2207,CNN-GAP
2,997,0.2159,CNN-GAP
2,998,0.2281,CNN-GAP
2,999,0.3989,CNN-GAP
2,1000,0.4943,CNN-GAP
3,1,0.3966,CNN-GAP
3,2,0.3709,CNN-GAP
3,3,0.4074,CNN-GAP
3,4,0.3506,CNN-GAP
3,5,0.3412,CNN-GAP
3,6,0.3479,CNN-GAP
3,7,0.3449,CNN-GAP
3,8,0.333,CNN-GAP
3,9,0.3155,CNN-GAP
3,10,0.3147,CNN-GAP
3,11,0.315,CNN-GAP
3,12,0.3055,CNN-GAP
3,13,0.3072,CNN-GAP
3,14,0.3104,CNN-GAP
3,15,0.3111,CNN-GAP
3,16,0.2852,CNN-GAP
3,17,0.3063,CNN-GAP
3,18,0.3249,CNN-GAP
3,19,0.3837,CNN-GAP
3,20,0.364,CNN-GAP
3,21,0.4056,CNN-GAP
3,22,0.3376,CNN-GAP
3,23,0.3338,CNN-GAP
3,24,0.3386,CNN-GAP
3,25,0.3367,CNN-GAP
3,26,0.3247,CNN-GAP
3,27,0.3216,CNN-GAP
3,28,0.3262,CNN-GAP
3,29,0.3182,CNN-GAP
3,30,0.3185,CNN-GAP
3,31,0.314,CNN-GAP
3,32,0.3621,CNN-GAP
3,33,0.3488,CNN-GAP
3,34,0.3363,CNN-GAP
3,35,0.4062,CNN-GAP
3,36,0.4541,CNN-GAP
3,37,0.3672,CNN-GAP
3,38,0.3853,CNN-GAP
3,39,0.406,CNN-GAP
3,40,0.3183,CNN-GAP
3,41,0.3479,CNN-GAP
3,42,0.3165,CNN-GAP
3,43,0.318,CNN-GAP
3,44,0.3088,CNN-GAP
3,45,0.3432,CNN-GAP
3,46,0.3429,CNN-GAP
3,47,0.3246,CNN-GAP
3,48,0.3047,CNN-GAP
3,49,0.2804,CNN-GAP
3,50,0.3132,CNN-GAP
3,51,0.3071,CNN-GAP
3,52,0.3059,CNN-GAP
3,53,0.3079,CNN-GAP
3,54,0.3666,CNN-GAP
3,55,0.3937,CNN-GAP
3,56,0.3892,CNN-GAP
3,57,0.3479,CNN-GAP
3,58,0.3278,CNN-GAP
3,59,0.3323,CNN-GAP
3,60,0.2986,CNN-GAP
3,61,0.326,CNN-GAP
3,62,0.3515,CNN-GAP
3,63,0.3399,CNN-GAP
3,64,0.3412,CNN-GAP
3,65,0.3054,CNN-GAP
3,66,0.3569,CNN-GAP
3,67,0.3106,CNN-GAP
3,68,0.3126,CNN-GAP
3,69,0.3033,CNN-GAP
3,70,0.3063,CNN-GAP
3,71,0.2921,CNN-GAP
3,72,0.32,CNN-GAP
3,73,0.385,CNN-GAP
3,74,0.3854,CNN-GAP
3,75,0.5319,CNN-GAP
3,76,0.2777,CNN-GAP
3,77,0.2229,CNN-GAP
3,78,0.2312,CNN-GAP
3,79,0.2157,CNN-GAP
3,80,0.2149,CNN-GAP
3,81,0.3526,CNN-GAP
3,82,0.4581,CNN-GAP
3,83,0.368,CNN-GAP
3,84,0.2342,CNN-GAP
3,85,0.2406,CNN-GAP
3,86,0.2712,CNN-GAP
3,87,0.2842,CNN-GAP
3,88,0.2811,CNN-GAP
3,89,0.3118,CNN-GAP
3,90,0.2812,CNN-GAP
3,91,0.2574,CNN-GAP
3,92,0.4432,CNN-GAP
3,93,0.4,CNN-GAP
3,94,0.5353,CNN-GAP
3,95,0.469,CNN-GAP
3,96,0.2917,CNN-GAP
3,97,0.2588,CNN-GAP
3,98,0.3653,CNN-GAP
3,99,0.3425,CNN-GAP
3,100,0.3713,CNN-GAP
3,101,0.3183,CNN-GAP
3,102,0.3135,CNN-GAP
3,103,0.3082,CNN-GAP
3,104,0.3033,CNN-GAP
3,105,0.308,CNN-GAP
3,106,0.3302,CNN-GAP
3,107,0.3072,CNN-GAP
3,108,0.2984,CNN-GAP
3,109,0.4108,CNN-GAP
3,110,0.4388,CNN-GAP
3,111,0.4035,CNN-GAP
3,112,0.4182,CNN-GAP
3,113,0.3424,CNN-GAP
3,114,0.3269,CNN-GAP
3,115,0.3877,CNN-GAP
3,116,0.3448,CNN-GAP
3,117,0.3552,CNN-GAP
3,118,0.3015,CNN-GAP
3,119,0.2834,CNN-GAP
3,120,0.3109,CNN-GAP
3,121,0.3117,CNN-GAP
3,122,0.339,CNN-GAP
3,123,0.5329,CNN-GAP
3,124,0.3979,CNN-GAP
3,125,0.4367,CNN-GAP
3,126,0.4693,CNN-GAP
3,127,0.4341,CNN-GAP
3,128,0.3152,CNN-GAP
3,129,0.2191,CNN-GAP
3,130,0.2063,CNN-GAP
3,131,0.2214,CNN-GAP
3,132,0.2124,CNN-GAP
3,133,0.2061,CNN-GAP
3,134,0.2182,CNN-GAP
3,135,0.1976,CNN-GAP
3,136,0.204,CNN-GAP
3,137,0.1953,CNN-GAP
3,138,0.1932,CNN-GAP
3,139,0.1951,CNN-GAP
3,140,0.2049,CNN-GAP
3,141,0.341,CNN-GAP
3,142,0.2484,CNN-GAP
3,143,0.2101,CNN-GAP
3,144,0.1967,CNN-GAP
3,145,0.1968,CNN-GAP
3,146,0.1946,CNN-GAP
3,147,0.1932,CNN-GAP
3,148,0.1936,CNN-GAP
3,149,0.1929,CNN-GAP
3,150,0.2771,CNN-GAP
3,151,0.429,CNN-GAP
3,152,0.3832,CNN-GAP
3,153,0.2443,CNN-GAP
3,154,0.2026,CNN-GAP
3,155,0.2031,CNN-GAP
3,156,0.2123,CNN-GAP
3,157,0.206,CNN-GAP
3,158,0.201,CNN-GAP
3,159,0.1961,CNN-GAP
3,160,0.196,CNN-GAP
3,161,0.2581,CNN-GAP
3,162,0.2682,CNN-GAP
3,163,0.2102,CNN-GAP
3,164,0.1955,CNN-GAP
3,165,0.1941,CNN-GAP
3,166,0.1971,CNN-GAP
3,167,0.2376,CNN-GAP
3,168,0.1953,CNN-GAP
3,169,0.1941,CNN-GAP
3,170,0.2104,CNN-GAP
3,171,0.2327,CNN-GAP
3,172,0.34,CNN-GAP
3,173,0.2366,CNN-GAP
3,174,0.2208,CNN-GAP
3,175,0.2177,CNN-GAP
3,176,0.3262,CNN-GAP
3,177,0.4029,CNN-GAP
3,178,0.3743,CNN-GAP
3,179,0.2781,CNN-GAP
3,180,0.2265,CNN-GAP
3,181,0.2226,CNN-GAP
3,182,0.3973,CNN-GAP
3,183,0.3044,CNN-GAP
3,184,0.2515,CNN-GAP
3,185,0.2441,CNN-GAP
3,186,0.2413,CNN-GAP
3,187,0.2412,CNN-GAP
3,188,0.317,CNN-GAP
3,189,0.2852,CNN-GAP
3,190,0.2503,CNN-GAP
3,191,0.243,CNN-GAP
3,192,0.2408,CNN-GAP
3,193,0.2147,CNN-GAP
3,194,0.1923,CNN-GAP
3,195,0.1919,CNN-GAP
3,196,0.2066,CNN-GAP
3,197,0.1931,CNN-GAP
3,198,0.1948,CNN-GAP
3,199,0.3783,CNN-GAP
3,200,0.4041,CNN-GAP
3,201,0.3861,CNN-GAP
3,202,0.3479,CNN-GAP
3,203,0.2236,CNN-GAP
3,204,0.2008,CNN-GAP
3,205,0.2079,CNN-GAP
3,206,0.2984,CNN-GAP
3,207,0.2704,CNN-GAP
3,208,0.2063,CNN-GAP
3,209,0.2049,CNN-GAP
3,210,0.2032,CNN-GAP
3,211,0.2103,CNN-GAP
3,212,0.1957,CNN-GAP
3,213,0.1941,CNN-GAP
3,214,0.1938,CNN-GAP
3,215,0.1932,CNN-GAP
3,216,0.1935,CNN-GAP
3,217,0.1936,CNN-GAP
3,218,0.1924,CNN-GAP
3,219,0.1934,CNN-GAP
3,220,0.193,CNN-GAP
3,221,0.1998,CNN-GAP
3,222,0.1937,CNN-GAP
3,223,0.1923,CNN-GAP
3,224,0.2318,CNN-GAP
3,225,0.4239,CNN-GAP
3,226,0.3768,CNN-GAP
3,227,0.3302,CNN-GAP
3,228,0.2239,CNN-GAP
3,229,0.206,CNN-GAP
3,230,0.2182,CNN-GAP
3,231,0.3464,CNN-GAP
3,232,0.2501,CNN-GAP
3,233,0.2028,CNN-GAP
3,234,0.1959,CNN-GAP
3,235,0.1942,CNN-GAP
3,236,0.1986,CNN-GAP
3,237,0.2033,CNN-GAP
3,238,0.1978,CNN-GAP
3,239,0.1947,CNN-GAP
3,240,0.1932,CNN-GAP
3,241,0.1931,CNN-GAP
3,242,0.1923,CNN-GAP
3,243,0.3269,CNN-GAP
3,244,0.2483,CNN-GAP
3,245,0.2235,CNN-GAP
3,246,0.2041,CNN-GAP
3,247,0.1951,CNN-GAP
3,248,0.1932,CNN-GAP
3,249,0.1931,CNN-GAP
3,250,0.2221,CNN-GAP
3,251,0.4377,CNN-GAP
3,252,0.4591,CNN-GAP
3,253,0.3211,CNN-GAP
3,254,0.2105,CNN-GAP
3,255,0.3037,CNN-GAP
3,256,0.2174,CNN-GAP
3,257,0.2069,CNN-GAP
3,258,0.199,CNN-GAP
3,259,0.1962,CNN-GAP
3,260,0.2027,CNN-GAP
3,261,0.3644,CNN-GAP
3,262,0.322,CNN-GAP
3,263,0.2049,CNN-GAP
3,264,0.196,CNN-GAP
3,265,0.1958,CNN-GAP
3,266,0.1939,CNN-GAP
3,267,0.1931,CNN-GAP
3,268,0.1928,CNN-GAP
3,269,0.2007,CNN-GAP
3,270,0.1934,CNN-GAP
3,271,0.1998,CNN-GAP
3,272,0.1963,CNN-GAP
3,273,0.3617,CNN-GAP
3,274,0.3345,CNN-GAP
3,275,0.2956,CNN-GAP
3,276,0.3718,CNN-GAP
3,277,0.2346,CNN-GAP
3,278,0.2152,CNN-GAP
3,279,0.204,CNN-GAP
3,280,0.2188,CNN-GAP
3,281,0.2055,CNN-GAP
3,282,0.1988,CNN-GAP
3,283,0.2001,CNN-GAP
3,284,0.3357,CNN-GAP
3,285,0.3128,CNN-GAP
3,286,0.2137,CNN-GAP
3,287,0.2103,CNN-GAP
3,288,0.1953,CNN-GAP
3,289,0.2355,CNN-GAP
3,290,0.195,CNN-GAP
3,291,0.196,CNN-GAP
3,292,0.1949,CNN-GAP
3,293,0.1934,CNN-GAP
3,294,0.1932,CNN-GAP
3,295,0.1927,CNN-GAP
3,296,0.1929,CNN-GAP
3,297,0.2037,CNN-GAP
3,298,0.1943,CNN-GAP
3,299,0.2568,CNN-GAP
3,300,0.4277,CNN-GAP
3,301,0.3923,CNN-GAP
3,302,0.3527,CNN-GAP
3,303,0.2196,CNN-GAP
3,304,0.2202,CNN-GAP
3,305,0.2823,CNN-GAP
3,306,0.5742,CNN-GAP
3,307,0.4359,CNN-GAP
3,308,0.3388,CNN-GAP
3,309,0.3007,CNN-GAP
3,310,0.3006,CNN-GAP
3,311,0.2046,CNN-GAP
3,312,0.1976,CNN-GAP
3,313,0.1957,CNN-GAP
3,314,0.1946,CNN-GAP
3,315,0.1948,CNN-GAP
3,316,0.1954,CNN-GAP
3,317,0.1943,CNN-GAP
3,318,0.2072,CNN-GAP
3,319,0.1956,CNN-GAP
3,320,0.1952,CNN-GAP
3,321,0.1943,CNN-GAP
3,322,0.2308,CNN-GAP
3,323,0.4409,CNN-GAP
3,324,0.3904,CNN-GAP
3,325,0.396,CNN-GAP
3,326,0.2258,CNN-GAP
3,327,0.2032,CNN-GAP
3,328,0.201,CNN-GAP
3,329,0.2063,CNN-GAP
3,330,0.2188,CNN-GAP
3,331,0.2081,CNN-GAP
3,332,0.1982,CNN-GAP
3,333,0.197,CNN-GAP
3,334,0.1951,CNN-GAP
3,335,0.2045,CNN-GAP
3,336,0.1972,CNN-GAP
3,337,0.3277,CNN-GAP
3,338,0.3344,CNN-GAP
3,339,0.2277,CNN-GAP
3,340,0.2013,CNN-GAP
3,341,0.1952,CNN-GAP
3,342,0.1966,CNN-GAP
3,343,0.2926,CNN-GAP
3,344,0.2974,CNN-GAP
3,345,0.1981,CNN-GAP
3,346,0.2061,CNN-GAP
3,347,0.3806,CNN-GAP
3,348,0.35,CNN-GAP
3,349,0.3106,CNN-GAP
3,350,0.2245,CNN-GAP
3,351,0.2004,CNN-GAP
3,352,0.2132,CNN-GAP
3,353,0.209,CNN-GAP
3,354,0.2009,CNN-GAP
3,355,0.1947,CNN-GAP
3,356,0.1967,CNN-GAP
3,357,0.3189,CNN-GAP
3,358,0.3384,CNN-GAP
3,359,0.2149,CNN-GAP
3,360,0.1955,CNN-GAP
3,361,0.1951,CNN-GAP
3,362,0.1939,CNN-GAP
3,363,0.1941,CNN-GAP
3,364,0.2035,CNN-GAP
3,365,0.3226,CNN-GAP
3,366,0.4102,CNN-GAP
3,367,0.2741,CNN-GAP
3,368,0.2491,CNN-GAP
3,369,0.1984,CNN-GAP
3,370,0.1933,CNN-GAP
3,371,0.2841,CNN-GAP
3,372,0.4349,CNN-GAP
3,373,0.3185,CNN-GAP
3,374,0.2531,CNN-GAP
3,375,0.2063,CNN-GAP
3,376,0.2226,CNN-GAP
3,377,0.2165,CNN-GAP
3,378,0.2061,CNN-GAP
3,379,0.3196,CNN-GAP
3,380,0.2728,CNN-GAP
3,381,0.2471,CNN-GAP
3,382,0.2398,CNN-GAP
3,383,0.1954,CNN-GAP
3,384,0.1953,CNN-GAP
3,385,0.1939,CNN-GAP
3,386,0.1935,CNN-GAP
3,387,0.2062,CNN-GAP
3,388,0.1955,CNN-GAP
3,389,0.1944,CNN-GAP
3,390,0.1925,CNN-GAP
3,391,0.1997,CNN-GAP
3,392,0.1926,CNN-GAP
3,393,0.1927,CNN-GAP
3,394,0.1932,CNN-GAP
3,395,0.1929,CNN-GAP
3,396,0.1928,CNN-GAP
3,397,0.2681,CNN-GAP
3,398,0.325,CNN-GAP
3,399,0.2881,CNN-GAP
3,400,0.3436,CNN-GAP
3,401,0.2101,CNN-GAP
3,402,0.1991,CNN-GAP
3,403,0.2015,CNN-GAP
3,404,0.2051,CNN-GAP
3,405,0.2175,CNN-GAP
3,406,0.2785,CNN-GAP
3,407,0.3042,CNN-GAP
3,408,0.248,CNN-GAP
3,409,0.1973,CNN-GAP
3,410,0.196,CNN-GAP
3,411,0.2377,CNN-GAP
3,412,0.1953,CNN-GAP
3,413,0.2041,CNN-GAP
3,414,0.1946,CNN-GAP
3,415,0.1938,CNN-GAP
3,416,0.1915,CNN-GAP
3,417,0.195,CNN-GAP
3,418,0.196,CNN-GAP
3,419,0.1922,CNN-GAP
3,420,0.2005,CNN-GAP
3,421,0.1914,CNN-GAP
3,422,0.1921,CNN-GAP
3,423,0.1978,CNN-GAP
3,424,0.2969,CNN-GAP
3,425,0.3571,CNN-GAP
3,426,0.3728,CNN-GAP
3,427,0.2499,CNN-GAP
3,428,0.3289,CNN-GAP
3,429,0.3841,CNN-GAP
3,430,0.3263,CNN-GAP
3,431,0.3,CNN-GAP
3,432,0.3025,CNN-GAP
3,433,0.4218,CNN-GAP
3,434,0.3705,CNN-GAP
3,435,0.2545,CNN-GAP
3,436,0.2451,CNN-GAP
3,437,0.3574,CNN-GAP
3,438,0.2156,CNN-GAP
3,439,0.208,CNN-GAP
3,440,0.1985,CNN-GAP
3,441,0.2084,CNN-GAP
3,442,0.1946,CNN-GAP
3,443,0.1934,CNN-GAP
3,444,0.1935,CNN-GAP
3,445,0.2281,CNN-GAP
3,446,0.4977,CNN-GAP
3,447,0.4006,CNN-GAP
3,448,0.2991,CNN-GAP
3,449,0.2151,CNN-GAP
3,450,0.2236,CNN-GAP
3,451,0.2166,CNN-GAP
3,452,0.2,CNN-GAP
3,453,0.2083,CNN-GAP
3,454,0.2206,CNN-GAP
3,455,0.2041,CNN-GAP
3,456,0.2112,CNN-GAP
3,457,0.1975,CNN-GAP
3,458,0.197,CNN-GAP
3,459,0.1934,CNN-GAP
3,460,0.1991,CNN-GAP
3,461,0.1921,CNN-GAP
3,462,0.1914,CNN-GAP
3,463,0.1911,CNN-GAP
3,464,0.1919,CNN-GAP
3,465,0.1916,CNN-GAP
3,466,0.2025,CNN-GAP
3,467,0.1986,CNN-GAP
3,468,0.1913,CNN-GAP
3,469,0.1968,CNN-GAP
3,470,0.1926,CNN-GAP
3,471,0.2283,CNN-GAP
3,472,0.2781,CNN-GAP
3,473,0.396,CNN-GAP
3,474,0.3459,CNN-GAP
3,475,0.2215,CNN-GAP
3,476,0.2,CNN-GAP
3,477,0.208,CNN-GAP
3,478,0.2026,CNN-GAP
3,479,0.1982,CNN-GAP
3,480,0.1961,CNN-GAP
3,481,0.1934,CNN-GAP
3,482,0.193,CNN-GAP
3,483,0.1929,CNN-GAP
3,484,0.2047,CNN-GAP
3,485,0.1926,CNN-GAP
3,486,0.1914,CNN-GAP
3,487,0.1922,CNN-GAP
3,488,0.1956,CNN-GAP
3,489,0.1935,CNN-GAP
3,490,0.2036,CNN-GAP
3,491,0.3563,CNN-GAP
3,492,0.2674,CNN-GAP
3,493,0.1998,CNN-GAP
3,494,0.1958,CNN-GAP
3,495,0.1942,CNN-GAP
3,496,0.194,CNN-GAP
3,497,0.1937,CNN-GAP
3,498,0.1952,CNN-GAP
3,499,0.4103,CNN-GAP
3,500,0.3986,CNN-GAP
3,501,0.4292,CNN-GAP
3,502,0.2662,CNN-GAP
3,503,0.2507,CNN-GAP
3,504,0.2331,CNN-GAP
3,505,0.2041,CNN-GAP
3,506,0.1954,CNN-GAP
3,507,0.1949,CNN-GAP
3,508,0.1942,CNN-GAP
3,509,0.1933,CNN-GAP
3,510,0.1931,CNN-GAP
3,511,0.1935,CNN-GAP
3,512,0.1952,CNN-GAP
3,513,0.194,CNN-GAP
3,514,0.2028,CNN-GAP
3,515,0.1949,CNN-GAP
3,516,0.1919,CNN-GAP
3,517,0.1924,CNN-GAP
3,518,0.1914,CNN-GAP
3,519,0.1921,CNN-GAP
3,520,0.1915,CNN-GAP
3,521,0.192,CNN-GAP
3,522,0.1925,CNN-GAP
3,523,0.1921,CNN-GAP
3,524,0.1985,CNN-GAP
3,525,0.2034,CNN-GAP
3,526,0.2297,CNN-GAP
3,527,0.3356,CNN-GAP
3,528,0.357,CNN-GAP
3,529,0.2923,CNN-GAP
3,530,0.2083,CNN-GAP
3,531,0.2133,CNN-GAP
3,532,0.2411,CNN-GAP
3,533,0.3357,CNN-GAP
3,534,0.2567,CNN-GAP
3,535,0.2122,CNN-GAP
3,536,0.1973,CNN-GAP
3,537,0.2298,CNN-GAP
3,538,0.2009,CNN-GAP
3,539,0.195,CNN-GAP
3,540,0.1938,CNN-GAP
3,541,0.2054,CNN-GAP
3,542,0.195,CNN-GAP
3,543,0.1976,CNN-GAP
3,544,0.1945,CNN-GAP
3,545,0.1936,CNN-GAP
3,546,0.1949,CNN-GAP
3,547,0.1941,CNN-GAP
3,548,0.1936,CNN-GAP
3,549,0.1932,CNN-GAP
3,550,0.1932,CNN-GAP
3,551,0.2032,CNN-GAP
3,552,0.193,CNN-GAP
3,553,0.2796,CNN-GAP
3,554,0.305,CNN-GAP
3,555,0.3565,CNN-GAP
3,556,0.2746,CNN-GAP
3,557,0.2188,CNN-GAP
3,558,0.2062,CNN-GAP
3,559,0.2128,CNN-GAP
3,560,0.4008,CNN-GAP
3,561,0.2591,CNN-GAP
3,562,0.2161,CNN-GAP
3,563,0.2011,CNN-GAP
3,564,0.1961,CNN-GAP
3,565,0.1939,CNN-GAP
3,566,0.1939,CNN-GAP
3,567,0.2341,CNN-GAP
3,568,0.2602,CNN-GAP
3,569,0.2491,CNN-GAP
3,570,0.2421,CNN-GAP
3,571,0.2405,CNN-GAP
3,572,0.2408,CNN-GAP
3,573,0.2236,CNN-GAP
3,574,0.1938,CNN-GAP
3,575,0.2058,CNN-GAP
3,576,0.195,CNN-GAP
3,577,0.1992,CNN-GAP
3,578,0.312,CNN-GAP
3,579,0.4285,CNN-GAP
3,580,0.3777,CNN-GAP
3,581,0.2874,CNN-GAP
3,582,0.2344,CNN-GAP
3,583,0.2997,CNN-GAP
3,584,0.2053,CNN-GAP
3,585,0.2122,CNN-GAP
3,586,0.2144,CNN-GAP
3,587,0.2022,CNN-GAP
3,588,0.1959,CNN-GAP
3,589,0.201,CNN-GAP
3,590,0.1949,CNN-GAP
3,591,0.2074,CNN-GAP
3,592,0.1958,CNN-GAP
3,593,0.1948,CNN-GAP
3,594,0.1947,CNN-GAP
3,595,0.1928,CNN-GAP
3,596,0.1936,CNN-GAP
3,597,0.1928,CNN-GAP
3,598,0.1931,CNN-GAP
3,599,0.1929,CNN-GAP
3,600,0.1924,CNN-GAP
3,601,0.2009,CNN-GAP
3,602,0.1941,CNN-GAP
3,603,0.1922,CNN-GAP
3,604,0.1921,CNN-GAP
3,605,0.3071,CNN-GAP
3,606,0.3799,CNN-GAP
3,607,0.3169,CNN-GAP
3,608,0.209,CNN-GAP
3,609,0.2145,CNN-GAP
3,610,0.2094,CNN-GAP
3,611,0.2041,CNN-GAP
3,612,0.1963,CNN-GAP
3,613,0.1954,CNN-GAP
3,614,0.1925,CNN-GAP
3,615,0.1927,CNN-GAP
3,616,0.1934,CNN-GAP
3,617,0.1938,CNN-GAP
3,618,0.1937,CNN-GAP
3,619,0.2066,CNN-GAP
3,620,0.2649,CNN-GAP
3,621,0.2216,CNN-GAP
3,622,0.1972,CNN-GAP
3,623,0.1956,CNN-GAP
3,624,0.1956,CNN-GAP
3,625,0.1934,CNN-GAP
3,626,0.1935,CNN-GAP
3,627,0.1953,CNN-GAP
3,628,0.1934,CNN-GAP
3,629,0.2059,CNN-GAP
3,630,0.1945,CNN-GAP
3,631,0.3722,CNN-GAP
3,632,0.5412,CNN-GAP
3,633,0.3334,CNN-GAP
3,634,0.3278,CNN-GAP
3,635,0.2873,CNN-GAP
3,636,0.391,CNN-GAP
3,637,0.292,CNN-GAP
3,638,0.2654,CNN-GAP
3,639,0.2582,CNN-GAP
3,640,0.257,CNN-GAP
3,641,0.251,CNN-GAP
3,642,0.318,CNN-GAP
3,643,0.2882,CNN-GAP
3,644,0.2875,CNN-GAP
3,645,0.2897,CNN-GAP
3,646,0.2985,CNN-GAP
3,647,0.2915,CNN-GAP
3,648,0.2958,CNN-GAP
3,649,0.3131,CNN-GAP
3,650,0.2847,CNN-GAP
3,651,0.3078,CNN-GAP
3,652,0.4725,CNN-GAP
3,653,0.3517,CNN-GAP
3,654,0.4122,CNN-GAP
3,655,0.3726,CNN-GAP
3,656,0.3414,CNN-GAP
3,657,0.3531,CNN-GAP
3,658,0.3541,CNN-GAP
3,659,0.3998,CNN-GAP
3,660,0.3272,CNN-GAP
3,661,0.3118,CNN-GAP
3,662,0.3025,CNN-GAP
3,663,0.3055,CNN-GAP
3,664,0.3024,CNN-GAP
3,665,0.2986,CNN-GAP
3,666,0.2689,CNN-GAP
3,667,0.3451,CNN-GAP
3,668,0.2595,CNN-GAP
3,669,0.2288,CNN-GAP
3,670,0.2561,CNN-GAP
3,671,0.3226,CNN-GAP
3,672,0.4203,CNN-GAP
3,673,0.3017,CNN-GAP
3,674,0.2155,CNN-GAP
3,675,0.2233,CNN-GAP
3,676,0.2215,CNN-GAP
3,677,0.2045,CNN-GAP
3,678,0.1986,CNN-GAP
3,679,0.195,CNN-GAP
3,680,0.1941,CNN-GAP
3,681,0.3917,CNN-GAP
3,682,0.2641,CNN-GAP
3,683,0.2453,CNN-GAP
3,684,0.2424,CNN-GAP
3,685,0.2403,CNN-GAP
3,686,0.246,CNN-GAP
3,687,0.3165,CNN-GAP
3,688,0.2665,CNN-GAP
3,689,0.3094,CNN-GAP
3,690,0.4483,CNN-GAP
3,691,0.2966,CNN-GAP
3,692,0.4312,CNN-GAP
3,693,0.3679,CNN-GAP
3,694,0.3489,CNN-GAP
3,695,0.2204,CNN-GAP
3,696,0.2076,CNN-GAP
3,697,0.2034,CNN-GAP
3,698,0.2018,CNN-GAP
3,699,0.2101,CNN-GAP
3,700,0.2552,CNN-GAP
3,701,0.2069,CNN-GAP
3,702,0.195,CNN-GAP
3,703,0.1967,CNN-GAP
3,704,0.1931,CNN-GAP
3,705,0.1927,CNN-GAP
3,706,0.1932,CNN-GAP
3,707,0.1924,CNN-GAP
3,708,0.1914,CNN-GAP
3,709,0.191,CNN-GAP
3,710,0.2,CNN-GAP
3,711,0.1923,CNN-GAP
3,712,0.1966,CNN-GAP
3,713,0.1922,CNN-GAP
3,714,0.1928,CNN-GAP
3,715,0.2335,CNN-GAP
3,716,0.1945,CNN-GAP
3,717,0.1925,CNN-GAP
3,718,0.1938,CNN-GAP
3,719,0.3949,CNN-GAP
3,720,0.2832,CNN-GAP
3,721,0.34,CNN-GAP
3,722,0.2129,CNN-GAP
3,723,0.205,CNN-GAP
3,724,0.2047,CNN-GAP
3,725,0.1964,CNN-GAP
3,726,0.1949,CNN-GAP
3,727,0.1943,CNN-GAP
3,728,0.2075,CNN-GAP
3,729,0.1932,CNN-GAP
3,730,0.1926,CNN-GAP
3,731,0.1923,CNN-GAP
3,732,0.2105,CNN-GAP
3,733,0.2594,CNN-GAP
3,734,0.2752,CNN-GAP
3,735,0.2018,CNN-GAP
3,736,0.1942,CNN-GAP
3,737,0.2069,CNN-GAP
3,738,0.1959,CNN-GAP
3,739,0.1935,CNN-GAP
3,740,0.1942,CNN-GAP
3,741,0.1947,CNN-GAP
3,742,0.1949,CNN-GAP
3,743,0.1957,CNN-GAP
3,744,0.1927,CNN-GAP
3,745,0.1923,CNN-GAP
3,746,0.2327,CNN-GAP
3,747,0.36,CNN-GAP
3,748,0.4619,CNN-GAP
3,749,0.3743,CNN-GAP
3,750,0.2199,CNN-GAP
3,751,0.2147,CNN-GAP
3,752,0.2083,CNN-GAP
3,753,0.2019,CNN-GAP
3,754,0.1978,CNN-GAP
3,755,0.1955,CNN-GAP
3,756,0.1932,CNN-GAP
3,757,0.1925,CNN-GAP
3,758,0.2029,CNN-GAP
3,759,0.1949,CNN-GAP
3,760,0.1929,CNN-GAP
3,761,0.1931,CNN-GAP
3,762,0.1933,CNN-GAP
3,763,0.1926,CNN-GAP
3,764,0.1932,CNN-GAP
3,765,0.1934,CNN-GAP
3,766,0.2019,CNN-GAP
3,767,0.1925,CNN-GAP
3,768,0.1988,CNN-GAP
3,769,0.1954,CNN-GAP
3,770,0.1928,CNN-GAP
3,771,0.1927,CNN-GAP
3,772,0.1924,CNN-GAP
3,773,0.1947,CNN-GAP
3,774,0.3858,CNN-GAP
3,775,0.3726,CNN-GAP
3,776,0.2895,CNN-GAP
3,777,0.2267,CNN-GAP
3,778,0.2107,CNN-GAP
3,779,0.2115,CNN-GAP
3,780,0.2013,CNN-GAP
3,781,0.1961,CNN-GAP
3,782,0.2358,CNN-GAP
3,783,0.1938,CNN-GAP
3,784,0.1931,CNN-GAP
3,785,0.1941,CNN-GAP
3,786,0.2037,CNN-GAP
3,787,0.1937,CNN-GAP
3,788,0.193,CNN-GAP
3,789,0.1928,CNN-GAP
3,790,0.1938,CNN-GAP
3,791,0.1935,CNN-GAP
3,792,0.1934,CNN-GAP
3,793,0.1929,CNN-GAP
3,794,0.1942,CNN-GAP
3,795,0.1934,CNN-GAP
3,796,0.2016,CNN-GAP
3,797,0.1948,CNN-GAP
3,798,0.1934,CNN-GAP
3,799,0.1982,CNN-GAP
3,800,0.1933,CNN-GAP
3,801,0.1954,CNN-GAP
3,802,0.4202,CNN-GAP
3,803,0.389,CNN-GAP
3,804,0.3741,CNN-GAP
3,805,0.2141,CNN-GAP
3,806,0.2113,CNN-GAP
3,807,0.21,CNN-GAP
3,808,0.2067,CNN-GAP
3,809,0.1975,CNN-GAP
3,810,0.194,CNN-GAP
3,811,0.1944,CNN-GAP
3,812,0.1938,CNN-GAP
3,813,0.2055,CNN-GAP
3,814,0.1946,CNN-GAP
3,815,0.1926,CNN-GAP
3,816,0.1929,CNN-GAP
3,817,0.2029,CNN-GAP
3,818,0.1921,CNN-GAP
3,819,0.396,CNN-GAP
3,820,0.2648,CNN-GAP
3,821,0.2473,CNN-GAP
3,822,0.2719,CNN-GAP
3,823,0.2617,CNN-GAP
3,824,0.2327,CNN-GAP
3,825,0.317,CNN-GAP
3,826,0.4896,CNN-GAP
3,827,0.4219,CNN-GAP
3,828,0.3218,CNN-GAP
3,829,0.2157,CNN-GAP
3,830,0.2143,CNN-GAP
3,831,0.2045,CNN-GAP
3,832,0.2006,CNN-GAP
3,833,0.204,CNN-GAP
3,834,0.2191,CNN-GAP
3,835,0.2076,CNN-GAP
3,836,0.1957,CNN-GAP
3,837,0.2022,CNN-GAP
3,838,0.1963,CNN-GAP
3,839,0.193,CNN-GAP
3,840,0.2038,CNN-GAP
3,841,0.1927,CNN-GAP
3,842,0.1931,CNN-GAP
3,843,0.1939,CNN-GAP
3,844,0.1995,CNN-GAP
3,845,0.1918,CNN-GAP
3,846,0.1917,CNN-GAP
3,847,0.1923,CNN-GAP
3,848,0.2315,CNN-GAP
3,849,0.1957,CNN-GAP
3,850,0.2068,CNN-GAP
3,851,0.1937,CNN-GAP
3,852,0.1936,CNN-GAP
3,853,0.3513,CNN-GAP
3,854,0.339,CNN-GAP
3,855,0.3009,CNN-GAP
3,856,0.2069,CNN-GAP
3,857,0.1988,CNN-GAP
3,858,0.2201,CNN-GAP
3,859,0.2015,CNN-GAP
3,860,0.1955,CNN-GAP
3,861,0.1967,CNN-GAP
3,862,0.1934,CNN-GAP
3,863,0.1936,CNN-GAP
3,864,0.1928,CNN-GAP
3,865,0.2034,CNN-GAP
3,866,0.2104,CNN-GAP
3,867,0.2048,CNN-GAP
3,868,0.2056,CNN-GAP
3,869,0.1952,CNN-GAP
3,870,0.1958,CNN-GAP
3,871,0.1956,CNN-GAP
3,872,0.1951,CNN-GAP
3,873,0.1945,CNN-GAP
3,874,0.1945,CNN-GAP
3,875,0.1944,CNN-GAP
3,876,0.1942,CNN-GAP
3,877,0.1945,CNN-GAP
3,878,0.2025,CNN-GAP
3,879,0.2027,CNN-GAP
3,880,0.194,CNN-GAP
3,881,0.2185,CNN-GAP
3,882,0.3203,CNN-GAP
3,883,0.4298,CNN-GAP
3,884,0.2997,CNN-GAP
3,885,0.2078,CNN-GAP
3,886,0.2089,CNN-GAP
3,887,0.2085,CNN-GAP
3,888,0.2036,CNN-GAP
3,889,0.1975,CNN-GAP
3,890,0.196,CNN-GAP
3,891,0.1935,CNN-GAP
3,892,0.1943,CNN-GAP
3,893,0.1944,CNN-GAP
3,894,0.1929,CNN-GAP
3,895,0.2002,CNN-GAP
3,896,0.196,CNN-GAP
3,897,0.1947,CNN-GAP
3,898,0.194,CNN-GAP
3,899,0.1936,CNN-GAP
3,900,0.1939,CNN-GAP
3,901,0.1926,CNN-GAP
3,902,0.1926,CNN-GAP
3,903,0.1959,CNN-GAP
3,904,0.194,CNN-GAP
3,905,0.1936,CNN-GAP
3,906,0.202,CNN-GAP
3,907,0.1929,CNN-GAP
3,908,0.1938,CNN-GAP
3,909,0.2333,CNN-GAP
3,910,0.3746,CNN-GAP
3,911,0.3647,CNN-GAP
3,912,0.2912,CNN-GAP
3,913,0.2258,CNN-GAP
3,914,0.2077,CNN-GAP
3,915,0.2038,CNN-GAP
3,916,0.2781,CNN-GAP
3,917,0.2039,CNN-GAP
3,918,0.1928,CNN-GAP
3,919,0.1924,CNN-GAP
3,920,0.1931,CNN-GAP
3,921,0.1925,CNN-GAP
3,922,0.1926,CNN-GAP
3,923,0.2025,CNN-GAP
3,924,0.1929,CNN-GAP
3,925,0.1925,CNN-GAP
3,926,0.1928,CNN-GAP
3,927,0.1964,CNN-GAP
3,928,0.1937,CNN-GAP
3,929,0.1936,CNN-GAP
3,930,0.1934,CNN-GAP
3,931,0.1923,CNN-GAP
3,932,0.1928,CNN-GAP
3,933,0.2094,CNN-GAP
3,934,0.1953,CNN-GAP
3,935,0.1943,CNN-GAP
3,936,0.1925,CNN-GAP
3,937,0.2697,CNN-GAP
3,938,0.3289,CNN-GAP
3,939,0.2533,CNN-GAP
3,940,0.4151,CNN-GAP
3,941,0.37,CNN-GAP
3,942,0.3201,CNN-GAP
3,943,0.218,CNN-GAP
3,944,0.2004,CNN-GAP
3,945,0.1956,CNN-GAP
3,946,0.194,CNN-GAP
3,947,0.1942,CNN-GAP
3,948,0.1928,CNN-GAP
3,949,0.2143,CNN-GAP
3,950,0.1985,CNN-GAP
3,951,0.1934,CNN-GAP
3,952,0.2097,CNN-GAP
3,953,0.4652,CNN-GAP
3,954,0.2615,CNN-GAP
3,955,0.2618,CNN-GAP
3,956,0.2474,CNN-GAP
3,957,0.2093,CNN-GAP
3,958,0.1961,CNN-GAP
3,959,0.1949,CNN-GAP
3,960,0.2661,CNN-GAP
3,961,0.4155,CNN-GAP
3,962,0.4367,CNN-GAP
3,963,0.408,CNN-GAP
3,964,0.2705,CNN-GAP
3,965,0.2722,CNN-GAP
3,966,0.2038,CNN-GAP
3,967,0.207,CNN-GAP
3,968,0.2166,CNN-GAP
3,969,0.2011,CNN-GAP
3,970,0.1973,CNN-GAP
3,971,0.1961,CNN-GAP
3,972,0.1942,CNN-GAP
3,973,0.192,CNN-GAP
3,974,0.1991,CNN-GAP
3,975,0.1964,CNN-GAP
3,976,0.1933,CNN-GAP
3,977,0.1917,CNN-GAP
3,978,0.1919,CNN-GAP
3,979,0.1919,CNN-GAP
3,980,0.2045,CNN-GAP
3,981,0.2333,CNN-GAP
3,982,0.1932,CNN-GAP
3,983,0.1921,CNN-GAP
3,984,0.1916,CNN-GAP
3,985,0.202,CNN-GAP
3,986,0.1927,CNN-GAP
3,987,0.2441,CNN-GAP
3,988,0.393,CNN-GAP
3,989,0.3804,CNN-GAP
3,990,0.2266,CNN-GAP
3,991,0.1997,CNN-GAP
3,992,0.2214,CNN-GAP
3,993,0.2278,CNN-GAP
3,994,0.1998,CNN-GAP
3,995,0.1967,CNN-GAP
3,996,0.1962,CNN-GAP
3,997,0.2052,CNN-GAP
3,998,0.2146,CNN-GAP
3,999,0.2673,CNN-GAP
3,1000,0.2278,CNN-GAP
1,1,0.3649,CNN-Flat
1,2,0.4342,CNN-Flat
1,3,0.3783,CNN-Flat
1,4,0.7912,CNN-Flat
1,5,0.6864,CNN-Flat
1,6,0.3692,CNN-Flat
1,7,0.2846,CNN-Flat
1,8,0.2763,CNN-Flat
1,9,0.2966,CNN-Flat
1,10,0.4585,CNN-Flat
1,11,0.334,CNN-Flat
1,12,0.2702,CNN-Flat
1,13,0.2492,CNN-Flat
1,14,0.2441,CNN-Flat
1,15,0.2435,CNN-Flat
1,16,0.2422,CNN-Flat
1,17,0.2425,CNN-Flat
1,18,0.2541,CNN-Flat
1,19,0.243,CNN-Flat
1,20,0.2434,CNN-Flat
1,21,0.2456,CNN-Flat
1,22,0.3225,CNN-Flat
1,23,0.5295,CNN-Flat
1,24,0.4653,CNN-Flat
1,25,0.2945,CNN-Flat
1,26,0.2636,CNN-Flat
1,27,0.2884,CNN-Flat
1,28,0.2724,CNN-Flat
1,29,0.2591,CNN-Flat
1,30,0.2468,CNN-Flat
1,31,0.2558,CNN-Flat
1,32,0.246,CNN-Flat
1,33,0.2418,CNN-Flat
1,34,0.2524,CNN-Flat
1,35,0.2902,CNN-Flat
1,36,0.2541,CNN-Flat
1,37,0.2431,CNN-Flat
1,38,0.2424,CNN-Flat
1,39,0.2526,CNN-Flat
1,40,0.2429,CNN-Flat
1,41,0.3664,CNN-Flat
1,42,0.3558,CNN-Flat
1,43,0.5889,CNN-Flat
1,44,0.5401,CNN-Flat
1,45,0.3514,CNN-Flat
1,46,0.2815,CNN-Flat
1,47,0.2633,CNN-Flat
1,48,0.269,CNN-Flat
1,49,0.2972,CNN-Flat
1,50,0.2901,CNN-Flat
1,51,0.2642,CNN-Flat
1,52,0.2532,CNN-Flat
1,53,0.2425,CNN-Flat
1,54,0.2437,CNN-Flat
1,55,0.2428,CNN-Flat
1,56,0.243,CNN-Flat
1,57,0.2939,CNN-Flat
1,58,0.2512,CNN-Flat
1,59,0.2449,CNN-Flat
1,60,0.2418,CNN-Flat
1,61,0.2435,CNN-Flat
1,62,0.2434,CNN-Flat
1,63,0.332,CNN-Flat
1,64,0.5209,CNN-Flat
1,65,0.4378,CNN-Flat
1,66,0.2816,CNN-Flat
1,67,0.2861,CNN-Flat
1,68,0.4068,CNN-Flat
1,69,0.3354,CNN-Flat
1,70,0.2681,CNN-Flat
1,71,0.2618,CNN-Flat
1,72,0.2495,CNN-Flat
1,73,0.2428,CNN-Flat
1,74,0.2417,CNN-Flat
1,75,0.2468,CNN-Flat
1,76,0.2445,CNN-Flat
1,77,0.2444,CNN-Flat
1,78,0.2452,CNN-Flat
1,79,0.2508,CNN-Flat
1,80,0.2445,CNN-Flat
1,81,0.242,CNN-Flat
1,82,0.2477,CNN-Flat
1,83,0.2558,CNN-Flat
1,84,0.367,CNN-Flat
1,85,0.4578,CNN-Flat
1,86,0.4934,CNN-Flat
1,87,0.2956,CNN-Flat
1,88,0.2753,CNN-Flat
1,89,0.2834,CNN-Flat
1,90,0.2763,CNN-Flat
1,91,0.2618,CNN-Flat
1,92,0.3912,CNN-Flat
1,93,0.3307,CNN-Flat
1,94,0.2592,CNN-Flat
1,95,0.2467,CNN-Flat
1,96,0.2445,CNN-Flat
1,97,0.2488,CNN-Flat
1,98,0.2427,CNN-Flat
1,99,0.2526,CNN-Flat
1,100,0.2485,CNN-Flat
1,101,0.2434,CNN-Flat
1,102,0.2473,CNN-Flat
1,103,0.2853,CNN-Flat
1,104,0.2864,CNN-Flat
1,105,0.5122,CNN-Flat
1,106,0.541,CNN-Flat
1,107,0.3345,CNN-Flat
1,108,0.2733,CNN-Flat
1,109,0.2621,CNN-Flat
1,110,0.2882,CNN-Flat
1,111,0.2795,CNN-Flat
1,112,0.2739,CNN-Flat
1,113,0.2522,CNN-Flat
1,114,0.2432,CNN-Flat
1,115,0.2467,CNN-Flat
1,116,0.2419,CNN-Flat
1,117,0.2406,CNN-Flat
1,118,0.2421,CNN-Flat
1,119,0.2481,CNN-Flat
1,120,0.2516,CNN-Flat
1,121,0.2424,CNN-Flat
1,122,0.2425,CNN-Flat
1,123,0.2469,CNN-Flat
1,124,0.2439,CNN-Flat
1,125,0.2443,CNN-Flat
1,126,0.4728,CNN-Flat
1,127,0.4609,CNN-Flat
1,128,0.3264,CNN-Flat
1,129,0.2681,CNN-Flat
1,130,0.2845,CNN-Flat
1,131,0.2802,CNN-Flat
1,132,0.2591,CNN-Flat
1,133,0.2462,CNN-Flat
1,134,0.2614,CNN-Flat
1,135,0.2496,CNN-Flat
1,136,0.247,CNN-Flat
1,137,0.2613,CNN-Flat
1,138,0.3266,CNN-Flat
1,139,0.3467,CNN-Flat
1,140,0.2562,CNN-Flat
1,141,0.2623,CNN-Flat
1,142,0.2468,CNN-Flat
1,143,0.2462,CNN-Flat
1,144,0.2445,CNN-Flat
1,145,0.2451,CNN-Flat
1,146,0.2467,CNN-Flat
1,147,0.7613,CNN-Flat
1,148,0.6144,CNN-Flat
1,149,0.3754,CNN-Flat
1,150,0.2781,CNN-Flat
1,151,0.2601,CNN-Flat
1,152,0.2696,CNN-Flat
1,153,0.3146,CNN-Flat
1,154,0.2886,CNN-Flat
1,155,0.264,CNN-Flat
1,156,0.3092,CNN-Flat
1,157,0.4195,CNN-Flat
1,158,0.3136,CNN-Flat
1,159,0.253,CNN-Flat
1,160,0.2462,CNN-Flat
1,161,0.2448,CNN-Flat
1,162,0.247,CNN-Flat
1,163,0.2446,CNN-Flat
1,164,0.2414,CNN-Flat
1,165,0.3456,CNN-Flat
1,166,0.4691,CNN-Flat
1,167,0.4232,CNN-Flat
1,168,0.3865,CNN-Flat
1,169,0.3086,CNN-Flat
1,170,0.303,CNN-Flat
1,171,0.3027,CNN-Flat
1,172,0.2724,CNN-Flat
1,173,0.2579,CNN-Flat
1,174,0.2462,CNN-Flat
1,175,0.2427,CNN-Flat
1,176,0.2413,CNN-Flat
1,177,0.2426,CNN-Flat
1,178,0.2468,CNN-Flat
1,179,0.2518,CNN-Flat
1,180,0.245,CNN-Flat
1,181,0.2426,CNN-Flat
1,182,0.242,CNN-Flat
1,183,0.2421,CNN-Flat
1,184,0.2419,CNN-Flat
1,185,0.2424,CNN-Flat
1,186,0.3197,CNN-Flat
1,187,0.4883,CNN-Flat
1,188,0.4279,CNN-Flat
1,189,0.3362,CNN-Flat
1,190,0.269,CNN-Flat
1,191,0.2856,CNN-Flat
1,192,0.2678,CNN-Flat
1,193,0.2694,CNN-Flat
1,194,0.2465,CNN-Flat
1,195,0.2512,CNN-Flat
1,196,0.2432,CNN-Flat
1,197,0.2423,CNN-Flat
1,198,0.2415,CNN-Flat
1,199,0.2429,CNN-Flat
1,200,0.2428,CNN-Flat
1,201,0.3397,CNN-Flat
1,202,0.3693,CNN-Flat
1,203,0.2606,CNN-Flat
1,204,0.2803,CNN-Flat
1,205,0.3097,CNN-Flat
1,206,0.2999,CNN-Flat
1,207,0.5888,CNN-Flat
1,208,0.5352,CNN-Flat
1,209,0.3706,CNN-Flat
1,210,0.2867,CNN-Flat
1,211,0.2663,CNN-Flat
1,212,0.3134,CNN-Flat
1,213,0.277,CNN-Flat
1,214,0.2611,CNN-Flat
1,215,0.2465,CNN-Flat
1,216,0.2444,CNN-Flat
1,217,0.2442,CNN-Flat
1,218,0.2427,CNN-Flat
1,219,0.2443,CNN-Flat
1,220,0.2528,CNN-Flat
1,221,0.2429,CNN-Flat
1,222,0.2455,CNN-Flat
1,223,0.2432,CNN-Flat
1,224,0.2432,CNN-Flat
1,225,0.2422,CNN-Flat
1,226,0.2494,CNN-Flat
1,227,0.5558,CNN-Flat
1,228,0.56,CNN-Flat
1,229,0.446,CNN-Flat
1,230,0.2868,CNN-Flat
1,231,0.2713,CNN-Flat
1,232,0.2984,CNN-Flat
1,233,0.2667,CNN-Flat
1,234,0.2676,CNN-Flat
1,235,0.2561,CNN-Flat
1,236,0.2463,CNN-Flat
1,237,0.3467,CNN-Flat
1,238,0.2602,CNN-Flat
1,239,0.2465,CNN-Flat
1,240,0.257,CNN-Flat
1,241,0.2433,CNN-Flat
1,242,0.2438,CNN-Flat
1,243,0.246,CNN-Flat
1,244,0.243,CNN-Flat
1,245,0.2433,CNN-Flat
1,246,0.2435,CNN-Flat
1,247,0.289,CNN-Flat
1,248,0.4611,CNN-Flat
1,249,0.4086,CNN-Flat
1,250,0.4099,CNN-Flat
1,251,0.2749,CNN-Flat
1,252,0.5025,CNN-Flat
1,253,0.3739,CNN-Flat
1,254,0.2926,CNN-Flat
1,255,0.2744,CNN-Flat
1,256,0.2751,CNN-Flat
1,257,0.4567,CNN-Flat
1,258,0.3874,CNN-Flat
1,259,0.3667,CNN-Flat
1,260,0.3498,CNN-Flat
1,261,0.2554,CNN-Flat
1,262,0.2785,CNN-Flat
1,263,0.2653,CNN-Flat
1,264,0.25,CNN-Flat
1,265,0.4258,CNN-Flat
1,266,0.4791,CNN-Flat
1,267,0.5682,CNN-Flat
1,268,0.3814,CNN-Flat
1,269,0.2957,CNN-Flat
1,270,0.3303,CNN-Flat
1,271,0.2977,CNN-Flat
1,272,0.2939,CNN-Flat
1,273,0.2639,CNN-Flat
1,274,0.2476,CNN-Flat
1,275,0.2447,CNN-Flat
1,276,0.2447,CNN-Flat
1,277,0.2433,CNN-Flat
1,278,0.2439,CNN-Flat
1,279,0.2441,CNN-Flat
1,280,0.2431,CNN-Flat
1,281,0.2487,CNN-Flat
1,282,0.2437,CNN-Flat
1,283,0.2428,CNN-Flat
1,284,0.2422,CNN-Flat
1,285,0.3961,CNN-Flat
1,286,0.4392,CNN-Flat
1,287,0.4353,CNN-Flat
1,288,0.292,CNN-Flat
1,289,0.2757,CNN-Flat
1,290,0.2813,CNN-Flat
1,291,0.2662,CNN-Flat
1,292,0.2566,CNN-Flat
1,293,0.2442,CNN-Flat
1,294,0.2427,CNN-Flat
1,295,0.2544,CNN-Flat
1,296,0.2472,CNN-Flat
1,297,0.2456,CNN-Flat
1,298,0.2429,CNN-Flat
1,299,0.2437,CNN-Flat
1,300,0.2422,CNN-Flat
1,301,0.246,CNN-Flat
1,302,0.2502,CNN-Flat
1,303,0.2664,CNN-Flat
1,304,0.2725,CNN-Flat
1,305,0.7181,CNN-Flat
1,306,0.8617,CNN-Flat
1,307,0.5206,CNN-Flat
1,308,0.4014,CNN-Flat
1,309,0.3791,CNN-Flat
1,310,0.3919,CNN-Flat
1,311,0.3455,CNN-Flat
1,312,0.3983,CNN-Flat
1,313,0.4402,CNN-Flat
1,314,0.4127,CNN-Flat
1,315,0.387,CNN-Flat
1,316,0.3833,CNN-Flat
1,317,0.3983,CNN-Flat
1,318,0.4279,CNN-Flat
1,319,0.5566,CNN-Flat
1,320,0.478,CNN-Flat
1,321,0.5152,CNN-Flat
1,322,0.4909,CNN-Flat
1,323,0.4729,CNN-Flat
1,324,0.4097,CNN-Flat
1,325,0.4545,CNN-Flat
1,326,0.4656,CNN-Flat
1,327,0.469,CNN-Flat
1,328,0.4182,CNN-Flat
1,329,0.4007,CNN-Flat
1,330,0.398,CNN-Flat
1,331,0.4175,CNN-Flat
1,332,0.4242,CNN-Flat
1,333,0.4806,CNN-Flat
1,334,0.5251,CNN-Flat
1,335,0.5248,CNN-Flat
1,336,0.4703,CNN-Flat
1,337,0.4949,CNN-Flat
1,338,0.5822,CNN-Flat
1,339,0.4059,CNN-Flat
1,340,0.4875,CNN-Flat
1,341,0.3832,CNN-Flat
1,342,0.391,CNN-Flat
1,343,0.3635,CNN-Flat
1,344,0.3603,CNN-Flat
1,345,0.3751,CNN-Flat
1,346,0.6296,CNN-Flat
1,347,0.6232,CNN-Flat
1,348,0.5657,CNN-Flat
1,349,0.4843,CNN-Flat
1,350,0.4574,CNN-Flat
1,351,0.4542,CNN-Flat
1,352,0.4365,CNN-Flat
1,353,0.4088,CNN-Flat
1,354,0.4069,CNN-Flat
1,355,0.4005,CNN-Flat
1,356,0.3997,CNN-Flat
1,357,0.4098,CNN-Flat
1,358,0.4043,CNN-Flat
1,359,0.5011,CNN-Flat
1,360,0.5262,CNN-Flat
1,361,0.5042,CNN-Flat
1,362,0.4644,CNN-Flat
1,363,0.4456,CNN-Flat
1,364,0.424,CNN-Flat
1,365,0.4031,CNN-Flat
1,366,0.4146,CNN-Flat
1,367,0.3774,CNN-Flat
1,368,0.39,CNN-Flat
1,369,0.4645,CNN-Flat
1,370,0.4281,CNN-Flat
1,371,0.3581,CNN-Flat
1,372,0.4899,CNN-Flat
1,373,0.8032,CNN-Flat
1,374,0.5566,CNN-Flat
1,375,0.4702,CNN-Flat
1,376,0.3961,CNN-Flat
1,377,0.4515,CNN-Flat
1,378,0.4386,CNN-Flat
1,379,0.5435,CNN-Flat
1,380,0.5015,CNN-Flat
1,381,0.3375,CNN-Flat
1,382,0.3382,CNN-Flat
1,383,0.3375,CNN-Flat
1,384,0.3354,CNN-Flat
1,385,0.3716,CNN-Flat
1,386,0.5352,CNN-Flat
1,387,0.4922,CNN-Flat
1,388,0.4371,CNN-Flat
1,389,0.3826,CNN-Flat
1,390,0.3865,CNN-Flat
1,391,0.4316,CNN-Flat
1,392,0.3799,CNN-Flat
1,393,0.3573,CNN-Flat
1,394,0.3409,CNN-Flat
1,395,0.3364,CNN-Flat
1,396,0.3365,CNN-Flat
1,397,0.337,CNN-Flat
1,398,0.3282,CNN-Flat
1,399,0.3083,CNN-Flat
1,400,0.2869,CNN-Flat
1,401,0.3453,CNN-Flat
1,402,0.5741,CNN-Flat
1,403,0.544,CNN-Flat
1,404,0.4201,CNN-Flat
1,405,0.3928,CNN-Flat
1,406,0.38,CNN-Flat
1,407,0.4313,CNN-Flat
1,408,0.5543,CNN-Flat
1,409,0.5032,CNN-Flat
1,410,0.4091,CNN-Flat
1,411,0.4104,CNN-Flat
1,412,0.4156,CNN-Flat
1,413,0.4085,CNN-Flat
1,414,0.3987,CNN-Flat
1,415,0.526,CNN-Flat
1,416,0.6268,CNN-Flat
1,417,0.5609,CNN-Flat
1,418,0.4317,CNN-Flat
1,419,0.4733,CNN-Flat
1,420,0.4744,CNN-Flat
1,421,0.4273,CNN-Flat
1,422,0.4094,CNN-Flat
1,423,0.4017,CNN-Flat
1,424,0.4024,CNN-Flat
1,425,0.4315,CNN-Flat
1,426,0.4006,CNN-Flat
1,427,0.3715,CNN-Flat
1,428,0.4187,CNN-Flat
1,429,0.5066,CNN-Flat
1,430,0.5196,CNN-Flat
1,431,0.4653,CNN-Flat
1,432,0.4577,CNN-Flat
1,433,0.4403,CNN-Flat
1,434,0.4349,CNN-Flat
1,435,0.3906,CNN-Flat
1,436,0.4341,CNN-Flat
1,437,0.4656,CNN-Flat
1,438,0.4587,CNN-Flat
1,439,0.4374,CNN-Flat
1,440,0.5435,CNN-Flat
1,441,0.487,CNN-Flat
1,442,0.7531,CNN-Flat
1,443,0.6689,CNN-Flat
1,444,0.478,CNN-Flat
1,445,0.4696,CNN-Flat
1,446,0.4479,CNN-Flat
1,447,0.4455,CNN-Flat
1,448,0.4116,CNN-Flat
1,449,0.4045,CNN-Flat
1,450,0.4011,CNN-Flat
1,451,0.4046,CNN-Flat
1,452,0.3867,CNN-Flat
1,453,0.4032,CNN-Flat
1,454,0.4416,CNN-Flat
1,455,0.5089,CNN-Flat
1,456,0.5189,CNN-Flat
1,457,0.4672,CNN-Flat
1,458,0.483,CNN-Flat
1,459,0.4965,CNN-Flat
1,460,0.4187,CNN-Flat
1,461,0.4057,CNN-Flat
1,462,0.403,CNN-Flat
1,463,0.4054,CNN-Flat
1,464,0.4072,CNN-Flat
1,465,0.4125,CNN-Flat
1,466,0.4061,CNN-Flat
1,467,0.4095,CNN-Flat
1,468,0.5652,CNN-Flat
1,469,0.4706,CNN-Flat
1,470,0.5306,CNN-Flat
1,471,0.4589,CNN-Flat
1,472,0.6747,CNN-Flat
1,473,0.594,CNN-Flat
1,474,0.5615,CNN-Flat
1,475,0.433,CNN-Flat
1,476,0.3981,CNN-Flat
1,477,0.4138,CNN-Flat
1,478,0.4113,CNN-Flat
1,479,0.4056,CNN-Flat
1,480,0.58,CNN-Flat
1,481,0.5997,CNN-Flat
1,482,0.5939,CNN-Flat
1,483,0.5248,CNN-Flat
1,484,0.5194,CNN-Flat
1,485,0.4423,CNN-Flat
1,486,0.413,CNN-Flat
1,487,0.4048,CNN-Flat
1,488,0.4102,CNN-Flat
1,489,0.5106,CNN-Flat
1,490,0.5554,CNN-Flat
1,491,0.4681,CNN-Flat
1,492,0.5736,CNN-Flat
1,493,0.7029,CNN-Flat
1,494,0.5428,CNN-Flat
1,495,0.4178,CNN-Flat
1,496,0.4915,CNN-Flat
1,497,0.4465,CNN-Flat
1,498,0.4145,CNN-Flat
1,499,0.4016,CNN-Flat
1,500,0.4608,CNN-Flat
1,501,0.4332,CNN-Flat
1,502,0.4073,CNN-Flat
1,503,0.7551,CNN-Flat
1,504,0.6644,CNN-Flat
1,505,0.688,CNN-Flat
1,506,0.7575,CNN-Flat
1,507,0.6011,CNN-Flat
1,508,0.4289,CNN-Flat
1,509,0.3761,CNN-Flat
1,510,0.3999,CNN-Flat
1,511,0.3779,CNN-Flat
1,512,0.4035,CNN-Flat
1,513,0.4133,CNN-Flat
1,514,0.3842,CNN-Flat
1,515,0.3996,CNN-Flat
1,516,0.4504,CNN-Flat
1,517,0.7277,CNN-Flat
1,518,0.6282,CNN-Flat
1,519,0.4889,CNN-Flat
1,520,0.5222,CNN-Flat
1,521,0.4127,CNN-Flat
1,522,0.3848,CNN-Flat
1,523,0.4032,CNN-Flat
1,524,0.3713,CNN-Flat
1,525,0.411,CNN-Flat
1,526,0.3685,CNN-Flat
1,527,0.3541,CNN-Flat
1,528,0.2994,CNN-Flat
1,529,0.3338,CNN-Flat
1,530,0.5184,CNN-Flat
1,531,0.6813,CNN-Flat
1,532,0.572,CNN-Flat
1,533,0.7825,CNN-Flat
1,534,0.696,CNN-Flat
1,535,0.3773,CNN-Flat
1,536,0.6491,CNN-Flat
1,537,0.6232,CNN-Flat
1,538,0.4497,CNN-Flat
1,539,0.5442,CNN-Flat
1,540,0.7818,CNN-Flat
1,541,0.7917,CNN-Flat
1,542,0.561,CNN-Flat
1,543,0.4582,CNN-Flat
1,544,0.4464,CNN-Flat
1,545,0.3361,CNN-Flat
1,546,0.35,CNN-Flat
1,547,0.3516,CNN-Flat
1,548,0.37,CNN-Flat
1,549,0.3762,CNN-Flat
1,550,0.3809,CNN-Flat
1,551,0.3719,CNN-Flat
1,552,0.354,CNN-Flat
1,553,0.381,CNN-Flat
1,554,0.6966,CNN-Flat
1,555,0.6462,CNN-Flat
1,556,0.5756,CNN-Flat
1,557,0.4011,CNN-Flat
1,558,0.4281,CNN-Flat
1,559,0.4553,CNN-Flat
1,560,0.3874,CNN-Flat
1,561,0.4223,CNN-Flat
1,562,0.4429,CNN-Flat
1,563,0.6384,CNN-Flat
1,564,0.6365,CNN-Flat
1,565,0.4023,CNN-Flat
1,566,0.6433,CNN-Flat
1,567,0.5525,CNN-Flat
1,568,0.5054,CNN-Flat
1,569,0.4599,CNN-Flat
1,570,0.5229,CNN-Flat
1,571,0.4267,CNN-Flat
1,572,0.4268,CNN-Flat
1,573,0.378,CNN-Flat
1,574,0.4007,CNN-Flat
1,575,0.5414,CNN-Flat
1,576,0.4735,CNN-Flat
1,577,0.3566,CNN-Flat
1,578,0.4052,CNN-Flat
1,579,0.6307,CNN-Flat
1,580,0.5915,CNN-Flat
1,581,0.5262,CNN-Flat
1,582,0.531,CNN-Flat
1,583,0.4252,CNN-Flat
1,584,0.378,CNN-Flat
1,585,0.3554,CNN-Flat
1,586,0.3362,CNN-Flat
1,587,0.3478,CNN-Flat
1,588,0.3424,CNN-Flat
1,589,0.2655,CNN-Flat
1,590,0.2997,CNN-Flat
1,591,0.3384,CNN-Flat
1,592,0.3336,CNN-Flat
1,593,0.4026,CNN-Flat
1,594,0.5074,CNN-Flat
1,595,0.5153,CNN-Flat
1,596,0.4318,CNN-Flat
1,597,0.5976,CNN-Flat
1,598,0.6498,CNN-Flat
1,599,0.6453,CNN-Flat
1,600,0.3718,CNN-Flat
1,601,0.3157,CNN-Flat
1,602,0.2763,CNN-Flat
1,603,0.4438,CNN-Flat
1,604,0.6399,CNN-Flat
1,605,0.4787,CNN-Flat
1,606,0.6454,CNN-Flat
1,607,0.6194,CNN-Flat
1,608,0.4549,CNN-Flat
1,609,0.4789,CNN-Flat
1,610,0.4004,CNN-Flat
1,611,0.3339,CNN-Flat
1,612,0.3068,CNN-Flat
1,613,0.2806,CNN-Flat
1,614,0.3259,CNN-Flat
1,615,0.3361,CNN-Flat
1,616,0.3484,CNN-Flat
1,617,0.4152,CNN-Flat
1,618,0.4664,CNN-Flat
1,619,0.3561,CNN-Flat
1,620,0.4232,CNN-Flat
1,621,0.6355,CNN-Flat
1,622,0.5636,CNN-Flat
1,623,0.4124,CNN-Flat
1,624,0.5055,CNN-Flat
1,625,0.4574,CNN-Flat
1,626,0.398,CNN-Flat
1,627,0.4196,CNN-Flat
1,628,0.3729,CNN-Flat
1,629,0.3426,CNN-Flat
1,630,0.3723,CNN-Flat
1,631,0.35,CNN-Flat
1,632,0.3517,CNN-Flat
1,633,0.5321,CNN-Flat
1,634,0.7988,CNN-Flat
1,635,0.4424,CNN-Flat
1,636,0.5781,CNN-Flat
1,637,0.4372,CNN-Flat
1,638,0.5454,CNN-Flat
1,639,0.6645,CNN-Flat
1,640,0.5901,CNN-Flat
1,641,0.4314,CNN-Flat
1,642,0.4276,CNN-Flat
1,643,0.3921,CNN-Flat
1,644,0.3951,CNN-Flat
1,645,0.3997,CNN-Flat
1,646,0.5447,CNN-Flat
1,647,0.5453,CNN-Flat
1,648,0.5675,CNN-Flat
1,649,0.5271,CNN-Flat
1,650,0.4974,CNN-Flat
1,651,0.4405,CNN-Flat
1,652,0.3459,CNN-Flat
1,653,0.2724,CNN-Flat
1,654,0.251,CNN-Flat
1,655,0.2499,CNN-Flat
1,656,0.2525,CNN-Flat
1,657,0.2463,CNN-Flat
1,658,0.2462,CNN-Flat
1,659,0.2565,CNN-Flat
1,660,0.2449,CNN-Flat
1,661,0.2456,CNN-Flat
1,662,0.2466,CNN-Flat
1,663,0.3731,CNN-Flat
1,664,0.5253,CNN-Flat
1,665,0.4484,CNN-Flat
1,666,0.297,CNN-Flat
1,667,0.2735,CNN-Flat
1,668,0.3713,CNN-Flat
1,669,0.4883,CNN-Flat
1,670,0.4135,CNN-Flat
1,671,0.395,CNN-Flat
1,672,0.4657,CNN-Flat
1,673,0.4037,CNN-Flat
1,674,0.3669,CNN-Flat
1,675,0.4172,CNN-Flat
1,676,0.3485,CNN-Flat
1,677,0.27,CNN-Flat
1,678,0.245,CNN-Flat
1,679,0.5074,CNN-Flat
1,680,0.5043,CNN-Flat
1,681,0.3955,CNN-Flat
1,682,0.3007,CNN-Flat
1,683,0.269,CNN-Flat
1,684,0.2991,CNN-Flat
1,685,0.2909,CNN-Flat
1,686,0.2635,CNN-Flat
1,687,0.2478,CNN-Flat
1,688,0.2503,CNN-Flat
1,689,0.2507,CNN-Flat
1,690,0.2447,CNN-Flat
1,691,0.2437,CNN-Flat
1,692,0.2423,CNN-Flat
1,693,0.2415,CNN-Flat
1,694,0.2433,CNN-Flat
1,695,0.2443,CNN-Flat
1,696,0.2644,CNN-Flat
1,697,0.32,CNN-Flat
1,698,0.2834,CNN-Flat
1,699,0.3088,CNN-Flat
1,700,0.4605,CNN-Flat
1,701,0.4534,CNN-Flat
1,702,0.3038,CNN-Flat
1,703,0.4183,CNN-Flat
1,704,0.4587,CNN-Flat
1,705,0.4473,CNN-Flat
1,706,0.3252,CNN-Flat
1,707,0.2601,CNN-Flat
1,708,0.26,CNN-Flat
1,709,0.2587,CNN-Flat
1,710,0.2445,CNN-Flat
1,711,0.2893,CNN-Flat
1,712,0.2478,CNN-Flat
1,713,0.2424,CNN-Flat
1,714,0.2979,CNN-Flat
1,715,0.4556,CNN-Flat
1,716,0.3226,CNN-Flat
1,717,0.3415,CNN-Flat
1,718,0.4091,CNN-Flat
1,719,0.6175,CNN-Flat
1,720,0.4183,CNN-Flat
1,721,0.2871,CNN-Flat
1,722,0.3046,CNN-Flat
1,723,0.3033,CNN-Flat
1,724,0.2727,CNN-Flat
1,725,0.2517,CNN-Flat
1,726,0.2447,CNN-Flat
1,727,0.2458,CNN-Flat
1,728,0.2488,CNN-Flat
1,729,0.2449,CNN-Flat
1,730,0.2431,CNN-Flat
1,731,0.3352,CNN-Flat
1,732,0.3975,CNN-Flat
1,733,0.4683,CNN-Flat
1,734,0.3658,CNN-Flat
1,735,0.4889,CNN-Flat
1,736,0.4743,CNN-Flat
1,737,0.6395,CNN-Flat
1,738,0.4707,CNN-Flat
1,739,0.3004,CNN-Flat
1,740,0.3055,CNN-Flat
1,741,0.2779,CNN-Flat
1,742,0.4029,CNN-Flat
1,743,0.2837,CNN-Flat
1,744,0.2555,CNN-Flat
1,745,0.2438,CNN-Flat
1,746,0.2517,CNN-Flat
1,747,0.2466,CNN-Flat
1,748,0.2434,CNN-Flat
1,749,0.2429,CNN-Flat
1,750,0.2527,CNN-Flat
1,751,0.2434,CNN-Flat
1,752,0.2428,CNN-Flat
1,753,0.2421,CNN-Flat
1,754,0.3376,CNN-Flat
1,755,0.4496,CNN-Flat
1,756,0.4878,CNN-Flat
1,757,0.3356,CNN-Flat
1,758,0.2773,CNN-Flat
1,759,0.2661,CNN-Flat
1,760,0.2809,CNN-Flat
1,761,0.557,CNN-Flat
1,762,0.2906,CNN-Flat
1,763,0.2687,CNN-Flat
1,764,0.2462,CNN-Flat
1,765,0.2469,CNN-Flat
1,766,0.2603,CNN-Flat
1,767,0.2502,CNN-Flat
1,768,0.2623,CNN-Flat
1,769,0.2845,CNN-Flat
1,770,0.2666,CNN-Flat
1,771,0.245,CNN-Flat
1,772,0.2436,CNN-Flat
1,773,0.2422,CNN-Flat
1,774,0.4915,CNN-Flat
1,775,0.4611,CNN-Flat
1,776,0.4214,CNN-Flat
1,777,0.2885,CNN-Flat
1,778,0.2753,CNN-Flat
1,779,0.307,CNN-Flat
1,780,0.28,CNN-Flat
1,781,0.2623,CNN-Flat
1,782,0.2474,CNN-Flat
1,783,0.2449,CNN-Flat
1,784,0.2491,CNN-Flat
1,785,0.2444,CNN-Flat
1,786,0.2438,CNN-Flat
1,787,0.2527,CNN-Flat
1,788,0.245,CNN-Flat
1,789,0.2433,CNN-Flat
1,790,0.2436,CNN-Flat
1,791,0.2422,CNN-Flat
1,792,0.2423,CNN-Flat
1,793,0.2427,CNN-Flat
1,794,0.2415,CNN-Flat
1,795,0.3642,CNN-Flat
1,796,0.4318,CNN-Flat
1,797,0.4459,CNN-Flat
1,798,0.2938,CNN-Flat
1,799,0.2733,CNN-Flat
1,800,0.2803,CNN-Flat
1,801,0.2769,CNN-Flat
1,802,0.2522,CNN-Flat
1,803,0.282,CNN-Flat
1,804,0.3819,CNN-Flat
1,805,0.2758,CNN-Flat
1,806,0.2489,CNN-Flat
1,807,0.2476,CNN-Flat
1,808,0.3041,CNN-Flat
1,809,0.2468,CNN-Flat
1,810,0.2442,CNN-Flat
1,811,0.2441,CNN-Flat
1,812,0.2432,CNN-Flat
1,813,0.2429,CNN-Flat
1,814,0.2436,CNN-Flat
1,815,0.2431,CNN-Flat
1,816,0.8918,CNN-Flat
1,817,0.5974,CNN-Flat
1,818,0.3293,CNN-Flat
1,819,0.2918,CNN-Flat
1,820,0.2729,CNN-Flat
1,821,0.2928,CNN-Flat
1,822,0.2819,CNN-Flat
1,823,0.2702,CNN-Flat
1,824,0.2557,CNN-Flat
1,825,0.2469,CNN-Flat
1,826,0.2541,CNN-Flat
1,827,0.2444,CNN-Flat
1,828,0.2434,CNN-Flat
1,829,0.2431,CNN-Flat
1,830,0.2429,CNN-Flat
1,831,0.2445,CNN-Flat
1,832,0.243,CNN-Flat
1,833,0.2452,CNN-Flat
1,834,0.2508,CNN-Flat
1,835,0.2562,CNN-Flat
1,836,0.5838,CNN-Flat
1,837,0.5179,CNN-Flat
1,838,0.3782,CNN-Flat
1,839,0.3123,CNN-Flat
1,840,0.2894,CNN-Flat
1,841,0.2635,CNN-Flat
1,842,0.2559,CNN-Flat
1,843,0.2506,CNN-Flat
1,844,0.2438,CNN-Flat
1,845,0.243,CNN-Flat
1,846,0.248,CNN-Flat
1,847,0.2573,CNN-Flat
1,848,0.2441,CNN-Flat
1,849,0.244,CNN-Flat
1,850,0.2544,CNN-Flat
1,851,0.3034,CNN-Flat
1,852,0.2445,CNN-Flat
1,853,0.2438,CNN-Flat
1,854,0.2433,CNN-Flat
1,855,0.2527,CNN-Flat
1,856,0.3197,CNN-Flat
1,857,0.4993,CNN-Flat
1,858,0.426,CNN-Flat
1,859,0.337,CNN-Flat
1,860,0.2777,CNN-Flat
1,861,0.2642,CNN-Flat
1,862,0.3154,CNN-Flat
1,863,0.2675,CNN-Flat
1,864,0.2606,CNN-Flat
1,865,0.2572,CNN-Flat
1,866,0.5779,CNN-Flat
1,867,0.3878,CNN-Flat
1,868,0.3712,CNN-Flat
1,869,0.308,CNN-Flat
1,870,0.4192,CNN-Flat
1,871,0.4284,CNN-Flat
1,872,0.3855,CNN-Flat
1,873,0.651,CNN-Flat
1,874,0.6003,CNN-Flat
1,875,0.3609,CNN-Flat
1,876,0.2794,CNN-Flat
1,877,0.2754,CNN-Flat
1,878,0.2908,CNN-Flat
1,879,0.274,CNN-Flat
1,880,0.2622,CNN-Flat
1,881,0.259,CNN-Flat
1,882,0.245,CNN-Flat
1,883,0.2494,CNN-Flat
1,884,0.2453,CNN-Flat
1,885,0.2448,CNN-Flat
1,886,0.2453,CNN-Flat
1,887,0.2444,CNN-Flat
1,888,0.2428,CNN-Flat
1,889,0.2506,CNN-Flat
1,890,0.2453,CNN-Flat
1,891,0.2436,CNN-Flat
1,892,0.243,CNN-Flat
1,893,0.3136,CNN-Flat
1,894,0.425,CNN-Flat
1,895,0.483,CNN-Flat
1,896,0.3009,CNN-Flat
1,897,0.2618,CNN-Flat
1,898,0.2689,CNN-Flat
1,899,0.2758,CNN-Flat
1,900,0.2786,CNN-Flat
1,901,0.281,CNN-Flat
1,902,0.2472,CNN-Flat
1,903,0.2558,CNN-Flat
1,904,0.25,CNN-Flat
1,905,0.2939,CNN-Flat
1,906,0.2447,CNN-Flat
1,907,0.2432,CNN-Flat
1,908,0.2425,CNN-Flat
1,909,0.2426,CNN-Flat
1,910,0.2511,CNN-Flat
1,911,0.2507,CNN-Flat
1,912,0.2419,CNN-Flat
1,913,0.2475,CNN-Flat
1,914,0.244,CNN-Flat
1,915,0.4503,CNN-Flat
1,916,0.701,CNN-Flat
1,917,0.4914,CNN-Flat
1,918,0.344,CNN-Flat
1,919,0.2978,CNN-Flat
1,920,0.4678,CNN-Flat
1,921,0.3746,CNN-Flat
1,922,0.2493,CNN-Flat
1,923,0.259,CNN-Flat
1,924,0.246,CNN-Flat
1,925,0.2501,CNN-Flat
1,926,0.2646,CNN-Flat
1,927,0.243,CNN-Flat
1,928,0.2428,CNN-Flat
1,929,0.2597,CNN-Flat
1,930,0.2426,CNN-Flat
1,931,0.2483,CNN-Flat
1,932,0.2566,CNN-Flat
1,933,0.3645,CNN-Flat
1,934,0.5879,CNN-Flat
1,935,0.5018,CNN-Flat
1,936,0.531,CNN-Flat
1,937,0.3921,CNN-Flat
1,938,0.3041,CNN-Flat
1,939,0.2906,CNN-Flat
1,940,0.2669,CNN-Flat
1,941,0.2485,CNN-Flat
1,942,0.248,CNN-Flat
1,943,0.2478,CNN-Flat
1,944,0.2527,CNN-Flat
1,945,0.3386,CNN-Flat
1,946,0.3374,CNN-Flat
1,947,0.2637,CNN-Flat
1,948,0.2458,CNN-Flat
1,949,0.2443,CNN-Flat
1,950,0.2452,CNN-Flat
1,951,0.2958,CNN-Flat
1,952,0.4347,CNN-Flat
1,953,0.4742,CNN-Flat
1,954,0.5053,CNN-Flat
1,955,0.3066,CNN-Flat
1,956,0.2709,CNN-Flat
1,957,0.281,CNN-Flat
1,958,0.3023,CNN-Flat
1,959,0.2915,CNN-Flat
1,960,0.266,CNN-Flat
1,961,0.259,CNN-Flat
1,962,0.2456,CNN-Flat
1,963,0.27,CNN-Flat
1,964,0.2956,CNN-Flat
1,965,0.5096,CNN-Flat
1,966,0.2889,CNN-Flat
1,967,0.2522,CNN-Flat
1,968,0.2497,CNN-Flat
1,969,0.2439,CNN-Flat
1,970,0.2427,CNN-Flat
1,971,0.3344,CNN-Flat
1,972,0.4791,CNN-Flat
1,973,0.5092,CNN-Flat
1,974,0.3232,CNN-Flat
1,975,0.2746,CNN-Flat
1,976,0.2838,CNN-Flat
1,977,0.2981,CNN-Flat
1,978,0.2829,CNN-Flat
1,979,0.2607,CNN-Flat
1,980,0.2485,CNN-Flat
1,981,0.2432,CNN-Flat
1,982,0.2432,CNN-Flat
1,983,0.2528,CNN-Flat
1,984,0.2547,CNN-Flat
1,985,0.2422,CNN-Flat
1,986,0.2422,CNN-Flat
1,987,0.2433,CNN-Flat
1,988,0.2426,CNN-Flat
1,989,0.2438,CNN-Flat
1,990,0.2426,CNN-Flat
1,991,0.2427,CNN-Flat
1,992,0.3255,CNN-Flat
1,993,0.4093,CNN-Flat
1,994,0.4743,CNN-Flat
1,995,0.3004,CNN-Flat
1,996,0.2897,CNN-Flat
1,997,0.4171,CNN-Flat
1,998,0.3518,CNN-Flat
1,999,0.2686,CNN-Flat
1,1000,0.3014,CNN-Flat
2,1,0.2749,CNN-Flat
2,2,0.2581,CNN-Flat
2,3,0.2546,CNN-Flat
2,4,0.2956,CNN-Flat
2,5,0.256,CNN-Flat
2,6,0.2443,CNN-Flat
2,7,0.2474,CNN-Flat
2,8,0.2421,CNN-Flat
2,9,0.2435,CNN-Flat
2,10,0.2426,CNN-Flat
2,11,0.2416,CNN-Flat
2,12,0.241,CNN-Flat
2,13,0.247,CNN-Flat
2,14,0.243,CNN-Flat
2,15,0.2427,CNN-Flat
2,16,0.2423,CNN-Flat
2,17,0.2877,CNN-Flat
2,18,0.4377,CNN-Flat
2,19,0.4775,CNN-Flat
2,20,0.3209,CNN-Flat
2,21,0.2904,CNN-Flat
2,22,0.3891,CNN-Flat
2,23,0.2966,CNN-Flat
2,24,0.2625,CNN-Flat
2,25,0.249,CNN-Flat
2,26,0.2559,CNN-Flat
2,27,0.2466,CNN-Flat
2,28,0.252,CNN-Flat
2,29,0.2437,CNN-Flat
2,30,0.2445,CNN-Flat
2,31,0.2452,CNN-Flat
2,32,0.2412,CNN-Flat
2,33,0.2553,CNN-Flat
2,34,0.2483,CNN-Flat
2,35,0.2477,CNN-Flat
2,36,0.3292,CNN-Flat
2,37,0.3038,CNN-Flat
2,38,0.3927,CNN-Flat
2,39,0.5317,CNN-Flat
2,40,0.4416,CNN-Flat
2,41,0.286,CNN-Flat
2,42,0.2776,CNN-Flat
2,43,0.2919,CNN-Flat
2,44,0.2774,CNN-Flat
2,45,0.2609,CNN-Flat
2,46,0.2465,CNN-Flat
2,47,0.2587,CNN-Flat
2,48,0.2493,CNN-Flat
2,49,0.242,CNN-Flat
2,50,0.2409,CNN-Flat
2,51,0.2415,CNN-Flat
2,52,0.2408,CNN-Flat
2,53,0.2416,CNN-Flat
2,54,0.2413,CNN-Flat
2,55,0.2899,CNN-Flat
2,56,0.2502,CNN-Flat
2,57,0.2424,CNN-Flat
2,58,0.2421,CNN-Flat
2,59,0.3431,CNN-Flat
2,60,0.5425,CNN-Flat
2,61,0.5233,CNN-Flat
2,62,0.3079,CNN-Flat
2,63,0.3759,CNN-Flat
2,64,0.3573,CNN-Flat
2,65,0.3199,CNN-Flat
2,66,0.2814,CNN-Flat
2,67,0.2887,CNN-Flat
2,68,0.3004,CNN-Flat
2,69,0.2785,CNN-Flat
2,70,0.2473,CNN-Flat
2,71,0.2437,CNN-Flat
2,72,0.2436,CNN-Flat
2,73,0.2441,CNN-Flat
2,74,0.2513,CNN-Flat
2,75,0.3034,CNN-Flat
2,76,0.3817,CNN-Flat
2,77,0.2596,CNN-Flat
2,78,0.3771,CNN-Flat
2,79,0.4671,CNN-Flat
2,80,0.5031,CNN-Flat
2,81,0.3157,CNN-Flat
2,82,0.2721,CNN-Flat
2,83,0.2974,CNN-Flat
2,84,0.2916,CNN-Flat
2,85,0.2843,CNN-Flat
2,86,0.2511,CNN-Flat
2,87,0.2451,CNN-Flat
2,88,0.2429,CNN-Flat
2,89,0.2428,CNN-Flat
2,90,0.2434,CNN-Flat
2,91,0.2417,CNN-Flat
2,92,0.243,CNN-Flat
2,93,0.248,CNN-Flat
2,94,0.2434,CNN-Flat
2,95,0.2415,CNN-Flat
2,96,0.2425,CNN-Flat
2,97,0.2417,CNN-Flat
2,98,0.2418,CNN-Flat
2,99,0.3227,CNN-Flat
2,100,0.4566,CNN-Flat
2,101,0.4404,CNN-Flat
2,102,0.4377,CNN-Flat
2,103,0.3882,CNN-Flat
2,104,0.2996,CNN-Flat
2,105,0.3653,CNN-Flat
2,106,0.2635,CNN-Flat
2,107,0.247,CNN-Flat
2,108,0.2589,CNN-Flat
2,109,0.244,CNN-Flat
2,110,0.2438,CNN-Flat
2,111,0.2443,CNN-Flat
2,112,0.2424,CNN-Flat
2,113,0.2422,CNN-Flat
2,114,0.2538,CNN-Flat
2,115,0.2421,CNN-Flat
2,116,0.2422,CNN-Flat
2,117,0.2419,CNN-Flat
2,118,0.2411,CNN-Flat
2,119,0.2413,CNN-Flat
2,120,0.4966,CNN-Flat
2,121,0.483,CNN-Flat
2,122,0.405,CNN-Flat
2,123,0.2818,CNN-Flat
2,124,0.29,CNN-Flat
2,125,0.37,CNN-Flat
2,126,0.3329,CNN-Flat
2,127,0.2779,CNN-Flat
2,128,0.3563,CNN-Flat
2,129,0.4024,CNN-Flat
2,130,0.3644,CNN-Flat
2,131,0.3608,CNN-Flat
2,132,0.2471,CNN-Flat
2,133,0.2527,CNN-Flat
2,134,0.2605,CNN-Flat
2,135,0.2679,CNN-Flat
2,136,0.246,CNN-Flat
2,137,0.2479,CNN-Flat
2,138,0.3224,CNN-Flat
2,139,0.4427,CNN-Flat
2,140,0.5407,CNN-Flat
2,141,0.3371,CNN-Flat
2,142,0.2823,CNN-Flat
2,143,0.2901,CNN-Flat
2,144,0.277,CNN-Flat
2,145,0.2648,CNN-Flat
2,146,0.2704,CNN-Flat
2,147,0.2486,CNN-Flat
2,148,0.2462,CNN-Flat
2,149,0.2465,CNN-Flat
2,150,0.2475,CNN-Flat
2,151,0.2448,CNN-Flat
2,152,0.2438,CNN-Flat
2,153,0.244,CNN-Flat
2,154,0.2502,CNN-Flat
2,155,0.2448,CNN-Flat
2,156,0.2444,CNN-Flat
2,157,0.2768,CNN-Flat
2,158,0.253,CNN-Flat
2,159,0.3174,CNN-Flat
2,160,0.4268,CNN-Flat
2,161,0.474,CNN-Flat
2,162,0.3177,CNN-Flat
2,163,0.2745,CNN-Flat
2,164,0.2615,CNN-Flat
2,165,0.2562,CNN-Flat
2,166,0.29,CNN-Flat
2,167,0.2769,CNN-Flat
2,168,0.2785,CNN-Flat
2,169,0.3422,CNN-Flat
2,170,0.3818,CNN-Flat
2,171,0.2623,CNN-Flat
2,172,0.2487,CNN-Flat
2,173,0.2439,CNN-Flat
2,174,0.2432,CNN-Flat
2,175,0.2561,CNN-Flat
2,176,0.2441,CNN-Flat
2,177,0.2428,CNN-Flat
2,178,0.243,CNN-Flat
2,179,0.2431,CNN-Flat
2,180,0.8221,CNN-Flat
2,181,0.6278,CNN-Flat
2,182,0.3689,CNN-Flat
2,183,0.2799,CNN-Flat
2,184,0.2977,CNN-Flat
2,185,0.3534,CNN-Flat
2,186,0.2764,CNN-Flat
2,187,0.2477,CNN-Flat
2,188,0.2444,CNN-Flat
2,189,0.3288,CNN-Flat
2,190,0.2546,CNN-Flat
2,191,0.2499,CNN-Flat
2,192,0.3539,CNN-Flat
2,193,0.42,CNN-Flat
2,194,0.3349,CNN-Flat
2,195,0.2499,CNN-Flat
2,196,0.2461,CNN-Flat
2,197,0.2938,CNN-Flat
2,198,0.4802,CNN-Flat
2,199,0.5516,CNN-Flat
2,200,0.3489,CNN-Flat
2,201,0.2774,CNN-Flat
2,202,0.2803,CNN-Flat
2,203,0.2769,CNN-Flat
2,204,0.2769,CNN-Flat
2,205,0.2678,CNN-Flat
2,206,0.2686,CNN-Flat
2,207,0.2457,CNN-Flat
2,208,0.2431,CNN-Flat
2,209,0.2472,CNN-Flat
2,210,0.2431,CNN-Flat
2,211,0.2421,CNN-Flat
2,212,0.2431,CNN-Flat
2,213,0.2428,CNN-Flat
2,214,0.2422,CNN-Flat
2,215,0.2498,CNN-Flat
2,216,0.2427,CNN-Flat
2,217,0.2425,CNN-Flat
2,218,0.2647,CNN-Flat
2,219,0.4951,CNN-Flat
2,220,0.47,CNN-Flat
2,221,0.331,CNN-Flat
2,222,0.2681,CNN-Flat
2,223,0.2771,CNN-Flat
2,224,0.2724,CNN-Flat
2,225,0.2562,CNN-Flat
2,226,0.2485,CNN-Flat
2,227,0.5301,CNN-Flat
2,228,0.566,CNN-Flat
2,229,0.4529,CNN-Flat
2,230,0.463,CNN-Flat
2,231,0.4694,CNN-Flat
2,232,0.2596,CNN-Flat
2,233,0.2501,CNN-Flat
2,234,0.255,CNN-Flat
2,235,0.3241,CNN-Flat
2,236,0.4508,CNN-Flat
2,237,0.4992,CNN-Flat
2,238,0.345,CNN-Flat
2,239,0.2873,CNN-Flat
2,240,0.2696,CNN-Flat
2,241,0.2898,CNN-Flat
2,242,0.272,CNN-Flat
2,243,0.2559,CNN-Flat
2,244,0.2469,CNN-Flat
2,245,0.2431,CNN-Flat
2,246,0.2455,CNN-Flat
2,247,0.2538,CNN-Flat
2,248,0.2439,CNN-Flat
2,249,0.2462,CNN-Flat
2,250,0.2418,CNN-Flat
2,251,0.2419,CNN-Flat
2,252,0.2809,CNN-Flat
2,253,0.3089,CNN-Flat
2,254,0.3297,CNN-Flat
2,255,0.2982,CNN-Flat
2,256,0.5215,CNN-Flat
2,257,0.518,CNN-Flat
2,258,0.3354,CNN-Flat
2,259,0.2837,CNN-Flat
2,260,0.2818,CNN-Flat
2,261,0.2581,CNN-Flat
2,262,0.4088,CNN-Flat
2,263,0.3391,CNN-Flat
2,264,0.2709,CNN-Flat
2,265,0.2761,CNN-Flat
2,266,0.2625,CNN-Flat
2,267,0.2582,CNN-Flat
2,268,0.2445,CNN-Flat
2,269,0.2427,CNN-Flat
2,270,0.2438,CNN-Flat
2,271,0.2426,CNN-Flat
2,272,0.2421,CNN-Flat
2,273,0.2425,CNN-Flat
2,274,0.2489,CNN-Flat
2,275,0.2439,CNN-Flat
2,276,0.4384,CNN-Flat
2,277,0.5732,CNN-Flat
2,278,0.4565,CNN-Flat
2,279,0.2924,CNN-Flat
2,280,0.2915,CNN-Flat
2,281,0.2873,CNN-Flat
2,282,0.3504,CNN-Flat
2,283,0.2913,CNN-Flat
2,284,0.2483,CNN-Flat
2,285,0.2452,CNN-Flat
2,286,0.2448,CNN-Flat
2,287,0.2428,CNN-Flat
2,288,0.244,CNN-Flat
2,289,0.2572,CNN-Flat
2,290,0.2441,CNN-Flat
2,291,0.2453,CNN-Flat
2,292,0.2439,CNN-Flat
2,293,0.2461,CNN-Flat
2,294,0.2433,CNN-Flat
2,295,0.2422,CNN-Flat
2,296,0.284,CNN-Flat
2,297,0.5839,CNN-Flat
2,298,0.5318,CNN-Flat
2,299,0.3283,CNN-Flat
2,300,0.2853,CNN-Flat
2,301,0.2823,CNN-Flat
2,302,0.291,CNN-Flat
2,303,0.2582,CNN-Flat
2,304,0.2536,CNN-Flat
2,305,0.2517,CNN-Flat
2,306,0.2436,CNN-Flat
2,307,0.2417,CNN-Flat
2,308,0.2427,CNN-Flat
2,309,0.2424,CNN-Flat
2,310,0.2607,CNN-Flat
2,311,0.2435,CNN-Flat
2,312,0.2423,CNN-Flat
2,313,0.2416,CNN-Flat
2,314,0.2417,CNN-Flat
2,315,0.2503,CNN-Flat
2,316,0.2437,CNN-Flat
2,317,0.3251,CNN-Flat
2,318,0.4784,CNN-Flat
2,319,0.4577,CNN-Flat
2,320,0.306,CNN-Flat
2,321,0.2748,CNN-Flat
2,322,0.2821,CNN-Flat
2,323,0.2773,CNN-Flat
2,324,0.2578,CNN-Flat
2,325,0.2455,CNN-Flat
2,326,0.2438,CNN-Flat
2,327,0.2466,CNN-Flat
2,328,0.2555,CNN-Flat
2,329,0.2532,CNN-Flat
2,330,0.2452,CNN-Flat
2,331,0.2792,CNN-Flat
2,332,0.2771,CNN-Flat
2,333,0.4783,CNN-Flat
2,334,0.3339,CNN-Flat
2,335,0.3182,CNN-Flat
2,336,0.3082,CNN-Flat
2,337,0.2873,CNN-Flat
2,338,0.5714,CNN-Flat
2,339,0.5919,CNN-Flat
2,340,0.3157,CNN-Flat
2,341,0.2765,CNN-Flat
2,342,0.2851,CNN-Flat
2,343,0.2775,CNN-Flat
2,344,0.378,CNN-Flat
2,345,0.3763,CNN-Flat
2,346,0.2951,CNN-Flat
2,347,0.2567,CNN-Flat
2,348,0.2483,CNN-Flat
2,349,0.2461,CNN-Flat
2,350,0.281,CNN-Flat
2,351,0.2634,CNN-Flat
2,352,0.2436,CNN-Flat
2,353,0.2966,CNN-Flat
2,354,0.3371,CNN-Flat
2,355,0.269,CNN-Flat
2,356,0.4545,CNN-Flat
2,357,0.4869,CNN-Flat
2,358,0.4391,CNN-Flat
2,359,0.3096,CNN-Flat
2,360,0.3677,CNN-Flat
2,361,0.3947,CNN-Flat
2,362,0.419,CNN-Flat
2,363,0.2957,CNN-Flat
2,364,0.2741,CNN-Flat
2,365,0.2571,CNN-Flat
2,366,0.249,CNN-Flat
2,367,0.2445,CNN-Flat
2,368,0.2435,CNN-Flat
2,369,0.2479,CNN-Flat
2,370,0.255,CNN-Flat
2,371,0.2446,CNN-Flat
2,372,0.2425,CNN-Flat
2,373,0.2426,CNN-Flat
2,374,0.2503,CNN-Flat
2,375,0.3193,CNN-Flat
2,376,0.4887,CNN-Flat
2,377,0.489,CNN-Flat
2,378,0.3128,CNN-Flat
2,379,0.2888,CNN-Flat
2,380,0.4788,CNN-Flat
2,381,0.4536,CNN-Flat
2,382,0.3723,CNN-Flat
2,383,0.3657,CNN-Flat
2,384,0.2563,CNN-Flat
2,385,0.4246,CNN-Flat
2,386,0.3118,CNN-Flat
2,387,0.2924,CNN-Flat
2,388,0.246,CNN-Flat
2,389,0.2449,CNN-Flat
2,390,0.2525,CNN-Flat
2,391,0.2457,CNN-Flat
2,392,0.2427,CNN-Flat
2,393,0.4174,CNN-Flat
2,394,0.5089,CNN-Flat
2,395,0.4218,CNN-Flat
2,396,0.3219,CNN-Flat
2,397,0.2655,CNN-Flat
2,398,0.2924,CNN-Flat
2,399,0.2834,CNN-Flat
2,400,0.2629,CNN-Flat
2,401,0.2541,CNN-Flat
2,402,0.2426,CNN-Flat
2,403,0.2499,CNN-Flat
2,404,0.2444,CNN-Flat
2,405,0.2444,CNN-Flat
2,406,0.2443,CNN-Flat
2,407,0.243,CNN-Flat
2,408,0.2421,CNN-Flat
2,409,0.2418,CNN-Flat
2,410,0.2424,CNN-Flat
2,411,0.2422,CNN-Flat
2,412,0.2501,CNN-Flat
2,413,0.2422,CNN-Flat
2,414,0.2444,CNN-Flat
2,415,0.5217,CNN-Flat
2,416,0.4939,CNN-Flat
2,417,0.4587,CNN-Flat
2,418,0.4213,CNN-Flat
2,419,0.2993,CNN-Flat
2,420,0.261,CNN-Flat
2,421,0.2449,CNN-Flat
2,422,0.2439,CNN-Flat
2,423,0.3635,CNN-Flat
2,424,0.2906,CNN-Flat
2,425,0.259,CNN-Flat
2,426,0.3911,CNN-Flat
2,427,0.2691,CNN-Flat
2,428,0.2502,CNN-Flat
2,429,0.2438,CNN-Flat
2,430,0.3407,CNN-Flat
2,431,0.335,CNN-Flat
2,432,0.2683,CNN-Flat
2,433,0.3758,CNN-Flat
2,434,0.474,CNN-Flat
2,435,0.4562,CNN-Flat
2,436,0.3218,CNN-Flat
2,437,0.2668,CNN-Flat
2,438,0.2959,CNN-Flat
2,439,0.2804,CNN-Flat
2,440,0.2655,CNN-Flat
2,441,0.2575,CNN-Flat
2,442,0.2723,CNN-Flat
2,443,0.2773,CNN-Flat
2,444,0.2457,CNN-Flat
2,445,0.2437,CNN-Flat
2,446,0.2791,CNN-Flat
2,447,0.2585,CNN-Flat
2,448,0.2423,CNN-Flat
2,449,0.2429,CNN-Flat
2,450,0.2429,CNN-Flat
2,451,0.2928,CNN-Flat
2,452,0.3489,CNN-Flat
2,453,0.3578,CNN-Flat
2,454,0.4044,CNN-Flat
2,455,0.4047,CNN-Flat
2,456,0.4182,CNN-Flat
2,457,0.2827,CNN-Flat
2,458,0.2939,CNN-Flat
2,459,0.3264,CNN-Flat
2,460,0.2915,CNN-Flat
2,461,0.2666,CNN-Flat
2,462,0.2561,CNN-Flat
2,463,0.2572,CNN-Flat
2,464,0.2458,CNN-Flat
2,465,0.2475,CNN-Flat
2,466,0.2433,CNN-Flat
2,467,0.2464,CNN-Flat
2,468,0.244,CNN-Flat
2,469,0.2463,CNN-Flat
2,470,0.2444,CNN-Flat
2,471,0.2512,CNN-Flat
2,472,0.2437,CNN-Flat
2,473,0.2427,CNN-Flat
2,474,0.3003,CNN-Flat
2,475,0.4333,CNN-Flat
2,476,0.4868,CNN-Flat
2,477,0.3338,CNN-Flat
2,478,0.2705,CNN-Flat
2,479,0.2966,CNN-Flat
2,480,0.2786,CNN-Flat
2,481,0.2601,CNN-Flat
2,482,0.4889,CNN-Flat
2,483,0.3424,CNN-Flat
2,484,0.3166,CNN-Flat
2,485,0.307,CNN-Flat
2,486,0.3041,CNN-Flat
2,487,0.4547,CNN-Flat
2,488,0.3705,CNN-Flat
2,489,0.3665,CNN-Flat
2,490,0.2544,CNN-Flat
2,491,0.2864,CNN-Flat
2,492,0.6462,CNN-Flat
2,493,0.4744,CNN-Flat
2,494,0.4108,CNN-Flat
2,495,0.2838,CNN-Flat
2,496,0.2815,CNN-Flat
2,497,0.2847,CNN-Flat
2,498,0.289,CNN-Flat
2,499,0.2652,CNN-Flat
2,500,0.258,CNN-Flat
2,501,0.2437,CNN-Flat
2,502,0.2503,CNN-Flat
2,503,0.2434,CNN-Flat
2,504,0.251,CNN-Flat
2,505,0.2451,CNN-Flat
2,506,0.2433,CNN-Flat
2,507,0.2418,CNN-Flat
2,508,0.2419,CNN-Flat
2,509,0.2414,CNN-Flat
2,510,0.2438,CNN-Flat
2,511,0.2421,CNN-Flat
2,512,0.2604,CNN-Flat
2,513,0.4669,CNN-Flat
2,514,0.4862,CNN-Flat
2,515,0.3309,CNN-Flat
2,516,0.2655,CNN-Flat
2,517,0.2706,CNN-Flat
2,518,0.2908,CNN-Flat
2,519,0.2563,CNN-Flat
2,520,0.2515,CNN-Flat
2,521,0.2508,CNN-Flat
2,522,0.2494,CNN-Flat
2,523,0.2426,CNN-Flat
2,524,0.2502,CNN-Flat
2,525,0.286,CNN-Flat
2,526,0.2694,CNN-Flat
2,527,0.2447,CNN-Flat
2,528,0.2439,CNN-Flat
2,529,0.2434,CNN-Flat
2,530,0.2431,CNN-Flat
2,531,0.2435,CNN-Flat
2,532,0.2431,CNN-Flat
2,533,0.2432,CNN-Flat
2,534,0.6166,CNN-Flat
2,535,0.4576,CNN-Flat
2,536,0.4028,CNN-Flat
2,537,0.433,CNN-Flat
2,538,0.3806,CNN-Flat
2,539,0.3533,CNN-Flat
2,540,0.3367,CNN-Flat
2,541,0.2678,CNN-Flat
2,542,0.3439,CNN-Flat
2,543,0.3946,CNN-Flat
2,544,0.3236,CNN-Flat
2,545,0.2553,CNN-Flat
2,546,0.2446,CNN-Flat
2,547,0.2446,CNN-Flat
2,548,0.2443,CNN-Flat
2,549,0.2525,CNN-Flat
2,550,0.2456,CNN-Flat
2,551,0.2441,CNN-Flat
2,552,0.299,CNN-Flat
2,553,0.4875,CNN-Flat
2,554,0.4996,CNN-Flat
2,555,0.3261,CNN-Flat
2,556,0.3129,CNN-Flat
2,557,0.375,CNN-Flat
2,558,0.2963,CNN-Flat
2,559,0.3025,CNN-Flat
2,560,0.2886,CNN-Flat
2,561,0.2663,CNN-Flat
2,562,0.2753,CNN-Flat
2,563,0.2465,CNN-Flat
2,564,0.2429,CNN-Flat
2,565,0.2429,CNN-Flat
2,566,0.2428,CNN-Flat
2,567,0.2423,CNN-Flat
2,568,0.2418,CNN-Flat
2,569,0.2501,CNN-Flat
2,570,0.2567,CNN-Flat
2,571,0.2436,CNN-Flat
2,572,0.243,CNN-Flat
2,573,0.5026,CNN-Flat
2,574,0.4776,CNN-Flat
2,575,0.3765,CNN-Flat
2,576,0.2827,CNN-Flat
2,577,0.2885,CNN-Flat
2,578,0.2771,CNN-Flat
2,579,0.2564,CNN-Flat
2,580,0.2459,CNN-Flat
2,581,0.2492,CNN-Flat
2,582,0.2434,CNN-Flat
2,583,0.6032,CNN-Flat
2,584,0.3871,CNN-Flat
2,585,0.3454,CNN-Flat
2,586,0.3119,CNN-Flat
2,587,0.3853,CNN-Flat
2,588,0.4765,CNN-Flat
2,589,0.4485,CNN-Flat
2,590,0.6104,CNN-Flat
2,591,0.5186,CNN-Flat
2,592,0.3257,CNN-Flat
2,593,0.2902,CNN-Flat
2,594,0.2695,CNN-Flat
2,595,0.2982,CNN-Flat
2,596,0.2844,CNN-Flat
2,597,0.292,CNN-Flat
2,598,0.2598,CNN-Flat
2,599,0.2481,CNN-Flat
2,600,0.2441,CNN-Flat
2,601,0.247,CNN-Flat
2,602,0.2416,CNN-Flat
2,603,0.2427,CNN-Flat
2,604,0.242,CNN-Flat
2,605,0.254,CNN-Flat
2,606,0.2419,CNN-Flat
2,607,0.2443,CNN-Flat
2,608,0.2448,CNN-Flat
2,609,0.2444,CNN-Flat
2,610,0.3613,CNN-Flat
2,611,0.4481,CNN-Flat
2,612,0.4414,CNN-Flat
2,613,0.2962,CNN-Flat
2,614,0.2732,CNN-Flat
2,615,0.2903,CNN-Flat
2,616,0.2837,CNN-Flat
2,617,0.2665,CNN-Flat
2,618,0.26,CNN-Flat
2,619,0.2873,CNN-Flat
2,620,0.3914,CNN-Flat
2,621,0.2774,CNN-Flat
2,622,0.2511,CNN-Flat
2,623,0.244,CNN-Flat
2,624,0.243,CNN-Flat
2,625,0.2565,CNN-Flat
2,626,0.2456,CNN-Flat
2,627,0.242,CNN-Flat
2,628,0.2425,CNN-Flat
2,629,0.2418,CNN-Flat
2,630,0.5756,CNN-Flat
2,631,0.4514,CNN-Flat
2,632,0.421,CNN-Flat
2,633,0.4336,CNN-Flat
2,634,0.3097,CNN-Flat
2,635,0.3008,CNN-Flat
2,636,0.2885,CNN-Flat
2,637,0.2638,CNN-Flat
2,638,0.2485,CNN-Flat
2,639,0.2551,CNN-Flat
2,640,0.248,CNN-Flat
2,641,0.3062,CNN-Flat
2,642,0.2574,CNN-Flat
2,643,0.2451,CNN-Flat
2,644,0.2442,CNN-Flat
2,645,0.2449,CNN-Flat
2,646,0.2443,CNN-Flat
2,647,0.25,CNN-Flat
2,648,0.2445,CNN-Flat
2,649,0.2432,CNN-Flat
2,650,0.2422,CNN-Flat
2,651,0.4957,CNN-Flat
2,652,0.4925,CNN-Flat
2,653,0.3816,CNN-Flat
2,654,0.2782,CNN-Flat
2,655,0.2616,CNN-Flat
2,656,0.2582,CNN-Flat
2,657,0.2979,CNN-Flat
2,658,0.2697,CNN-Flat
2,659,0.265,CNN-Flat
2,660,0.255,CNN-Flat
2,661,0.2468,CNN-Flat
2,662,0.244,CNN-Flat
2,663,0.2425,CNN-Flat
2,664,0.2421,CNN-Flat
2,665,0.2428,CNN-Flat
2,666,0.2418,CNN-Flat
2,667,0.2489,CNN-Flat
2,668,0.245,CNN-Flat
2,669,0.2568,CNN-Flat
2,670,0.2425,CNN-Flat
2,671,0.2539,CNN-Flat
2,672,0.3278,CNN-Flat
2,673,0.4761,CNN-Flat
2,674,0.4271,CNN-Flat
2,675,0.3054,CNN-Flat
2,676,0.3318,CNN-Flat
2,677,0.4475,CNN-Flat
2,678,0.3635,CNN-Flat
2,679,0.2726,CNN-Flat
2,680,0.2482,CNN-Flat
2,681,0.2549,CNN-Flat
2,682,0.2455,CNN-Flat
2,683,0.2443,CNN-Flat
2,684,0.5559,CNN-Flat
2,685,0.2682,CNN-Flat
2,686,0.3008,CNN-Flat
2,687,0.4653,CNN-Flat
2,688,0.293,CNN-Flat
2,689,0.3013,CNN-Flat
2,690,0.4784,CNN-Flat
2,691,0.5409,CNN-Flat
2,692,0.4302,CNN-Flat
2,693,0.3059,CNN-Flat
2,694,0.2802,CNN-Flat
2,695,0.2925,CNN-Flat
2,696,0.283,CNN-Flat
2,697,0.268,CNN-Flat
2,698,0.2536,CNN-Flat
2,699,0.4416,CNN-Flat
2,700,0.3362,CNN-Flat
2,701,0.256,CNN-Flat
2,702,0.2452,CNN-Flat
2,703,0.2446,CNN-Flat
2,704,0.2424,CNN-Flat
2,705,0.2428,CNN-Flat
2,706,0.2419,CNN-Flat
2,707,0.2416,CNN-Flat
2,708,0.2504,CNN-Flat
2,709,0.2729,CNN-Flat
2,710,0.5239,CNN-Flat
2,711,0.4517,CNN-Flat
2,712,0.3538,CNN-Flat
2,713,0.2865,CNN-Flat
2,714,0.2922,CNN-Flat
2,715,0.2775,CNN-Flat
2,716,0.2614,CNN-Flat
2,717,0.2679,CNN-Flat
2,718,0.2802,CNN-Flat
2,719,0.2505,CNN-Flat
2,720,0.2531,CNN-Flat
2,721,0.2487,CNN-Flat
2,722,0.2434,CNN-Flat
2,723,0.2434,CNN-Flat
2,724,0.2429,CNN-Flat
2,725,0.243,CNN-Flat
2,726,0.2418,CNN-Flat
2,727,0.2424,CNN-Flat
2,728,0.2423,CNN-Flat
2,729,0.2524,CNN-Flat
2,730,0.2503,CNN-Flat
2,731,0.4596,CNN-Flat
2,732,0.5049,CNN-Flat
2,733,0.4482,CNN-Flat
2,734,0.3462,CNN-Flat
2,735,0.3491,CNN-Flat
2,736,0.2846,CNN-Flat
2,737,0.5305,CNN-Flat
2,738,0.379,CNN-Flat
2,739,0.2652,CNN-Flat
2,740,0.252,CNN-Flat
2,741,0.2447,CNN-Flat
2,742,0.2554,CNN-Flat
2,743,0.2447,CNN-Flat
2,744,0.2429,CNN-Flat
2,745,0.2429,CNN-Flat
2,746,0.243,CNN-Flat
2,747,0.243,CNN-Flat
2,748,0.244,CNN-Flat
2,749,0.2431,CNN-Flat
2,750,0.4132,CNN-Flat
2,751,0.5214,CNN-Flat
2,752,0.4637,CNN-Flat
2,753,0.3089,CNN-Flat
2,754,0.2763,CNN-Flat
2,755,0.289,CNN-Flat
2,756,0.2975,CNN-Flat
2,757,0.2739,CNN-Flat
2,758,0.2521,CNN-Flat
2,759,0.2574,CNN-Flat
2,760,0.2446,CNN-Flat
2,761,0.2452,CNN-Flat
2,762,0.2435,CNN-Flat
2,763,0.2583,CNN-Flat
2,764,0.2425,CNN-Flat
2,765,0.2417,CNN-Flat
2,766,0.2423,CNN-Flat
2,767,0.2414,CNN-Flat
2,768,0.2415,CNN-Flat
2,769,0.2469,CNN-Flat
2,770,0.2434,CNN-Flat
2,771,0.4955,CNN-Flat
2,772,0.4853,CNN-Flat
2,773,0.3448,CNN-Flat
2,774,0.2707,CNN-Flat
2,775,0.2871,CNN-Flat
2,776,0.2915,CNN-Flat
2,777,0.2628,CNN-Flat
2,778,0.2468,CNN-Flat
2,779,0.2448,CNN-Flat
2,780,0.2442,CNN-Flat
2,781,0.2435,CNN-Flat
2,782,0.2464,CNN-Flat
2,783,0.2447,CNN-Flat
2,784,0.249,CNN-Flat
2,785,0.2452,CNN-Flat
2,786,0.4628,CNN-Flat
2,787,0.4404,CNN-Flat
2,788,0.2861,CNN-Flat
2,789,0.264,CNN-Flat
2,790,0.2545,CNN-Flat
2,791,0.5376,CNN-Flat
2,792,0.5011,CNN-Flat
2,793,0.3478,CNN-Flat
2,794,0.2753,CNN-Flat
2,795,0.2604,CNN-Flat
2,796,0.2821,CNN-Flat
2,797,0.2988,CNN-Flat
2,798,0.2644,CNN-Flat
2,799,0.2538,CNN-Flat
2,800,0.2469,CNN-Flat
2,801,0.2471,CNN-Flat
2,802,0.2438,CNN-Flat
2,803,0.2414,CNN-Flat
2,804,0.2435,CNN-Flat
2,805,0.2477,CNN-Flat
2,806,0.2429,CNN-Flat
2,807,0.2435,CNN-Flat
2,808,0.2426,CNN-Flat
2,809,0.3159,CNN-Flat
2,810,0.2641,CNN-Flat
2,811,0.2812,CNN-Flat
2,812,0.4687,CNN-Flat
2,813,0.4677,CNN-Flat
2,814,0.3,CNN-Flat
2,815,0.2667,CNN-Flat
2,816,0.2939,CNN-Flat
2,817,0.2795,CNN-Flat
2,818,0.2775,CNN-Flat
2,819,0.3385,CNN-Flat
2,820,0.3584,CNN-Flat
2,821,0.2631,CNN-Flat
2,822,0.2444,CNN-Flat
2,823,0.2427,CNN-Flat
2,824,0.243,CNN-Flat
2,825,0.263,CNN-Flat
2,826,0.2451,CNN-Flat
2,827,0.2438,CNN-Flat
2,828,0.2412,CNN-Flat
2,829,0.2424,CNN-Flat
2,830,0.2474,CNN-Flat
2,831,0.243,CNN-Flat
2,832,0.2541,CNN-Flat
2,833,0.5251,CNN-Flat
2,834,0.4991,CNN-Flat
2,835,0.3157,CNN-Flat
2,836,0.269,CNN-Flat
2,837,0.2768,CNN-Flat
2,838,0.2883,CNN-Flat
2,839,0.5406,CNN-Flat
2,840,0.3663,CNN-Flat
2,841,0.3271,CNN-Flat
2,842,0.2693,CNN-Flat
2,843,0.2471,CNN-Flat
2,844,0.4082,CNN-Flat
2,845,0.3828,CNN-Flat
2,846,0.3707,CNN-Flat
2,847,0.3221,CNN-Flat
2,848,0.2416,CNN-Flat
2,849,0.2512,CNN-Flat
2,850,0.3341,CNN-Flat
2,851,0.4557,CNN-Flat
2,852,0.4992,CNN-Flat
2,853,0.3115,CNN-Flat
2,854,0.2829,CNN-Flat
2,855,0.2767,CNN-Flat
2,856,0.2585,CNN-Flat
2,857,0.3337,CNN-Flat
2,858,0.278,CNN-Flat
2,859,0.2609,CNN-Flat
2,860,0.2616,CNN-Flat
2,861,0.2479,CNN-Flat
2,862,0.2563,CNN-Flat
2,863,0.2439,CNN-Flat
2,864,0.2423,CNN-Flat
2,865,0.2443,CNN-Flat
2,866,0.2418,CNN-Flat
2,867,0.2423,CNN-Flat
2,868,0.2424,CNN-Flat
2,869,0.2416,CNN-Flat
2,870,0.2498,CNN-Flat
2,871,0.3127,CNN-Flat
2,872,0.4626,CNN-Flat
2,873,0.5233,CNN-Flat
2,874,0.3907,CNN-Flat
2,875,0.2983,CNN-Flat
2,876,0.2819,CNN-Flat
2,877,0.2723,CNN-Flat
2,878,0.2565,CNN-Flat
2,879,0.2459,CNN-Flat
2,880,0.2564,CNN-Flat
2,881,0.2504,CNN-Flat
2,882,0.2575,CNN-Flat
2,883,0.2434,CNN-Flat
2,884,0.248,CNN-Flat
2,885,0.2703,CNN-Flat
2,886,0.3063,CNN-Flat
2,887,0.256,CNN-Flat
2,888,0.3006,CNN-Flat
2,889,0.276,CNN-Flat
2,890,0.2486,CNN-Flat
2,891,0.2438,CNN-Flat
2,892,0.9202,CNN-Flat
2,893,0.6439,CNN-Flat
2,894,0.5373,CNN-Flat
2,895,0.4822,CNN-Flat
2,896,0.4835,CNN-Flat
2,897,0.3959,CNN-Flat
2,898,0.3436,CNN-Flat
2,899,0.4097,CNN-Flat
2,900,0.2872,CNN-Flat
2,901,0.3253,CNN-Flat
2,902,0.3195,CNN-Flat
2,903,0.2705,CNN-Flat
2,904,0.2525,CNN-Flat
2,905,0.421,CNN-Flat
2,906,0.6296,CNN-Flat
2,907,0.6014,CNN-Flat
2,908,0.39,CNN-Flat
2,909,0.2782,CNN-Flat
2,910,0.3088,CNN-Flat
2,911,0.372,CNN-Flat
2,912,0.3254,CNN-Flat
2,913,0.2897,CNN-Flat
2,914,0.2469,CNN-Flat
2,915,0.2585,CNN-Flat
2,916,0.2446,CNN-Flat
2,917,0.244,CNN-Flat
2,918,0.2428,CNN-Flat
2,919,0.2429,CNN-Flat
2,920,0.2434,CNN-Flat
2,921,0.2436,CNN-Flat
2,922,0.2424,CNN-Flat
2,923,0.2524,CNN-Flat
2,924,0.2431,CNN-Flat
2,925,0.3629,CNN-Flat
2,926,0.4348,CNN-Flat
2,927,0.4534,CNN-Flat
2,928,0.3259,CNN-Flat
2,929,0.2813,CNN-Flat
2,930,0.2966,CNN-Flat
2,931,0.2893,CNN-Flat
2,932,0.3074,CNN-Flat
2,933,0.2471,CNN-Flat
2,934,0.2481,CNN-Flat
2,935,0.2426,CNN-Flat
2,936,0.557,CNN-Flat
2,937,0.4082,CNN-Flat
2,938,0.373,CNN-Flat
2,939,0.3463,CNN-Flat
2,940,0.6308,CNN-Flat
2,941,0.4821,CNN-Flat
2,942,0.5966,CNN-Flat
2,943,0.6481,CNN-Flat
2,944,0.5672,CNN-Flat
2,945,0.5572,CNN-Flat
2,946,0.4838,CNN-Flat
2,947,0.4641,CNN-Flat
2,948,0.4576,CNN-Flat
2,949,0.4077,CNN-Flat
2,950,0.4044,CNN-Flat
2,951,0.398,CNN-Flat
2,952,0.3996,CNN-Flat
2,953,0.4018,CNN-Flat
2,954,0.5466,CNN-Flat
2,955,0.4964,CNN-Flat
2,956,0.5467,CNN-Flat
2,957,0.4969,CNN-Flat
2,958,0.4723,CNN-Flat
2,959,0.4379,CNN-Flat
2,960,0.4144,CNN-Flat
2,961,0.4138,CNN-Flat
2,962,0.4017,CNN-Flat
2,963,0.4554,CNN-Flat
2,964,0.4533,CNN-Flat
2,965,0.4142,CNN-Flat
2,966,0.44,CNN-Flat
2,967,0.4674,CNN-Flat
2,968,0.5304,CNN-Flat
2,969,0.7233,CNN-Flat
2,970,0.3764,CNN-Flat
2,971,0.4412,CNN-Flat
2,972,0.4363,CNN-Flat
2,973,0.3717,CNN-Flat
2,974,0.365,CNN-Flat
2,975,0.3521,CNN-Flat
2,976,0.3503,CNN-Flat
2,977,0.3659,CNN-Flat
2,978,0.3461,CNN-Flat
2,979,0.3338,CNN-Flat
2,980,0.2665,CNN-Flat
2,981,0.3357,CNN-Flat
2,982,0.5198,CNN-Flat
2,983,0.5161,CNN-Flat
2,984,0.5285,CNN-Flat
2,985,0.5076,CNN-Flat
2,986,0.5032,CNN-Flat
2,987,0.4594,CNN-Flat
2,988,0.4184,CNN-Flat
2,989,0.4043,CNN-Flat
2,990,0.388,CNN-Flat
2,991,0.4078,CNN-Flat
2,992,0.4007,CNN-Flat
2,993,0.405,CNN-Flat
2,994,0.4143,CNN-Flat
2,995,0.4092,CNN-Flat
2,996,0.5738,CNN-Flat
2,997,0.5267,CNN-Flat
2,998,0.3941,CNN-Flat
2,999,0.4153,CNN-Flat
2,1000,0.4328,CNN-Flat
3,1,0.4523,CNN-Flat
3,2,0.4394,CNN-Flat
3,3,0.4243,CNN-Flat
3,4,0.426,CNN-Flat
3,5,0.4128,CNN-Flat
3,6,0.3857,CNN-Flat
3,7,0.4147,CNN-Flat
3,8,0.4519,CNN-Flat
3,9,0.493,CNN-Flat
3,10,0.4692,CNN-Flat
3,11,0.4358,CNN-Flat
3,12,0.4256,CNN-Flat
3,13,0.4179,CNN-Flat
3,14,0.4521,CNN-Flat
3,15,0.524,CNN-Flat
3,16,0.554,CNN-Flat
3,17,0.6225,CNN-Flat
3,18,0.4884,CNN-Flat
3,19,0.6045,CNN-Flat
3,20,0.3591,CNN-Flat
3,21,0.3713,CNN-Flat
3,22,0.3535,CNN-Flat
3,23,0.7123,CNN-Flat
3,24,0.5103,CNN-Flat
3,25,0.4096,CNN-Flat
3,26,0.4116,CNN-Flat
3,27,0.7084,CNN-Flat
3,28,0.7343,CNN-Flat
3,29,0.5296,CNN-Flat
3,30,0.4644,CNN-Flat
3,31,0.4424,CNN-Flat
3,32,0.4259,CNN-Flat
3,33,0.4142,CNN-Flat
3,34,0.4297,CNN-Flat
3,35,0.4008,CNN-Flat
3,36,0.4016,CNN-Flat
3,37,0.4058,CNN-Flat
3,38,0.4044,CNN-Flat
3,39,0.4266,CNN-Flat
3,40,0.4842,CNN-Flat
3,41,0.5297,CNN-Flat
3,42,0.4906,CNN-Flat
3,43,0.493,CNN-Flat
3,44,0.4578,CNN-Flat
3,45,0.4292,CNN-Flat
3,46,0.4037,CNN-Flat
3,47,0.4104,CNN-Flat
3,48,0.3824,CNN-Flat
3,49,0.4013,CNN-Flat
3,50,0.4213,CNN-Flat
3,51,0.5868,CNN-Flat
3,52,0.5704,CNN-Flat
3,53,0.5963,CNN-Flat
3,54,0.5854,CNN-Flat
3,55,0.4384,CNN-Flat
3,56,0.3391,CNN-Flat
3,57,0.6183,CNN-Flat
3,58,0.4942,CNN-Flat
3,59,0.4688,CNN-Flat
3,60,0.4211,CNN-Flat
3,61,0.3761,CNN-Flat
3,62,0.3593,CNN-Flat
3,63,0.3622,CNN-Flat
3,64,0.2642,CNN-Flat
3,65,0.3473,CNN-Flat
3,66,0.5057,CNN-Flat
3,67,0.5255,CNN-Flat
3,68,0.5166,CNN-Flat
3,69,0.4721,CNN-Flat
3,70,0.4764,CNN-Flat
3,71,0.4354,CNN-Flat
3,72,0.4621,CNN-Flat
3,73,0.4358,CNN-Flat
3,74,0.4708,CNN-Flat
3,75,0.417,CNN-Flat
3,76,0.4057,CNN-Flat
3,77,0.411,CNN-Flat
3,78,0.4149,CNN-Flat
3,79,0.4308,CNN-Flat
3,80,0.5265,CNN-Flat
3,81,0.4971,CNN-Flat
3,82,0.4991,CNN-Flat
3,83,0.4813,CNN-Flat
3,84,0.5544,CNN-Flat
3,85,0.4942,CNN-Flat
3,86,0.4245,CNN-Flat
3,87,0.4165,CNN-Flat
3,88,0.4023,CNN-Flat
3,89,0.3947,CNN-Flat
3,90,0.385,CNN-Flat
3,91,0.4037,CNN-Flat
3,92,0.419,CNN-Flat
3,93,0.5503,CNN-Flat
3,94,0.5597,CNN-Flat
3,95,0.5427,CNN-Flat
3,96,0.4835,CNN-Flat
3,97,0.4522,CNN-Flat
3,98,0.4115,CNN-Flat
3,99,0.4173,CNN-Flat
3,100,0.4257,CNN-Flat
3,101,0.4141,CNN-Flat
3,102,0.4065,CNN-Flat
3,103,0.407,CNN-Flat
3,104,0.3981,CNN-Flat
3,105,0.4053,CNN-Flat
3,106,0.4918,CNN-Flat
3,107,0.4955,CNN-Flat
3,108,0.5501,CNN-Flat
3,109,0.5135,CNN-Flat
3,110,0.4762,CNN-Flat
3,111,0.4376,CNN-Flat
3,112,0.416,CNN-Flat
3,113,0.4219,CNN-Flat
3,114,0.3994,CNN-Flat
3,115,0.3754,CNN-Flat
3,116,0.4403,CNN-Flat
3,117,0.4449,CNN-Flat
3,118,0.4234,CNN-Flat
3,119,0.5569,CNN-Flat
3,120,0.5864,CNN-Flat
3,121,0.5146,CNN-Flat
3,122,0.5264,CNN-Flat
3,123,0.4386,CNN-Flat
3,124,0.4909,CNN-Flat
3,125,0.4533,CNN-Flat
3,126,0.4394,CNN-Flat
3,127,0.4036,CNN-Flat
3,128,0.3967,CNN-Flat
3,129,0.4009,CNN-Flat
3,130,0.4039,CNN-Flat
3,131,0.4143,CNN-Flat
3,132,0.4,CNN-Flat
3,133,0.5045,CNN-Flat
3,134,0.5096,CNN-Flat
3,135,0.4885,CNN-Flat
3,136,0.4684,CNN-Flat
3,137,0.4427,CNN-Flat
3,138,0.4549,CNN-Flat
3,139,0.4743,CNN-Flat
3,140,0.4109,CNN-Flat
3,141,0.4037,CNN-Flat
3,142,0.4085,CNN-Flat
3,143,0.3968,CNN-Flat
3,144,0.401,CNN-Flat
3,145,0.4095,CNN-Flat
3,146,0.4987,CNN-Flat
3,147,0.532,CNN-Flat
3,148,0.5979,CNN-Flat
3,149,0.3858,CNN-Flat
3,150,0.4028,CNN-Flat
3,151,0.4291,CNN-Flat
3,152,0.3901,CNN-Flat
3,153,0.4954,CNN-Flat
3,154,0.4156,CNN-Flat
3,155,0.3626,CNN-Flat
3,156,0.3622,CNN-Flat
3,157,0.3689,CNN-Flat
3,158,0.3042,CNN-Flat
3,159,0.3108,CNN-Flat
3,160,0.3659,CNN-Flat
3,161,0.7103,CNN-Flat
3,162,0.639,CNN-Flat
3,163,0.5006,CNN-Flat
3,164,0.4356,CNN-Flat
3,165,0.4207,CNN-Flat
3,166,0.4004,CNN-Flat
3,167,0.3883,CNN-Flat
3,168,0.3844,CNN-Flat
3,169,0.3961,CNN-Flat
3,170,0.4055,CNN-Flat
3,171,0.4019,CNN-Flat
3,172,0.4132,CNN-Flat
3,173,0.4063,CNN-Flat
3,174,0.5446,CNN-Flat
3,175,0.511,CNN-Flat
3,176,0.5192,CNN-Flat
3,177,0.4375,CNN-Flat
3,178,0.4672,CNN-Flat
3,179,0.4375,CNN-Flat
3,180,0.4028,CNN-Flat
3,181,0.3914,CNN-Flat
3,182,0.3395,CNN-Flat
3,183,0.4109,CNN-Flat
3,184,0.3927,CNN-Flat
3,185,0.3499,CNN-Flat
3,186,0.2783,CNN-Flat
3,187,0.3597,CNN-Flat
3,188,0.3951,CNN-Flat
3,189,0.6629,CNN-Flat
3,190,0.5746,CNN-Flat
3,191,0.4608,CNN-Flat
3,192,0.4883,CNN-Flat
3,193,0.5871,CNN-Flat
3,194,0.4781,CNN-Flat
3,195,0.412,CNN-Flat
3,196,0.4104,CNN-Flat
3,197,0.4138,CNN-Flat
3,198,0.4169,CNN-Flat
3,199,0.4014,CNN-Flat
3,200,0.4078,CNN-Flat
3,201,0.43,CNN-Flat
3,202,0.5313,CNN-Flat
3,203,0.5114,CNN-Flat
3,204,0.4825,CNN-Flat
3,205,0.5431,CNN-Flat
3,206,0.5114,CNN-Flat
3,207,0.491,CNN-Flat
3,208,0.469,CNN-Flat
3,209,0.4062,CNN-Flat
3,210,0.4062,CNN-Flat
3,211,0.3857,CNN-Flat
3,212,0.3859,CNN-Flat
3,213,0.4177,CNN-Flat
3,214,0.4198,CNN-Flat
3,215,0.5149,CNN-Flat
3,216,0.5278,CNN-Flat
3,217,0.415,CNN-Flat
3,218,0.2831,CNN-Flat
3,219,0.3088,CNN-Flat
3,220,0.2874,CNN-Flat
3,221,0.2706,CNN-Flat
3,222,0.2764,CNN-Flat
3,223,0.2481,CNN-Flat
3,224,0.251,CNN-Flat
3,225,0.2463,CNN-Flat
3,226,0.2447,CNN-Flat
3,227,0.248,CNN-Flat
3,228,0.2448,CNN-Flat
3,229,0.2444,CNN-Flat
3,230,0.5715,CNN-Flat
3,231,0.4011,CNN-Flat
3,232,0.3074,CNN-Flat
3,233,0.6068,CNN-Flat
3,234,0.5294,CNN-Flat
3,235,0.3345,CNN-Flat
3,236,0.2788,CNN-Flat
3,237,0.3038,CNN-Flat
3,238,0.2907,CNN-Flat
3,239,0.2662,CNN-Flat
3,240,0.2561,CNN-Flat
3,241,0.2447,CNN-Flat
3,242,0.2423,CNN-Flat
3,243,0.2439,CNN-Flat
3,244,0.2425,CNN-Flat
3,245,0.2561,CNN-Flat
3,246,0.2434,CNN-Flat
3,247,0.2423,CNN-Flat
3,248,0.2423,CNN-Flat
3,249,0.2427,CNN-Flat
3,250,0.2439,CNN-Flat
3,251,0.2444,CNN-Flat
3,252,0.2417,CNN-Flat
3,253,0.2504,CNN-Flat
3,254,0.5431,CNN-Flat
3,255,0.4599,CNN-Flat
3,256,0.3288,CNN-Flat
3,257,0.2799,CNN-Flat
3,258,0.2904,CNN-Flat
3,259,0.2629,CNN-Flat
3,260,0.2534,CNN-Flat
3,261,0.2499,CNN-Flat
3,262,0.244,CNN-Flat
3,263,0.2454,CNN-Flat
3,264,0.2436,CNN-Flat
3,265,0.2517,CNN-Flat
3,266,0.2826,CNN-Flat
3,267,0.3736,CNN-Flat
3,268,0.2705,CNN-Flat
3,269,0.2489,CNN-Flat
3,270,0.246,CNN-Flat
3,271,0.2436,CNN-Flat
3,272,0.243,CNN-Flat
3,273,0.2443,CNN-Flat
3,274,0.2839,CNN-Flat
3,275,0.5387,CNN-Flat
3,276,0.4811,CNN-Flat
3,277,0.3099,CNN-Flat
3,278,0.2706,CNN-Flat
3,279,0.2895,CNN-Flat
3,280,0.3424,CNN-Flat
3,281,0.4211,CNN-Flat
3,282,0.4364,CNN-Flat
3,283,0.319,CNN-Flat
3,284,0.2682,CNN-Flat
3,285,0.2637,CNN-Flat
3,286,0.2457,CNN-Flat
3,287,0.2449,CNN-Flat
3,288,0.4367,CNN-Flat
3,289,0.3594,CNN-Flat
3,290,0.311,CNN-Flat
3,291,0.306,CNN-Flat
3,292,0.4787,CNN-Flat
3,293,0.5076,CNN-Flat
3,294,0.4263,CNN-Flat
3,295,0.2952,CNN-Flat
3,296,0.3738,CNN-Flat
3,297,0.3533,CNN-Flat
3,298,0.2932,CNN-Flat
3,299,0.2645,CNN-Flat
3,300,0.2521,CNN-Flat
3,301,0.2889,CNN-Flat
3,302,0.2532,CNN-Flat
3,303,0.2415,CNN-Flat
3,304,0.242,CNN-Flat
3,305,0.2499,CNN-Flat
3,306,0.2432,CNN-Flat
3,307,0.2555,CNN-Flat
3,308,0.2425,CNN-Flat
3,309,0.2417,CNN-Flat
3,310,0.2425,CNN-Flat
3,311,0.2413,CNN-Flat
3,312,0.2902,CNN-Flat
3,313,0.5748,CNN-Flat
3,314,0.4444,CNN-Flat
3,315,0.2922,CNN-Flat
3,316,0.2663,CNN-Flat
3,317,0.2859,CNN-Flat
3,318,0.2851,CNN-Flat
3,319,0.2613,CNN-Flat
3,320,0.246,CNN-Flat
3,321,0.2442,CNN-Flat
3,322,0.2441,CNN-Flat
3,323,0.2442,CNN-Flat
3,324,0.2432,CNN-Flat
3,325,0.2445,CNN-Flat
3,326,0.2427,CNN-Flat
3,327,0.2514,CNN-Flat
3,328,0.3651,CNN-Flat
3,329,0.3962,CNN-Flat
3,330,0.2971,CNN-Flat
3,331,0.4407,CNN-Flat
3,332,0.4929,CNN-Flat
3,333,0.4062,CNN-Flat
3,334,0.3523,CNN-Flat
3,335,0.3978,CNN-Flat
3,336,0.3175,CNN-Flat
3,337,0.2849,CNN-Flat
3,338,0.2928,CNN-Flat
3,339,0.2712,CNN-Flat
3,340,0.2582,CNN-Flat
3,341,0.3969,CNN-Flat
3,342,0.387,CNN-Flat
3,343,0.2465,CNN-Flat
3,344,0.2466,CNN-Flat
3,345,0.2441,CNN-Flat
3,346,0.243,CNN-Flat
3,347,0.2601,CNN-Flat
3,348,0.2441,CNN-Flat
3,349,0.2902,CNN-Flat
3,350,0.2457,CNN-Flat
3,351,0.2451,CNN-Flat
3,352,0.4499,CNN-Flat
3,353,0.4492,CNN-Flat
3,354,0.3402,CNN-Flat
3,355,0.2823,CNN-Flat
3,356,0.2731,CNN-Flat
3,357,0.2709,CNN-Flat
3,358,0.2624,CNN-Flat
3,359,0.2521,CNN-Flat
3,360,0.2426,CNN-Flat
3,361,0.2516,CNN-Flat
3,362,0.242,CNN-Flat
3,363,0.2548,CNN-Flat
3,364,0.2865,CNN-Flat
3,365,0.276,CNN-Flat
3,366,0.2475,CNN-Flat
3,367,0.2438,CNN-Flat
3,368,0.2509,CNN-Flat
3,369,0.2451,CNN-Flat
3,370,0.2436,CNN-Flat
3,371,0.2424,CNN-Flat
3,372,0.2432,CNN-Flat
3,373,0.2555,CNN-Flat
3,374,0.503,CNN-Flat
3,375,0.485,CNN-Flat
3,376,0.3498,CNN-Flat
3,377,0.2874,CNN-Flat
3,378,0.2775,CNN-Flat
3,379,0.2583,CNN-Flat
3,380,0.3227,CNN-Flat
3,381,0.4586,CNN-Flat
3,382,0.3952,CNN-Flat
3,383,0.3698,CNN-Flat
3,384,0.3068,CNN-Flat
3,385,0.2667,CNN-Flat
3,386,0.2479,CNN-Flat
3,387,0.2454,CNN-Flat
3,388,0.2642,CNN-Flat
3,389,0.2455,CNN-Flat
3,390,0.2557,CNN-Flat
3,391,0.2438,CNN-Flat
3,392,0.244,CNN-Flat
3,393,0.5086,CNN-Flat
3,394,0.4682,CNN-Flat
3,395,0.4807,CNN-Flat
3,396,0.4994,CNN-Flat
3,397,0.4016,CNN-Flat
3,398,0.2942,CNN-Flat
3,399,0.2834,CNN-Flat
3,400,0.2475,CNN-Flat
3,401,0.2539,CNN-Flat
3,402,0.2453,CNN-Flat
3,403,0.2417,CNN-Flat
3,404,0.2416,CNN-Flat
3,405,0.2439,CNN-Flat
3,406,0.2421,CNN-Flat
3,407,0.2412,CNN-Flat
3,408,0.2422,CNN-Flat
3,409,0.2475,CNN-Flat
3,410,0.2435,CNN-Flat
3,411,0.2417,CNN-Flat
3,412,0.3591,CNN-Flat
3,413,0.5262,CNN-Flat
3,414,0.4491,CNN-Flat
3,415,0.3126,CNN-Flat
3,416,0.2839,CNN-Flat
3,417,0.2751,CNN-Flat
3,418,0.2671,CNN-Flat
3,419,0.2514,CNN-Flat
3,420,0.2472,CNN-Flat
3,421,0.251,CNN-Flat
3,422,0.2532,CNN-Flat
3,423,0.2484,CNN-Flat
3,424,0.2434,CNN-Flat
3,425,0.2415,CNN-Flat
3,426,0.244,CNN-Flat
3,427,0.241,CNN-Flat
3,428,0.2407,CNN-Flat
3,429,0.2416,CNN-Flat
3,430,0.2432,CNN-Flat
3,431,0.2859,CNN-Flat
3,432,0.2556,CNN-Flat
3,433,0.2782,CNN-Flat
3,434,0.6124,CNN-Flat
3,435,0.64,CNN-Flat
3,436,0.381,CNN-Flat
3,437,0.3677,CNN-Flat
3,438,0.3292,CNN-Flat
3,439,0.2727,CNN-Flat
3,440,0.2465,CNN-Flat
3,441,0.2454,CNN-Flat
3,442,0.2461,CNN-Flat
3,443,0.2448,CNN-Flat
3,444,0.2452,CNN-Flat
3,445,0.2457,CNN-Flat
3,446,0.3441,CNN-Flat
3,447,0.329,CNN-Flat
3,448,0.3043,CNN-Flat
3,449,0.3055,CNN-Flat
3,450,0.4034,CNN-Flat
3,451,0.2878,CNN-Flat
3,452,0.5012,CNN-Flat
3,453,0.4843,CNN-Flat
3,454,0.3392,CNN-Flat
3,455,0.2725,CNN-Flat
3,456,0.2904,CNN-Flat
3,457,0.2963,CNN-Flat
3,458,0.2546,CNN-Flat
3,459,0.245,CNN-Flat
3,460,0.2436,CNN-Flat
3,461,0.2488,CNN-Flat
3,462,0.2878,CNN-Flat
3,463,0.4018,CNN-Flat
3,464,0.2925,CNN-Flat
3,465,0.2454,CNN-Flat
3,466,0.2418,CNN-Flat
3,467,0.2406,CNN-Flat
3,468,0.2409,CNN-Flat
3,469,0.2434,CNN-Flat
3,470,0.2422,CNN-Flat
3,471,0.2419,CNN-Flat
3,472,0.3495,CNN-Flat
3,473,0.4427,CNN-Flat
3,474,0.4755,CNN-Flat
3,475,0.3461,CNN-Flat
3,476,0.439,CNN-Flat
3,477,0.4632,CNN-Flat
3,478,0.3401,CNN-Flat
3,479,0.2835,CNN-Flat
3,480,0.265,CNN-Flat
3,481,0.2456,CNN-Flat
3,482,0.2436,CNN-Flat
3,483,0.4695,CNN-Flat
3,484,0.3191,CNN-Flat
3,485,0.2745,CNN-Flat
3,486,0.248,CNN-Flat
3,487,0.2449,CNN-Flat
3,488,0.2476,CNN-Flat
3,489,0.248,CNN-Flat
3,490,0.2655,CNN-Flat
3,491,0.5398,CNN-Flat
3,492,0.5146,CNN-Flat
3,493,0.4394,CNN-Flat
3,494,0.3091,CNN-Flat
3,495,0.3317,CNN-Flat
3,496,0.2887,CNN-Flat
3,497,0.2754,CNN-Flat
3,498,0.2512,CNN-Flat
3,499,0.2438,CNN-Flat
3,500,0.246,CNN-Flat
3,501,0.2464,CNN-Flat
3,502,0.2526,CNN-Flat
3,503,0.2455,CNN-Flat
3,504,0.247,CNN-Flat
3,505,0.2558,CNN-Flat
3,506,0.2436,CNN-Flat
3,507,0.2437,CNN-Flat
3,508,0.2429,CNN-Flat
3,509,0.244,CNN-Flat
3,510,0.2494,CNN-Flat
3,511,0.4233,CNN-Flat
3,512,0.4486,CNN-Flat
3,513,0.4024,CNN-Flat
3,514,0.2774,CNN-Flat
3,515,0.284,CNN-Flat
3,516,0.2746,CNN-Flat
3,517,0.2737,CNN-Flat
3,518,0.2508,CNN-Flat
3,519,0.2441,CNN-Flat
3,520,0.2438,CNN-Flat
3,521,0.2427,CNN-Flat
3,522,0.2428,CNN-Flat
3,523,0.2529,CNN-Flat
3,524,0.2438,CNN-Flat
3,525,0.2452,CNN-Flat
3,526,0.243,CNN-Flat
3,527,0.2631,CNN-Flat
3,528,0.3116,CNN-Flat
3,529,0.2731,CNN-Flat
3,530,0.2488,CNN-Flat
3,531,0.2447,CNN-Flat
3,532,0.2861,CNN-Flat
3,533,0.5838,CNN-Flat
3,534,0.5473,CNN-Flat
3,535,0.3774,CNN-Flat
3,536,0.3214,CNN-Flat
3,537,0.2729,CNN-Flat
3,538,0.4055,CNN-Flat
3,539,0.283,CNN-Flat
3,540,0.2559,CNN-Flat
3,541,0.2544,CNN-Flat
3,542,0.2473,CNN-Flat
3,543,0.2465,CNN-Flat
3,544,0.2565,CNN-Flat
3,545,0.2507,CNN-Flat
3,546,0.2447,CNN-Flat
3,547,0.2441,CNN-Flat
3,548,0.2431,CNN-Flat
3,549,0.2444,CNN-Flat
3,550,0.2617,CNN-Flat
3,551,0.2465,CNN-Flat
3,552,0.2992,CNN-Flat
3,553,0.4281,CNN-Flat
3,554,0.464,CNN-Flat
3,555,0.3098,CNN-Flat
3,556,0.2803,CNN-Flat
3,557,0.2655,CNN-Flat
3,558,0.2904,CNN-Flat
3,559,0.2656,CNN-Flat
3,560,0.2707,CNN-Flat
3,561,0.2826,CNN-Flat
3,562,0.2725,CNN-Flat
3,563,0.2473,CNN-Flat
3,564,0.2437,CNN-Flat
3,565,0.2537,CNN-Flat
3,566,0.2442,CNN-Flat
3,567,0.2434,CNN-Flat
3,568,0.2435,CNN-Flat
3,569,0.2432,CNN-Flat
3,570,0.2427,CNN-Flat
3,571,0.2428,CNN-Flat
3,572,0.2415,CNN-Flat
3,573,0.2419,CNN-Flat
3,574,0.3771,CNN-Flat
3,575,0.4421,CNN-Flat
3,576,0.4325,CNN-Flat
3,577,0.289,CNN-Flat
3,578,0.2793,CNN-Flat
3,579,0.2735,CNN-Flat
3,580,0.2635,CNN-Flat
3,581,0.2883,CNN-Flat
3,582,0.2863,CNN-Flat
3,583,0.2645,CNN-Flat
3,584,0.2634,CNN-Flat
3,585,0.2578,CNN-Flat
3,586,0.3569,CNN-Flat
3,587,0.5176,CNN-Flat
3,588,0.2779,CNN-Flat
3,589,0.2544,CNN-Flat
3,590,0.2475,CNN-Flat
3,591,0.2447,CNN-Flat
3,592,0.2669,CNN-Flat
3,593,0.2628,CNN-Flat
3,594,0.6019,CNN-Flat
3,595,0.5736,CNN-Flat
3,596,0.4419,CNN-Flat
3,597,0.3093,CNN-Flat
3,598,0.2867,CNN-Flat
3,599,0.2891,CNN-Flat
3,600,0.3139,CNN-Flat
3,601,0.3242,CNN-Flat
3,602,0.4209,CNN-Flat
3,603,0.3467,CNN-Flat
3,604,0.253,CNN-Flat
3,605,0.2529,CNN-Flat
3,606,0.2438,CNN-Flat
3,607,0.3114,CNN-Flat
3,608,0.2459,CNN-Flat
3,609,0.2424,CNN-Flat
3,610,0.2425,CNN-Flat
3,611,0.2504,CNN-Flat
3,612,0.4564,CNN-Flat
3,613,0.4914,CNN-Flat
3,614,0.4251,CNN-Flat
3,615,0.2827,CNN-Flat
3,616,0.2869,CNN-Flat
3,617,0.2729,CNN-Flat
3,618,0.2753,CNN-Flat
3,619,0.2641,CNN-Flat
3,620,0.2561,CNN-Flat
3,621,0.255,CNN-Flat
3,622,0.2478,CNN-Flat
3,623,0.2447,CNN-Flat
3,624,0.2559,CNN-Flat
3,625,0.2516,CNN-Flat
3,626,0.2475,CNN-Flat
3,627,0.3578,CNN-Flat
3,628,0.2634,CNN-Flat
3,629,0.2472,CNN-Flat
3,630,0.2441,CNN-Flat
3,631,0.243,CNN-Flat
3,632,0.2581,CNN-Flat
3,633,0.5276,CNN-Flat
3,634,0.4983,CNN-Flat
3,635,0.4465,CNN-Flat
3,636,0.3861,CNN-Flat
3,637,0.3154,CNN-Flat
3,638,0.2933,CNN-Flat
3,639,0.271,CNN-Flat
3,640,0.2614,CNN-Flat
3,641,0.3564,CNN-Flat
3,642,0.259,CNN-Flat
3,643,0.2497,CNN-Flat
3,644,0.2475,CNN-Flat
3,645,0.2463,CNN-Flat
3,646,0.2901,CNN-Flat
3,647,0.3866,CNN-Flat
3,648,0.3926,CNN-Flat
3,649,0.3625,CNN-Flat
3,650,0.469,CNN-Flat
3,651,0.4633,CNN-Flat
3,652,0.4522,CNN-Flat
3,653,0.3106,CNN-Flat
3,654,0.2661,CNN-Flat
3,655,0.2905,CNN-Flat
3,656,0.2801,CNN-Flat
3,657,0.3168,CNN-Flat
3,658,0.3527,CNN-Flat
3,659,0.2766,CNN-Flat
3,660,0.2474,CNN-Flat
3,661,0.2481,CNN-Flat
3,662,0.2454,CNN-Flat
3,663,0.2425,CNN-Flat
3,664,0.2426,CNN-Flat
3,665,0.2536,CNN-Flat
3,666,0.2439,CNN-Flat
3,667,0.2416,CNN-Flat
3,668,0.2718,CNN-Flat
3,669,0.2502,CNN-Flat
3,670,0.2436,CNN-Flat
3,671,0.3948,CNN-Flat
3,672,0.4572,CNN-Flat
3,673,0.4352,CNN-Flat
3,674,0.2924,CNN-Flat
3,675,0.2703,CNN-Flat
3,676,0.2664,CNN-Flat
3,677,0.2779,CNN-Flat
3,678,0.3335,CNN-Flat
3,679,0.2724,CNN-Flat
3,680,0.258,CNN-Flat
3,681,0.248,CNN-Flat
3,682,0.2442,CNN-Flat
3,683,0.243,CNN-Flat
3,684,0.2421,CNN-Flat
3,685,0.2432,CNN-Flat
3,686,0.2522,CNN-Flat
3,687,0.2423,CNN-Flat
3,688,0.2415,CNN-Flat
3,689,0.512,CNN-Flat
3,690,0.3957,CNN-Flat
3,691,0.6102,CNN-Flat
3,692,0.4191,CNN-Flat
3,693,0.4439,CNN-Flat
3,694,0.2874,CNN-Flat
3,695,0.3276,CNN-Flat
3,696,0.2834,CNN-Flat
3,697,0.2688,CNN-Flat
3,698,0.2543,CNN-Flat
3,699,0.3416,CNN-Flat
3,700,0.2556,CNN-Flat
3,701,0.2511,CNN-Flat
3,702,0.2456,CNN-Flat
3,703,0.2447,CNN-Flat
3,704,0.2429,CNN-Flat
3,705,0.2516,CNN-Flat
3,706,0.2456,CNN-Flat
3,707,0.2427,CNN-Flat
3,708,0.2448,CNN-Flat
3,709,0.2432,CNN-Flat
3,710,0.2511,CNN-Flat
3,711,0.3197,CNN-Flat
3,712,0.4791,CNN-Flat
3,713,0.533,CNN-Flat
3,714,0.3505,CNN-Flat
3,715,0.2779,CNN-Flat
3,716,0.2847,CNN-Flat
3,717,0.2713,CNN-Flat
3,718,0.268,CNN-Flat
3,719,0.2539,CNN-Flat
3,720,0.2421,CNN-Flat
3,721,0.2423,CNN-Flat
3,722,0.2424,CNN-Flat
3,723,0.2436,CNN-Flat
3,724,0.2441,CNN-Flat
3,725,0.3033,CNN-Flat
3,726,0.3937,CNN-Flat
3,727,0.278,CNN-Flat
3,728,0.2455,CNN-Flat
3,729,0.2434,CNN-Flat
3,730,0.2422,CNN-Flat
3,731,0.2937,CNN-Flat
3,732,0.5119,CNN-Flat
3,733,0.4944,CNN-Flat
3,734,0.3265,CNN-Flat
3,735,0.275,CNN-Flat
3,736,0.2875,CNN-Flat
3,737,0.2826,CNN-Flat
3,738,0.4215,CNN-Flat
3,739,0.3805,CNN-Flat
3,740,0.2752,CNN-Flat
3,741,0.2583,CNN-Flat
3,742,0.2431,CNN-Flat
3,743,0.2419,CNN-Flat
3,744,0.2422,CNN-Flat
3,745,0.5124,CNN-Flat
3,746,0.3643,CNN-Flat
3,747,0.3581,CNN-Flat
3,748,0.3495,CNN-Flat
3,749,0.3449,CNN-Flat
3,750,0.4033,CNN-Flat
3,751,0.4799,CNN-Flat
3,752,0.3208,CNN-Flat
3,753,0.269,CNN-Flat
3,754,0.27,CNN-Flat
3,755,0.3467,CNN-Flat
3,756,0.3141,CNN-Flat
3,757,0.2729,CNN-Flat
3,758,0.2458,CNN-Flat
3,759,0.2444,CNN-Flat
3,760,0.2433,CNN-Flat
3,761,0.3779,CNN-Flat
3,762,0.3407,CNN-Flat
3,763,0.2574,CNN-Flat
3,764,0.2457,CNN-Flat
3,765,0.2445,CNN-Flat
3,766,0.2426,CNN-Flat
3,767,0.2429,CNN-Flat
3,768,0.2418,CNN-Flat
3,769,0.2767,CNN-Flat
3,770,0.4687,CNN-Flat
3,771,0.4833,CNN-Flat
3,772,0.3567,CNN-Flat
3,773,0.2896,CNN-Flat
3,774,0.2736,CNN-Flat
3,775,0.2839,CNN-Flat
3,776,0.3163,CNN-Flat
3,777,0.2788,CNN-Flat
3,778,0.2539,CNN-Flat
3,779,0.2526,CNN-Flat
3,780,0.248,CNN-Flat
3,781,0.2466,CNN-Flat
3,782,0.2505,CNN-Flat
3,783,0.2441,CNN-Flat
3,784,0.339,CNN-Flat
3,785,0.3445,CNN-Flat
3,786,0.2512,CNN-Flat
3,787,0.2438,CNN-Flat
3,788,0.244,CNN-Flat
3,789,0.2478,CNN-Flat
3,790,0.6571,CNN-Flat
3,791,0.6783,CNN-Flat
3,792,0.5117,CNN-Flat
3,793,0.445,CNN-Flat
3,794,0.4871,CNN-Flat
3,795,0.3555,CNN-Flat
3,796,0.4674,CNN-Flat
3,797,0.4411,CNN-Flat
3,798,0.4996,CNN-Flat
3,799,0.4549,CNN-Flat
3,800,0.4455,CNN-Flat
3,801,0.428,CNN-Flat
3,802,0.4752,CNN-Flat
3,803,0.5857,CNN-Flat
3,804,0.5429,CNN-Flat
3,805,0.3578,CNN-Flat
3,806,0.4749,CNN-Flat
3,807,0.4601,CNN-Flat
3,808,0.369,CNN-Flat
3,809,0.3701,CNN-Flat
3,810,0.3652,CNN-Flat
3,811,0.4836,CNN-Flat
3,812,0.4469,CNN-Flat
3,813,0.3973,CNN-Flat
3,814,0.4061,CNN-Flat
3,815,0.424,CNN-Flat
3,816,0.5917,CNN-Flat
3,817,0.5552,CNN-Flat
3,818,0.443,CNN-Flat
3,819,0.3758,CNN-Flat
3,820,0.428,CNN-Flat
3,821,0.4048,CNN-Flat
3,822,0.38,CNN-Flat
3,823,0.3623,CNN-Flat
3,824,0.5014,CNN-Flat
3,825,0.4097,CNN-Flat
3,826,0.3328,CNN-Flat
3,827,0.3221,CNN-Flat
3,828,0.301,CNN-Flat
3,829,0.4585,CNN-Flat
3,830,0.3593,CNN-Flat
3,831,0.6729,CNN-Flat
3,832,0.6488,CNN-Flat
3,833,0.3824,CNN-Flat
3,834,0.3582,CNN-Flat
3,835,0.4888,CNN-Flat
3,836,0.3772,CNN-Flat
3,837,0.3189,CNN-Flat
3,838,0.2629,CNN-Flat
3,839,0.263,CNN-Flat
3,840,0.2535,CNN-Flat
3,841,0.2541,CNN-Flat
3,842,0.2463,CNN-Flat
3,843,0.2461,CNN-Flat
3,844,0.2537,CNN-Flat
3,845,0.258,CNN-Flat
3,846,0.2443,CNN-Flat
3,847,0.2443,CNN-Flat
3,848,0.3154,CNN-Flat
3,849,0.4904,CNN-Flat
3,850,0.5773,CNN-Flat
3,851,0.3673,CNN-Flat
3,852,0.3134,CNN-Flat
3,853,0.2786,CNN-Flat
3,854,0.2754,CNN-Flat
3,855,0.3068,CNN-Flat
3,856,0.2914,CNN-Flat
3,857,0.2614,CNN-Flat
3,858,0.258,CNN-Flat
3,859,0.2457,CNN-Flat
3,860,0.245,CNN-Flat
3,861,0.2468,CNN-Flat
3,862,0.2437,CNN-Flat
3,863,0.2431,CNN-Flat
3,864,0.2495,CNN-Flat
3,865,0.2456,CNN-Flat
3,866,0.245,CNN-Flat
3,867,0.2453,CNN-Flat
3,868,0.3192,CNN-Flat
3,869,0.5202,CNN-Flat
3,870,0.8257,CNN-Flat
3,871,0.4584,CNN-Flat
3,872,0.2805,CNN-Flat
3,873,0.2791,CNN-Flat
3,874,0.2817,CNN-Flat
3,875,0.2748,CNN-Flat
3,876,0.2792,CNN-Flat
3,877,0.2576,CNN-Flat
3,878,0.2456,CNN-Flat
3,879,0.2442,CNN-Flat
3,880,0.248,CNN-Flat
3,881,0.2459,CNN-Flat
3,882,0.2445,CNN-Flat
3,883,0.2421,CNN-Flat
3,884,0.2516,CNN-Flat
3,885,0.2525,CNN-Flat
3,886,0.2556,CNN-Flat
3,887,0.2438,CNN-Flat
3,888,0.4689,CNN-Flat
3,889,0.4778,CNN-Flat
3,890,0.3765,CNN-Flat
3,891,0.2762,CNN-Flat
3,892,0.2841,CNN-Flat
3,893,0.2824,CNN-Flat
3,894,0.2572,CNN-Flat
3,895,0.2459,CNN-Flat
3,896,0.261,CNN-Flat
3,897,0.2444,CNN-Flat
3,898,0.2775,CNN-Flat
3,899,0.3474,CNN-Flat
3,900,0.2794,CNN-Flat
3,901,0.2485,CNN-Flat
3,902,0.244,CNN-Flat
3,903,0.252,CNN-Flat
3,904,0.2455,CNN-Flat
3,905,0.2552,CNN-Flat
3,906,0.2429,CNN-Flat
3,907,0.243,CNN-Flat
3,908,0.2432,CNN-Flat
3,909,0.4869,CNN-Flat
3,910,0.4651,CNN-Flat
3,911,0.3757,CNN-Flat
3,912,0.2809,CNN-Flat
3,913,0.2649,CNN-Flat
3,914,0.282,CNN-Flat
3,915,0.2728,CNN-Flat
3,916,0.2687,CNN-Flat
3,917,0.2621,CNN-Flat
3,918,0.2817,CNN-Flat
3,919,0.252,CNN-Flat
3,920,0.2431,CNN-Flat
3,921,0.2416,CNN-Flat
3,922,0.4499,CNN-Flat
3,923,0.4842,CNN-Flat
3,924,0.3581,CNN-Flat
3,925,0.25,CNN-Flat
3,926,0.2455,CNN-Flat
3,927,0.4283,CNN-Flat
3,928,0.6315,CNN-Flat
3,929,0.6253,CNN-Flat
3,930,0.4777,CNN-Flat
3,931,0.3029,CNN-Flat
3,932,0.2878,CNN-Flat
3,933,0.2742,CNN-Flat
3,934,0.2592,CNN-Flat
3,935,0.2431,CNN-Flat
3,936,0.2443,CNN-Flat
3,937,0.2544,CNN-Flat
3,938,0.2451,CNN-Flat
3,939,0.2435,CNN-Flat
3,940,0.2429,CNN-Flat
3,941,0.2424,CNN-Flat
3,942,0.2419,CNN-Flat
3,943,0.2425,CNN-Flat
3,944,0.2415,CNN-Flat
3,945,0.2489,CNN-Flat
3,946,0.2438,CNN-Flat
3,947,0.36,CNN-Flat
3,948,0.4506,CNN-Flat
3,949,0.417,CNN-Flat
3,950,0.2913,CNN-Flat
3,951,0.2827,CNN-Flat
3,952,0.2686,CNN-Flat
3,953,0.2721,CNN-Flat
3,954,0.2853,CNN-Flat
3,955,0.2552,CNN-Flat
3,956,0.2474,CNN-Flat
3,957,0.2666,CNN-Flat
3,958,0.2576,CNN-Flat
3,959,0.2568,CNN-Flat
3,960,0.2581,CNN-Flat
3,961,0.2494,CNN-Flat
3,962,0.334,CNN-Flat
3,963,0.3808,CNN-Flat
3,964,0.5016,CNN-Flat
3,965,0.3714,CNN-Flat
3,966,0.4331,CNN-Flat
3,967,0.5086,CNN-Flat
3,968,0.6125,CNN-Flat
3,969,0.4678,CNN-Flat
3,970,0.4361,CNN-Flat
3,971,0.3722,CNN-Flat
3,972,0.3715,CNN-Flat
3,973,0.267,CNN-Flat
3,974,0.248,CNN-Flat
3,975,0.245,CNN-Flat
3,976,0.2448,CNN-Flat
3,977,0.2441,CNN-Flat
3,978,0.2567,CNN-Flat
3,979,0.2604,CNN-Flat
3,980,0.2447,CNN-Flat
3,981,0.2434,CNN-Flat
3,982,0.2427,CNN-Flat
3,983,0.2426,CNN-Flat
3,984,0.243,CNN-Flat
3,985,0.5009,CNN-Flat
3,986,0.5158,CNN-Flat
3,987,0.3949,CNN-Flat
3,988,0.2852,CNN-Flat
3,989,0.2789,CNN-Flat
3,990,0.2727,CNN-Flat
3,991,0.2808,CNN-Flat
3,992,0.2578,CNN-Flat
3,993,0.2493,CNN-Flat
3,994,0.2883,CNN-Flat
3,995,0.257,CNN-Flat
3,996,0.2437,CNN-Flat
3,997,0.2455,CNN-Flat
3,998,0.2426,CNN-Flat
3,999,0.2537,CNN-Flat
3,1000,0.2445,CNN-Flat
1,1,0.5114,AE
1,2,0.3141,AE
1,3,0.2991,AE
1,4,0.3053,AE
1,5,0.2902,AE
1,6,0.2992,AE
1,7,0.2805,AE
1,8,0.2793,AE
1,9,0.2791,AE
1,10,0.2794,AE
1,11,0.2792,AE
1,12,0.2788,AE
1,13,0.3529,AE
1,14,0.3806,AE
1,15,0.3708,AE
1,16,0.2829,AE
1,17,0.2838,AE
1,18,0.3909,AE
1,19,0.5008,AE
1,20,0.3924,AE
1,21,0.2963,AE
1,22,0.2914,AE
1,23,0.3034,AE
1,24,0.3248,AE
1,25,0.2894,AE
1,26,0.2847,AE
1,27,0.2811,AE
1,28,0.2796,AE
1,29,0.2796,AE
1,30,0.2803,AE
1,31,0.2937,AE
1,32,0.2905,AE
1,33,0.3634,AE
1,34,0.3537,AE
1,35,0.2831,AE
1,36,0.2815,AE
1,37,0.4812,AE
1,38,0.5153,AE
1,39,0.62,AE
1,40,0.4956,AE
1,41,0.3252,AE
1,42,0.3004,AE
1,43,0.366,AE
1,44,0.4281,AE
1,45,0.4152,AE
1,46,0.417,AE
1,47,0.2811,AE
1,48,0.2938,AE
1,49,0.2804,AE
1,50,0.28,AE
1,51,0.2804,AE
1,52,0.2792,AE
1,53,0.4356,AE
1,54,0.5202,AE
1,55,0.3496,AE
1,56,0.2952,AE
1,57,0.3047,AE
1,58,0.2973,AE
1,59,0.286,AE
1,60,0.3231,AE
1,61,0.2927,AE
1,62,0.2802,AE
1,63,0.2799,AE
1,64,0.2803,AE
1,65,0.2808,AE
1,66,0.28,AE
1,67,0.2884,AE
1,68,0.2804,AE
1,69,0.2798,AE
1,70,0.2787,AE
1,71,0.2797,AE
1,72,0.3895,AE
1,73,0.4993,AE
1,74,0.3853,AE
1,75,0.2946,AE
1,76,0.299,AE
1,77,0.2949,AE
1,78,0.2843,AE
1,79,0.2811,AE
1,80,0.3325,AE
1,81,0.2805,AE
1,82,0.2791,AE
1,83,0.281,AE
1,84,0.2845,AE
1,85,0.2798,AE
1,86,0.3344,AE
1,87,0.4014,AE
1,88,0.2863,AE
1,89,0.2811,AE
1,90,0.2799,AE
1,91,0.2902,AE
1,92,0.5723,AE
1,93,0.5646,AE
1,94,0.38,AE
1,95,0.3181,AE
1,96,0.3143,AE
1,97,0.2854,AE
1,98,0.2802,AE
1,99,0.2835,AE
1,100,0.2817,AE
1,101,0.2817,AE
1,102,0.2793,AE
1,103,0.2915,AE
1,104,0.2785,AE
1,105,0.2787,AE
1,106,0.3649,AE
1,107,0.3531,AE
1,108,0.2867,AE
1,109,0.3203,AE
1,110,0.4882,AE
1,111,0.4863,AE
1,112,0.3086,AE
1,113,0.3956,AE
1,114,0.3098,AE
1,115,0.3038,AE
1,116,0.2873,AE
1,117,0.2832,AE
1,118,0.2804,AE
1,119,0.2794,AE
1,120,0.2791,AE
1,121,0.2855,AE
1,122,0.2798,AE
1,123,0.3608,AE
1,124,0.2896,AE
1,125,0.2839,AE
1,126,0.2815,AE
1,127,0.3218,AE
1,128,0.3933,AE
1,129,0.4704,AE
1,130,0.4385,AE
1,131,0.2985,AE
1,132,0.5061,AE
1,133,0.3767,AE
1,134,0.2914,AE
1,135,0.2855,AE
1,136,0.2801,AE
1,137,0.4477,AE
1,138,0.507,AE
1,139,0.3961,AE
1,140,0.3917,AE
1,141,0.49,AE
1,142,0.4389,AE
1,143,0.6052,AE
1,144,0.5691,AE
1,145,0.3369,AE
1,146,0.2924,AE
1,147,0.3269,AE
1,148,0.3877,AE
1,149,0.3533,AE
1,150,0.2984,AE
1,151,0.2813,AE
1,152,0.2892,AE
1,153,0.279,AE
1,154,0.278,AE
1,155,0.2786,AE
1,156,0.2785,AE
1,157,0.2855,AE
1,158,0.2846,AE
1,159,0.2801,AE
1,160,0.3627,AE
1,161,0.5494,AE
1,162,0.5348,AE
1,163,0.3558,AE
1,164,0.2952,AE
1,165,0.3052,AE
1,166,0.2977,AE
1,167,0.2852,AE
1,168,0.3215,AE
1,169,0.2928,AE
1,170,0.2803,AE
1,171,0.2822,AE
1,172,0.2877,AE
1,173,0.2807,AE
1,174,0.2811,AE
1,175,0.2783,AE
1,176,0.2863,AE
1,177,0.5347,AE
1,178,0.4283,AE
1,179,0.3922,AE
1,180,0.3751,AE
1,181,0.5425,AE
1,182,0.3125,AE
1,183,0.3114,AE
1,184,0.3078,AE
1,185,0.2883,AE
1,186,0.2952,AE
1,187,0.2803,AE
1,188,0.2798,AE
1,189,0.28,AE
1,190,0.2801,AE
1,191,0.2804,AE
1,192,0.2795,AE
1,193,0.2897,AE
1,194,0.3165,AE
1,195,0.3922,AE
1,196,0.3152,AE
1,197,0.2958,AE
1,198,0.5316,AE
1,199,0.4829,AE
1,200,0.3084,AE
1,201,0.2945,AE
1,202,0.295,AE
1,203,0.3101,AE
1,204,0.3001,AE
1,205,0.286,AE
1,206,0.2805,AE
1,207,0.3957,AE
1,208,0.3691,AE
1,209,0.3507,AE
1,210,0.2865,AE
1,211,0.2924,AE
1,212,0.3194,AE
1,213,0.2813,AE
1,214,0.422,AE
1,215,0.3599,AE
1,216,0.534,AE
1,217,0.4952,AE
1,218,0.3117,AE
1,219,0.3024,AE
1,220,0.3039,AE
1,221,0.4022,AE
1,222,0.335,AE
1,223,0.303,AE
1,224,0.2949,AE
1,225,0.3012,AE
1,226,0.3074,AE
1,227,0.6117,AE
1,228,0.3422,AE
1,229,0.2851,AE
1,230,0.2848,AE
1,231,0.3685,AE
1,232,0.5415,AE
1,233,0.6499,AE
1,234,0.3244,AE
1,235,0.3402,AE
1,236,0.3231,AE
1,237,0.2906,AE
1,238,0.2804,AE
1,239,0.2787,AE
1,240,0.2777,AE
1,241,0.2866,AE
1,242,0.2904,AE
1,243,0.279,AE
1,244,0.2775,AE
1,245,0.2768,AE
1,246,0.2778,AE
1,247,0.2778,AE
1,248,0.2783,AE
1,249,0.2856,AE
1,250,0.2823,AE
1,251,0.4324,AE
1,252,0.4544,AE
1,253,0.3818,AE
1,254,0.3079,AE
1,255,0.3145,AE
1,256,0.2967,AE
1,257,0.2843,AE
1,258,0.2867,AE
1,259,0.2815,AE
1,260,0.2806,AE
1,261,0.2869,AE
1,262,0.2801,AE
1,263,0.2793,AE
1,264,0.2791,AE
1,265,0.2794,AE
1,266,0.279,AE
1,267,0.2805,AE
1,268,0.2872,AE
1,269,0.3786,AE
1,270,0.6545,AE
1,271,0.552,AE
1,272,0.32,AE
1,273,0.308,AE
1,274,0.3017,AE
1,275,0.2918,AE
1,276,0.2831,AE
1,277,0.2839,AE
1,278,0.2788,AE
1,279,0.2808,AE
1,280,0.2887,AE
1,281,0.2789,AE
1,282,0.2789,AE
1,283,0.2793,AE
1,284,0.289,AE
1,285,0.2805,AE
1,286,0.2797,AE
1,287,0.2865,AE
1,288,0.2789,AE
1,289,0.4047,AE
1,290,0.4799,AE
1,291,0.3882,AE
1,292,0.2938,AE
1,293,0.2937,AE
1,294,0.3046,AE
1,295,0.2932,AE
1,296,0.2873,AE
1,297,0.2803,AE
1,298,0.2887,AE
1,299,0.2919,AE
1,300,0.2947,AE
1,301,0.2827,AE
1,302,0.2798,AE
1,303,0.3637,AE
1,304,0.2864,AE
1,305,0.2895,AE
1,306,0.2789,AE
1,307,0.2798,AE
1,308,0.345,AE
1,309,0.458,AE
1,310,0.4646,AE
1,311,0.3006,AE
1,312,0.2983,AE
1,313,0.3007,AE
1,314,0.2924,AE
1,315,0.2889,AE
1,316,0.279,AE
1,317,0.2866,AE
1,318,0.2805,AE
1,319,0.4715,AE
1,320,0.3661,AE
1,321,0.3223,AE
1,322,0.2799,AE
1,323,0.281,AE
1,324,0.4798,AE
1,325,0.3719,AE
1,326,0.5247,AE
1,327,0.5591,AE
1,328,0.3115,AE
1,329,0.4406,AE
1,330,0.3318,AE
1,331,0.2892,AE
1,332,0.2835,AE
1,333,0.2922,AE
1,334,0.2836,AE
1,335,0.2778,AE
1,336,0.2775,AE
1,337,0.277,AE
1,338,0.2769,AE
1,339,0.2774,AE
1,340,0.2838,AE
1,341,0.2803,AE
1,342,0.2818,AE
1,343,0.2854,AE
1,344,0.281,AE
1,345,0.5519,AE
1,346,0.4765,AE
1,347,0.3064,AE
1,348,0.2923,AE
1,349,0.3125,AE
1,350,0.3403,AE
1,351,0.2869,AE
1,352,0.2841,AE
1,353,0.2884,AE
1,354,0.2795,AE
1,355,0.2795,AE
1,356,0.2792,AE
1,357,0.2788,AE
1,358,0.2802,AE
1,359,0.2812,AE
1,360,0.2874,AE
1,361,0.29,AE
1,362,0.3001,AE
1,363,0.2839,AE
1,364,0.4441,AE
1,365,0.6449,AE
1,366,0.3629,AE
1,367,0.3442,AE
1,368,0.3094,AE
1,369,0.3109,AE
1,370,0.3291,AE
1,371,0.324,AE
1,372,0.4481,AE
1,373,0.3619,AE
1,374,0.3022,AE
1,375,0.4065,AE
1,376,0.4672,AE
1,377,0.4199,AE
1,378,0.281,AE
1,379,0.2797,AE
1,380,0.3998,AE
1,381,0.4757,AE
1,382,0.4417,AE
1,383,0.3093,AE
1,384,0.2928,AE
1,385,0.2957,AE
1,386,0.3025,AE
1,387,0.3271,AE
1,388,0.2935,AE
1,389,0.3161,AE
1,390,0.3842,AE
1,391,0.2903,AE
1,392,0.3318,AE
1,393,0.278,AE
1,394,0.2767,AE
1,395,0.279,AE
1,396,0.2785,AE
1,397,0.2776,AE
1,398,0.2788,AE
1,399,0.5521,AE
1,400,0.4898,AE
1,401,0.3063,AE
1,402,0.2955,AE
1,403,0.3077,AE
1,404,0.2976,AE
1,405,0.3068,AE
1,406,0.4124,AE
1,407,0.2903,AE
1,408,0.2832,AE
1,409,0.2849,AE
1,410,0.2797,AE
1,411,0.2899,AE
1,412,0.4865,AE
1,413,0.3577,AE
1,414,0.302,AE
1,415,0.2802,AE
1,416,0.2828,AE
1,417,0.6754,AE
1,418,0.715,AE
1,419,0.3758,AE
1,420,0.3501,AE
1,421,0.2957,AE
1,422,0.2834,AE
1,423,0.2809,AE
1,424,0.2798,AE
1,425,0.2788,AE
1,426,0.3173,AE
1,427,0.3975,AE
1,428,0.3543,AE
1,429,0.3577,AE
1,430,0.3182,AE
1,431,0.2873,AE
1,432,0.2815,AE
1,433,0.409,AE
1,434,0.4641,AE
1,435,0.4339,AE
1,436,0.3011,AE
1,437,0.3067,AE
1,438,0.3028,AE
1,439,0.2846,AE
1,440,0.2797,AE
1,441,0.278,AE
1,442,0.2776,AE
1,443,0.2779,AE
1,444,0.2889,AE
1,445,0.2789,AE
1,446,0.2774,AE
1,447,0.278,AE
1,448,0.278,AE
1,449,0.2881,AE
1,450,0.3711,AE
1,451,0.3293,AE
1,452,0.3742,AE
1,453,0.539,AE
1,454,0.4052,AE
1,455,0.3552,AE
1,456,0.4471,AE
1,457,0.3196,AE
1,458,0.2948,AE
1,459,0.2848,AE
1,460,0.2822,AE
1,461,0.2828,AE
1,462,0.2906,AE
1,463,0.2815,AE
1,464,0.2801,AE
1,465,0.2811,AE
1,466,0.2818,AE
1,467,0.2802,AE
1,468,0.2806,AE
1,469,0.2881,AE
1,470,0.2801,AE
1,471,0.3805,AE
1,472,0.4897,AE
1,473,0.3884,AE
1,474,0.311,AE
1,475,0.2938,AE
1,476,0.3162,AE
1,477,0.3082,AE
1,478,0.3163,AE
1,479,0.3156,AE
1,480,0.2842,AE
1,481,0.2907,AE
1,482,0.2817,AE
1,483,0.3218,AE
1,484,0.281,AE
1,485,0.2795,AE
1,486,0.28,AE
1,487,0.2886,AE
1,488,0.2893,AE
1,489,0.2833,AE
1,490,0.4154,AE
1,491,0.4964,AE
1,492,0.3908,AE
1,493,0.3012,AE
1,494,0.3128,AE
1,495,0.3043,AE
1,496,0.2854,AE
1,497,0.2819,AE
1,498,0.2811,AE
1,499,0.2922,AE
1,500,0.2819,AE
1,501,0.2824,AE
1,502,0.2809,AE
1,503,0.2809,AE
1,504,0.2797,AE
1,505,0.2796,AE
1,506,0.2886,AE
1,507,0.2819,AE
1,508,0.4423,AE
1,509,0.4159,AE
1,510,0.4723,AE
1,511,0.4273,AE
1,512,0.4342,AE
1,513,0.32,AE
1,514,0.2948,AE
1,515,0.2894,AE
1,516,0.2828,AE
1,517,0.2808,AE
1,518,0.2953,AE
1,519,0.2846,AE
1,520,0.2846,AE
1,521,0.2806,AE
1,522,0.2821,AE
1,523,0.2798,AE
1,524,0.2793,AE
1,525,0.2882,AE
1,526,0.2831,AE
1,527,0.2798,AE
1,528,0.4063,AE
1,529,0.4734,AE
1,530,0.4005,AE
1,531,0.2953,AE
1,532,0.3031,AE
1,533,0.288,AE
1,534,0.2849,AE
1,535,0.2806,AE
1,536,0.28,AE
1,537,0.2895,AE
1,538,0.2815,AE
1,539,0.2814,AE
1,540,0.28,AE
1,541,0.28,AE
1,542,0.3024,AE
1,543,0.2962,AE
1,544,0.2906,AE
1,545,0.2822,AE
1,546,0.2803,AE
1,547,0.2798,AE
1,548,0.5255,AE
1,549,0.4752,AE
1,550,0.3182,AE
1,551,0.3025,AE
1,552,0.3036,AE
1,553,0.287,AE
1,554,0.2821,AE
1,555,0.2807,AE
1,556,0.4799,AE
1,557,0.4083,AE
1,558,0.3555,AE
1,559,0.3515,AE
1,560,0.4031,AE
1,561,0.5097,AE
1,562,0.4213,AE
1,563,0.6485,AE
1,564,0.7174,AE
1,565,0.3691,AE
1,566,0.3173,AE
1,567,0.3121,AE
1,568,0.348,AE
1,569,0.4163,AE
1,570,0.3648,AE
1,571,0.3425,AE
1,572,0.2849,AE
1,573,0.282,AE
1,574,0.2821,AE
1,575,0.2814,AE
1,576,0.2799,AE
1,577,0.2807,AE
1,578,0.2874,AE
1,579,0.2815,AE
1,580,0.2799,AE
1,581,0.444,AE
1,582,0.5102,AE
1,583,0.3307,AE
1,584,0.3129,AE
1,585,0.3082,AE
1,586,0.294,AE
1,587,0.2858,AE
1,588,0.2828,AE
1,589,0.2804,AE
1,590,0.2804,AE
1,591,0.2907,AE
1,592,0.2792,AE
1,593,0.2792,AE
1,594,0.2807,AE
1,595,0.2787,AE
1,596,0.2781,AE
1,597,0.2787,AE
1,598,0.2988,AE
1,599,0.2803,AE
1,600,0.5578,AE
1,601,0.5275,AE
1,602,0.3563,AE
1,603,0.3031,AE
1,604,0.4595,AE
1,605,0.3125,AE
1,606,0.3963,AE
1,607,0.421,AE
1,608,0.3013,AE
1,609,0.2856,AE
1,610,0.2819,AE
1,611,0.2816,AE
1,612,0.2842,AE
1,613,0.2811,AE
1,614,0.2807,AE
1,615,0.2801,AE
1,616,0.2878,AE
1,617,0.2824,AE
1,618,0.5274,AE
1,619,0.5413,AE
1,620,0.3723,AE
1,621,0.3046,AE
1,622,0.3095,AE
1,623,0.2939,AE
1,624,0.2865,AE
1,625,0.2838,AE
1,626,0.2825,AE
1,627,0.2895,AE
1,628,0.2829,AE
1,629,0.2806,AE
1,630,0.3043,AE
1,631,0.4159,AE
1,632,0.3593,AE
1,633,0.2885,AE
1,634,0.2967,AE
1,635,0.2829,AE
1,636,0.3909,AE
1,637,0.5039,AE
1,638,0.4403,AE
1,639,0.3319,AE
1,640,0.3129,AE
1,641,0.2981,AE
1,642,0.2888,AE
1,643,0.282,AE
1,644,0.2803,AE
1,645,0.2802,AE
1,646,0.7743,AE
1,647,0.5365,AE
1,648,0.4181,AE
1,649,0.7256,AE
1,650,0.5969,AE
1,651,0.693,AE
1,652,0.5253,AE
1,653,0.3684,AE
1,654,0.3886,AE
1,655,0.4726,AE
1,656,0.4789,AE
1,657,0.3159,AE
1,658,0.4056,AE
1,659,0.3992,AE
1,660,0.3898,AE
1,661,0.4252,AE
1,662,0.3749,AE
1,663,0.3735,AE
1,664,0.5099,AE
1,665,0.5893,AE
1,666,0.5346,AE
1,667,0.4024,AE
1,668,0.4426,AE
1,669,0.3949,AE
1,670,0.4772,AE
1,671,0.4758,AE
1,672,0.4446,AE
1,673,0.4515,AE
1,674,0.4825,AE
1,675,0.4394,AE
1,676,0.4363,AE
1,677,0.6055,AE
1,678,0.6147,AE
1,679,0.6477,AE
1,680,0.3716,AE
1,681,0.3242,AE
1,682,0.311,AE
1,683,0.5206,AE
1,684,0.482,AE
1,685,0.5269,AE
1,686,0.4895,AE
1,687,0.4483,AE
1,688,0.4546,AE
1,689,0.4791,AE
1,690,0.6719,AE
1,691,0.7038,AE
1,692,0.5405,AE
1,693,0.5066,AE
1,694,0.4677,AE
1,695,0.4676,AE
1,696,0.4819,AE
1,697,0.5626,AE
1,698,0.4659,AE
1,699,0.4517,AE
1,700,0.4434,AE
1,701,0.5311,AE
1,702,0.5493,AE
1,703,0.5546,AE
1,704,0.4991,AE
1,705,0.5094,AE
1,706,0.4686,AE
1,707,0.4685,AE
1,708,0.4503,AE
1,709,0.5439,AE
1,710,0.3673,AE
1,711,0.3539,AE
1,712,0.2844,AE
1,713,0.3873,AE
1,714,0.6571,AE
1,715,0.6438,AE
1,716,0.5282,AE
1,717,0.5276,AE
1,718,0.4659,AE
1,719,0.4851,AE
1,720,0.5482,AE
1,721,0.4645,AE
1,722,0.4367,AE
1,723,0.4648,AE
1,724,0.4685,AE
1,725,0.4684,AE
1,726,0.5315,AE
1,727,0.5584,AE
1,728,0.5758,AE
1,729,0.4652,AE
1,730,0.5004,AE
1,731,0.4901,AE
1,732,0.4953,AE
1,733,0.4628,AE
1,734,0.4518,AE
1,735,0.4491,AE
1,736,0.4356,AE
1,737,0.4685,AE
1,738,0.5032,AE
1,739,0.6542,AE
1,740,0.6431,AE
1,741,0.4788,AE
1,742,0.4552,AE
1,743,0.3782,AE
1,744,0.4221,AE
1,745,0.3645,AE
1,746,0.3367,AE
1,747,0.4082,AE
1,748,0.5559,AE
1,749,0.459,AE
1,750,0.417,AE
1,751,0.4681,AE
1,752,0.5538,AE
1,753,0.5428,AE
1,754,0.5279,AE
1,755,0.5039,AE
1,756,0.4694,AE
1,757,0.4639,AE
1,758,0.4725,AE
1,759,0.5116,AE
1,760,0.4773,AE
1,761,0.4759,AE
1,762,0.4701,AE
1,763,0.4749,AE
1,764,0.577,AE
1,765,0.5971,AE
1,766,0.503,AE
1,767,0.5104,AE
1,768,0.4512,AE
1,769,0.4643,AE
1,770,0.5419,AE
1,771,0.5975,AE
1,772,0.5168,AE
1,773,0.4026,AE
1,774,0.5797,AE
1,775,0.6583,AE
1,776,0.7476,AE
1,777,0.5612,AE
1,778,0.5017,AE
1,779,0.5242,AE
1,780,0.4842,AE
1,781,0.4915,AE
1,782,0.4573,AE
1,783,0.4183,AE
1,784,0.4626,AE
1,785,0.4467,AE
1,786,0.4569,AE
1,787,0.5091,AE
1,788,0.5429,AE
1,789,0.5248,AE
1,790,0.3905,AE
1,791,0.3502,AE
1,792,0.408,AE
1,793,0.4152,AE
1,794,0.4116,AE
1,795,0.4727,AE
1,796,0.4734,AE
1,797,0.4719,AE
1,798,0.5278,AE
1,799,0.4396,AE
1,800,0.5023,AE
1,801,0.7133,AE
1,802,0.6444,AE
1,803,0.5769,AE
1,804,0.5325,AE
1,805,0.5054,AE
1,806,0.4424,AE
1,807,0.4417,AE
1,808,0.4808,AE
1,809,0.4617,AE
1,810,0.4568,AE
1,811,0.4714,AE
1,812,0.607,AE
1,813,0.6411,AE
1,814,0.5851,AE
1,815,0.5966,AE
1,816,0.5098,AE
1,817,0.4975,AE
1,818,0.4666,AE
1,819,0.4579,AE
1,820,0.4308,AE
1,821,0.4521,AE
1,822,0.446,AE
1,823,0.4746,AE
1,824,0.5568,AE
1,825,0.5514,AE
1,826,0.4848,AE
1,827,0.4553,AE
1,828,0.4006,AE
1,829,0.4141,AE
1,830,0.4157,AE
1,831,0.4027,AE
1,832,0.4531,AE
1,833,0.5207,AE
1,834,0.3622,AE
1,835,0.474,AE
1,836,0.6031,AE
1,837,0.6593,AE
1,838,0.6157,AE
1,839,0.573,AE
1,840,0.5171,AE
1,841,0.4866,AE
1,842,0.4656,AE
1,843,0.447,AE
1,844,0.4353,AE
1,845,0.4489,AE
1,846,0.4466,AE
1,847,0.4505,AE
1,848,0.4799,AE
1,849,0.5601,AE
1,850,0.5863,AE
1,851,0.4354,AE
1,852,0.4117,AE
1,853,0.4445,AE
1,854,0.4064,AE
1,855,0.415,AE
1,856,0.4217,AE
1,857,0.4434,AE
1,858,0.4493,AE
1,859,0.4781,AE
1,860,0.42,AE
1,861,0.4766,AE
1,862,0.5501,AE
1,863,0.5456,AE
1,864,0.648,AE
1,865,0.5224,AE
1,866,0.4678,AE
1,867,0.4224,AE
1,868,0.4849,AE
1,869,0.4639,AE
1,870,0.4623,AE
1,871,0.4451,AE
1,872,0.4757,AE
1,873,0.4653,AE
1,874,0.523,AE
1,875,0.5283,AE
1,876,0.5022,AE
1,877,0.5256,AE
1,878,0.5014,AE
1,879,0.5142,AE
1,880,0.4638,AE
1,881,0.4678,AE
1,882,0.4278,AE
1,883,0.443,AE
1,884,0.4545,AE
1,885,0.4614,AE
1,886,0.4808,AE
1,887,0.543,AE
1,888,0.5382,AE
1,889,0.4822,AE
1,890,0.5126,AE
1,891,0.4783,AE
1,892,0.4923,AE
1,893,0.4746,AE
1,894,0.4622,AE
1,895,0.5384,AE
1,896,0.3958,AE
1,897,0.3629,AE
1,898,0.357,AE
1,899,0.3931,AE
1,900,0.8349,AE
1,901,0.566,AE
1,902,0.4924,AE
1,903,0.5091,AE
1,904,0.5068,AE
1,905,0.4357,AE
1,906,0.4666,AE
1,907,0.4623,AE
1,908,0.4586,AE
1,909,0.4579,AE
1,910,0.474,AE
1,911,0.5883,AE
1,912,0.5196,AE
1,913,0.5369,AE
1,914,0.4997,AE
1,915,0.4297,AE
1,916,0.4539,AE
1,917,0.411,AE
1,918,0.4395,AE
1,919,0.4587,AE
1,920,0.4568,AE
1,921,0.4995,AE
1,922,0.474,AE
1,923,0.4575,AE
1,924,0.5562,AE
1,925,0.5679,AE
1,926,0.621,AE
1,927,0.5798,AE
1,928,0.5876,AE
1,929,0.7097,AE
1,930,0.572,AE
1,931,0.479,AE
1,932,0.472,AE
1,933,0.4369,AE
1,934,0.7739,AE
1,935,0.7584,AE
1,936,0.6509,AE
1,937,0.4314,AE
1,938,0.595,AE
1,939,0.5922,AE
1,940,0.6453,AE
1,941,0.5713,AE
1,942,0.5003,AE
1,943,0.4675,AE
1,944,0.4508,AE
1,945,0.5553,AE
1,946,0.5426,AE
1,947,0.5515,AE
1,948,0.5073,AE
1,949,0.4576,AE
1,950,0.4571,AE
1,951,0.4627,AE
1,952,0.495,AE
1,953,0.4319,AE
1,954,0.4093,AE
1,955,0.4968,AE
1,956,0.3264,AE
1,957,0.439,AE
1,958,0.6697,AE
1,959,0.6425,AE
1,960,0.4601,AE
1,961,0.4022,AE
1,962,0.334,AE
1,963,0.2993,AE
1,964,0.3064,AE
1,965,0.2897,AE
1,966,0.2797,AE
1,967,0.2792,AE
1,968,0.2791,AE
1,969,0.2789,AE
1,970,0.2795,AE
1,971,0.2875,AE
1,972,0.2788,AE
1,973,0.279,AE
1,974,0.2852,AE
1,975,0.5051,AE
1,976,0.4993,AE
1,977,0.3357,AE
1,978,0.3013,AE
1,979,0.2893,AE
1,980,0.2829,AE
1,981,0.28,AE
1,982,0.2793,AE
1,983,0.2898,AE
1,984,0.2812,AE
1,985,0.2793,AE
1,986,0.2782,AE
1,987,0.2788,AE
1,988,0.2978,AE
1,989,0.294,AE
1,990,0.2902,AE
1,991,0.2787,AE
1,992,0.2799,AE
1,993,0.2794,AE
1,994,0.3836,AE
1,995,0.4613,AE
1,996,0.444,AE
1,997,0.2923,AE
1,998,0.2969,AE
1,999,0.2869,AE
1,1000,0.2826,AE
2,1,0.5711,AE
2,2,0.5001,AE
2,3,0.3204,AE
2,4,0.3384,AE
2,5,0.3089,AE
2,6,0.2907,AE
2,7,0.3486,AE
2,8,0.3753,AE
2,9,0.2883,AE
2,10,0.2823,AE
2,11,0.2926,AE
2,12,0.2793,AE
2,13,0.2797,AE
2,14,0.2794,AE
2,15,0.2811,AE
2,16,0.2797,AE
2,17,0.2793,AE
2,18,0.2871,AE
2,19,0.5007,AE
2,20,0.4275,AE
2,21,0.4113,AE
2,22,0.3233,AE
2,23,0.3416,AE
2,24,0.293,AE
2,25,0.2859,AE
2,26,0.2807,AE
2,27,0.2803,AE
2,28,0.2791,AE
2,29,0.2795,AE
2,30,0.2879,AE
2,31,0.2818,AE
2,32,0.2796,AE
2,33,0.2799,AE
2,34,0.3591,AE
2,35,0.301,AE
2,36,0.3736,AE
2,37,0.4312,AE
2,38,0.5556,AE
2,39,0.8424,AE
2,40,0.3161,AE
2,41,0.2921,AE
2,42,0.3147,AE
2,43,0.2984,AE
2,44,0.2866,AE
2,45,0.286,AE
2,46,0.2898,AE
2,47,0.2806,AE
2,48,0.2794,AE
2,49,0.2792,AE
2,50,0.28,AE
2,51,0.2804,AE
2,52,0.2803,AE
2,53,0.2873,AE
2,54,0.2801,AE
2,55,0.446,AE
2,56,0.5332,AE
2,57,0.329,AE
2,58,0.3063,AE
2,59,0.2987,AE
2,60,0.2874,AE
2,61,0.2849,AE
2,62,0.2808,AE
2,63,0.2797,AE
2,64,0.2795,AE
2,65,0.3649,AE
2,66,0.2997,AE
2,67,0.2807,AE
2,68,0.2794,AE
2,69,0.2797,AE
2,70,0.2789,AE
2,71,0.2789,AE
2,72,0.2882,AE
2,73,0.2868,AE
2,74,0.3542,AE
2,75,0.5016,AE
2,76,0.4091,AE
2,77,0.3136,AE
2,78,0.2921,AE
2,79,0.2981,AE
2,80,0.2928,AE
2,81,0.2822,AE
2,82,0.2818,AE
2,83,0.2796,AE
2,84,0.3256,AE
2,85,0.2799,AE
2,86,0.2801,AE
2,87,0.4613,AE
2,88,0.38,AE
2,89,0.4348,AE
2,90,0.4421,AE
2,91,0.4578,AE
2,92,0.5968,AE
2,93,0.4837,AE
2,94,0.3757,AE
2,95,0.3933,AE
2,96,0.307,AE
2,97,0.2865,AE
2,98,0.2922,AE
2,99,0.281,AE
2,100,0.279,AE
2,101,0.2791,AE
2,102,0.2798,AE
2,103,0.2784,AE
2,104,0.2787,AE
2,105,0.2856,AE
2,106,0.2813,AE
2,107,0.2817,AE
2,108,0.279,AE
2,109,0.2787,AE
2,110,0.3934,AE
2,111,0.5525,AE
2,112,0.3899,AE
2,113,0.2906,AE
2,114,0.302,AE
2,115,0.2897,AE
2,116,0.2978,AE
2,117,0.2789,AE
2,118,0.2928,AE
2,119,0.281,AE
2,120,0.2827,AE
2,121,0.2812,AE
2,122,0.2798,AE
2,123,0.2796,AE
2,124,0.2893,AE
2,125,0.2865,AE
2,126,0.2843,AE
2,127,0.301,AE
2,128,0.2809,AE
2,129,0.3944,AE
2,130,0.5607,AE
2,131,0.6809,AE
2,132,0.4033,AE
2,133,0.3761,AE
2,134,0.3702,AE
2,135,0.4023,AE
2,136,0.293,AE
2,137,0.2919,AE
2,138,0.2822,AE
2,139,0.2819,AE
2,140,0.2803,AE
2,141,0.2833,AE
2,142,0.2805,AE
2,143,0.2802,AE
2,144,0.279,AE
2,145,0.2806,AE
2,146,0.2913,AE
2,147,0.4854,AE
2,148,0.538,AE
2,149,0.312,AE
2,150,0.3029,AE
2,151,0.2942,AE
2,152,0.2844,AE
2,153,0.3033,AE
2,154,0.2808,AE
2,155,0.2865,AE
2,156,0.3805,AE
2,157,0.3918,AE
2,158,0.2912,AE
2,159,0.2917,AE
2,160,0.28,AE
2,161,0.2801,AE
2,162,0.2903,AE
2,163,0.2791,AE
2,164,0.3631,AE
2,165,0.5594,AE
2,166,0.4386,AE
2,167,0.4387,AE
2,168,0.2996,AE
2,169,0.3065,AE
2,170,0.2927,AE
2,171,0.295,AE
2,172,0.2795,AE
2,173,0.2804,AE
2,174,0.2815,AE
2,175,0.3173,AE
2,176,0.2837,AE
2,177,0.2791,AE
2,178,0.2875,AE
2,179,0.4255,AE
2,180,0.2905,AE
2,181,0.2822,AE
2,182,0.282,AE
2,183,0.3677,AE
2,184,0.4653,AE
2,185,0.458,AE
2,186,0.3307,AE
2,187,0.2993,AE
2,188,0.3231,AE
2,189,0.2907,AE
2,190,0.2827,AE
2,191,0.2802,AE
2,192,0.2797,AE
2,193,0.2786,AE
2,194,0.278,AE
2,195,0.2873,AE
2,196,0.2821,AE
2,197,0.2791,AE
2,198,0.2803,AE
2,199,0.2789,AE
2,200,0.2799,AE
2,201,0.2797,AE
2,202,0.2896,AE
2,203,0.5152,AE
2,204,0.4791,AE
2,205,0.3077,AE
2,206,0.297,AE
2,207,0.3118,AE
2,208,0.2872,AE
2,209,0.2813,AE
2,210,0.2792,AE
2,211,0.2783,AE
2,212,0.2805,AE
2,213,0.2824,AE
2,214,0.2891,AE
2,215,0.281,AE
2,216,0.2792,AE
2,217,0.2791,AE
2,218,0.2826,AE
2,219,0.404,AE
2,220,0.3892,AE
2,221,0.2946,AE
2,222,0.4591,AE
2,223,0.5409,AE
2,224,0.3169,AE
2,225,0.3859,AE
2,226,0.3042,AE
2,227,0.3182,AE
2,228,0.2947,AE
2,229,0.2873,AE
2,230,0.2839,AE
2,231,0.2804,AE
2,232,0.2875,AE
2,233,0.2796,AE
2,234,0.2797,AE
2,235,0.2801,AE
2,236,0.2798,AE
2,237,0.2816,AE
2,238,0.2792,AE
2,239,0.291,AE
2,240,0.4519,AE
2,241,0.6043,AE
2,242,0.5012,AE
2,243,0.32,AE
2,244,0.3341,AE
2,245,0.3019,AE
2,246,0.2913,AE
2,247,0.2856,AE
2,248,0.5402,AE
2,249,0.3259,AE
2,250,0.2867,AE
2,251,0.2805,AE
2,252,0.2801,AE
2,253,0.28,AE
2,254,0.2799,AE
2,255,0.28,AE
2,256,0.2877,AE
2,257,0.2812,AE
2,258,0.3984,AE
2,259,0.488,AE
2,260,0.4545,AE
2,261,0.3097,AE
2,262,0.3166,AE
2,263,0.2947,AE
2,264,0.2852,AE
2,265,0.2817,AE
2,266,0.2794,AE
2,267,0.2784,AE
2,268,0.3284,AE
2,269,0.2821,AE
2,270,0.2793,AE
2,271,0.2792,AE
2,272,0.2791,AE
2,273,0.2794,AE
2,274,0.2788,AE
2,275,0.2849,AE
2,276,0.4274,AE
2,277,0.5531,AE
2,278,0.4657,AE
2,279,0.3855,AE
2,280,0.5165,AE
2,281,0.3982,AE
2,282,0.3075,AE
2,283,0.2916,AE
2,284,0.2832,AE
2,285,0.2963,AE
2,286,0.2831,AE
2,287,0.2812,AE
2,288,0.2806,AE
2,289,0.2839,AE
2,290,0.2781,AE
2,291,0.2791,AE
2,292,0.2896,AE
2,293,0.2831,AE
2,294,0.2859,AE
2,295,0.4368,AE
2,296,0.519,AE
2,297,0.3756,AE
2,298,0.3146,AE
2,299,0.2989,AE
2,300,0.2825,AE
2,301,0.2799,AE
2,302,0.2789,AE
2,303,0.2782,AE
2,304,0.286,AE
2,305,0.2791,AE
2,306,0.3405,AE
2,307,0.3977,AE
2,308,0.3709,AE
2,309,0.2944,AE
2,310,0.2802,AE
2,311,0.2795,AE
2,312,0.3218,AE
2,313,0.331,AE
2,314,0.4893,AE
2,315,0.5096,AE
2,316,0.3181,AE
2,317,0.2954,AE
2,318,0.2906,AE
2,319,0.3022,AE
2,320,0.3066,AE
2,321,0.5073,AE
2,322,0.3746,AE
2,323,0.4147,AE
2,324,0.3161,AE
2,325,0.3004,AE
2,326,0.2872,AE
2,327,0.2852,AE
2,328,0.2807,AE
2,329,0.5144,AE
2,330,0.5936,AE
2,331,0.5748,AE
2,332,0.3512,AE
2,333,0.2961,AE
2,334,0.3035,AE
2,335,0.3291,AE
2,336,0.3707,AE
2,337,0.3193,AE
2,338,0.2982,AE
2,339,0.2809,AE
2,340,0.2796,AE
2,341,0.2791,AE
2,342,0.2815,AE
2,343,0.2817,AE
2,344,0.3469,AE
2,345,0.2963,AE
2,346,0.2794,AE
2,347,0.2794,AE
2,348,0.3837,AE
2,349,0.5822,AE
2,350,0.4353,AE
2,351,0.2959,AE
2,352,0.3049,AE
2,353,0.3042,AE
2,354,0.2892,AE
2,355,0.3257,AE
2,356,0.2827,AE
2,357,0.2886,AE
2,358,0.2804,AE
2,359,0.2828,AE
2,360,0.28,AE
2,361,0.2791,AE
2,362,0.2797,AE
2,363,0.28,AE
2,364,0.2868,AE
2,365,0.2795,AE
2,366,0.2792,AE
2,367,0.4239,AE
2,368,0.8064,AE
2,369,0.5445,AE
2,370,0.458,AE
2,371,0.641,AE
2,372,0.445,AE
2,373,0.3419,AE
2,374,0.3974,AE
2,375,0.467,AE
2,376,0.4077,AE
2,377,0.4032,AE
2,378,0.3796,AE
2,379,0.3834,AE
2,380,0.5035,AE
2,381,0.5195,AE
2,382,0.5473,AE
2,383,0.4739,AE
2,384,0.7897,AE
2,385,0.3274,AE
2,386,0.3937,AE
2,387,0.3815,AE
2,388,0.5437,AE
2,389,0.4293,AE
2,390,0.4434,AE
2,391,0.3973,AE
2,392,0.4787,AE
2,393,0.5724,AE
2,394,0.5411,AE
2,395,0.5082,AE
2,396,0.5216,AE
2,397,0.5203,AE
2,398,0.4652,AE
2,399,0.5067,AE
2,400,0.6059,AE
2,401,0.3913,AE
2,402,0.3617,AE
2,403,0.3466,AE
2,404,0.5854,AE
2,405,0.6893,AE
2,406,0.6511,AE
2,407,0.5557,AE
2,408,0.4428,AE
2,409,0.4574,AE
2,410,0.487,AE
2,411,0.4883,AE
2,412,0.4343,AE
2,413,0.3797,AE
2,414,0.3829,AE
2,415,0.4443,AE
2,416,0.4557,AE
2,417,0.4563,AE
2,418,0.5709,AE
2,419,0.5415,AE
2,420,0.4774,AE
2,421,0.4926,AE
2,422,0.5387,AE
2,423,0.4831,AE
2,424,0.4197,AE
2,425,0.4347,AE
2,426,0.4294,AE
2,427,0.4517,AE
2,428,0.4537,AE
2,429,0.4822,AE
2,430,0.8019,AE
2,431,0.6697,AE
2,432,0.5431,AE
2,433,0.4326,AE
2,434,0.4388,AE
2,435,0.4179,AE
2,436,0.4928,AE
2,437,0.4473,AE
2,438,0.4845,AE
2,439,0.4851,AE
2,440,0.4813,AE
2,441,0.4212,AE
2,442,0.581,AE
2,443,0.5441,AE
2,444,0.6605,AE
2,445,0.6584,AE
2,446,0.4742,AE
2,447,0.4921,AE
2,448,0.459,AE
2,449,0.4515,AE
2,450,0.4531,AE
2,451,0.48,AE
2,452,0.4521,AE
2,453,0.4553,AE
2,454,0.5582,AE
2,455,0.556,AE
2,456,0.455,AE
2,457,0.4785,AE
2,458,0.5115,AE
2,459,0.4834,AE
2,460,0.4481,AE
2,461,0.5311,AE
2,462,0.3213,AE
2,463,0.3354,AE
2,464,0.2908,AE
2,465,0.373,AE
2,466,0.4228,AE
2,467,0.3082,AE
2,468,0.424,AE
2,469,0.5506,AE
2,470,0.7608,AE
2,471,0.6493,AE
2,472,0.5262,AE
2,473,0.4338,AE
2,474,0.3132,AE
2,475,0.4022,AE
2,476,0.4113,AE
2,477,0.643,AE
2,478,0.6484,AE
2,479,0.7019,AE
2,480,0.705,AE
2,481,0.5341,AE
2,482,0.4534,AE
2,483,0.4313,AE
2,484,0.4049,AE
2,485,0.4741,AE
2,486,0.4549,AE
2,487,0.4752,AE
2,488,0.4516,AE
2,489,0.4572,AE
2,490,0.4849,AE
2,491,0.543,AE
2,492,0.577,AE
2,493,0.5748,AE
2,494,0.6127,AE
2,495,0.5298,AE
2,496,0.3554,AE
2,497,0.4218,AE
2,498,0.3865,AE
2,499,0.4103,AE
2,500,0.389,AE
2,501,0.3723,AE
2,502,0.4016,AE
2,503,0.4762,AE
2,504,0.6136,AE
2,505,0.4966,AE
2,506,0.5162,AE
2,507,0.458,AE
2,508,0.4453,AE
2,509,0.4128,AE
2,510,0.4399,AE
2,511,0.4776,AE
2,512,0.5189,AE
2,513,0.4627,AE
2,514,0.4889,AE
2,515,0.4656,AE
2,516,0.6267,AE
2,517,0.6735,AE
2,518,0.5557,AE
2,519,0.5376,AE
2,520,0.4868,AE
2,521,0.4912,AE
2,522,0.5058,AE
2,523,0.5066,AE
2,524,0.4566,AE
2,525,0.4529,AE
2,526,0.6233,AE
2,527,0.5927,AE
2,528,0.6883,AE
2,529,0.6041,AE
2,530,0.5519,AE
2,531,0.5098,AE
2,532,0.4793,AE
2,533,0.457,AE
2,534,0.4573,AE
2,535,0.4359,AE
2,536,0.477,AE
2,537,0.4837,AE
2,538,0.4451,AE
2,539,0.4671,AE
2,540,0.577,AE
2,541,0.5804,AE
2,542,0.4816,AE
2,543,0.4776,AE
2,544,0.4718,AE
2,545,0.4726,AE
2,546,0.4452,AE
2,547,0.4518,AE
2,548,0.4612,AE
2,549,0.4578,AE
2,550,0.4289,AE
2,551,0.4901,AE
2,552,0.5203,AE
2,553,0.5362,AE
2,554,0.5223,AE
2,555,0.4503,AE
2,556,0.4848,AE
2,557,0.536,AE
2,558,0.3404,AE
2,559,0.3224,AE
2,560,0.2986,AE
2,561,0.3008,AE
2,562,0.6471,AE
2,563,0.5355,AE
2,564,0.7344,AE
2,565,0.7844,AE
2,566,0.567,AE
2,567,0.4438,AE
2,568,0.4772,AE
2,569,0.5127,AE
2,570,0.5721,AE
2,571,0.4781,AE
2,572,0.5061,AE
2,573,0.4547,AE
2,574,0.435,AE
2,575,0.4544,AE
2,576,0.4788,AE
2,577,0.5886,AE
2,578,0.5701,AE
2,579,0.4892,AE
2,580,0.492,AE
2,581,0.5119,AE
2,582,0.5406,AE
2,583,0.4866,AE
2,584,0.4558,AE
2,585,0.4614,AE
2,586,0.4766,AE
2,587,0.4609,AE
2,588,0.647,AE
2,589,0.4777,AE
2,590,0.4656,AE
2,591,0.4867,AE
2,592,0.5277,AE
2,593,0.507,AE
2,594,0.465,AE
2,595,0.4762,AE
2,596,0.4493,AE
2,597,0.4258,AE
2,598,0.4581,AE
2,599,0.4647,AE
2,600,0.4483,AE
2,601,0.5731,AE
2,602,0.6035,AE
2,603,0.5549,AE
2,604,0.4707,AE
2,605,0.476,AE
2,606,0.4781,AE
2,607,0.4656,AE
2,608,0.4497,AE
2,609,0.4622,AE
2,610,0.4716,AE
2,611,0.4949,AE
2,612,0.4231,AE
2,613,0.4824,AE
2,614,0.5738,AE
2,615,0.554,AE
2,616,0.4877,AE
2,617,0.5779,AE
2,618,0.4889,AE
2,619,0.3547,AE
2,620,0.3389,AE
2,621,0.4245,AE
2,622,0.3916,AE
2,623,0.4108,AE
2,624,0.4485,AE
2,625,0.4528,AE
2,626,0.5016,AE
2,627,0.5574,AE
2,628,0.5146,AE
2,629,0.5304,AE
2,630,0.5717,AE
2,631,0.5544,AE
2,632,0.4936,AE
2,633,0.4519,AE
2,634,0.5236,AE
2,635,0.4211,AE
2,636,0.4569,AE
2,637,0.4792,AE
2,638,0.5066,AE
2,639,0.5772,AE
2,640,0.5619,AE
2,641,0.5,AE
2,642,0.4826,AE
2,643,0.4475,AE
2,644,0.4212,AE
2,645,0.4009,AE
2,646,0.4183,AE
2,647,0.4223,AE
2,648,0.3824,AE
2,649,0.4041,AE
2,650,0.402,AE
2,651,0.5924,AE
2,652,0.5787,AE
2,653,0.462,AE
2,654,0.439,AE
2,655,0.5259,AE
2,656,0.5047,AE
2,657,0.4609,AE
2,658,0.4783,AE
2,659,0.4427,AE
2,660,0.4216,AE
2,661,0.4611,AE
2,662,0.458,AE
2,663,0.4507,AE
2,664,0.5043,AE
2,665,0.5181,AE
2,666,0.5541,AE
2,667,0.5127,AE
2,668,0.5202,AE
2,669,0.4698,AE
2,670,0.4634,AE
2,671,0.4622,AE
2,672,0.4458,AE
2,673,0.4869,AE
2,674,0.4561,AE
2,675,0.4408,AE
2,676,0.4715,AE
2,677,0.5821,AE
2,678,0.5672,AE
2,679,0.5126,AE
2,680,0.517,AE
2,681,0.7986,AE
2,682,0.4809,AE
2,683,0.4688,AE
2,684,0.485,AE
2,685,0.4647,AE
2,686,0.4521,AE
2,687,0.4526,AE
2,688,0.524,AE
2,689,0.5368,AE
2,690,0.5452,AE
2,691,0.4902,AE
2,692,0.5655,AE
2,693,0.3183,AE
2,694,0.3513,AE
2,695,0.2872,AE
2,696,0.3265,AE
2,697,0.2823,AE
2,698,0.3805,AE
2,699,0.3437,AE
2,700,0.3514,AE
2,701,0.3495,AE
2,702,0.3292,AE
2,703,0.3587,AE
2,704,0.4468,AE
2,705,0.4817,AE
2,706,0.31,AE
2,707,0.2895,AE
2,708,0.3011,AE
2,709,0.3106,AE
2,710,0.2852,AE
2,711,0.2835,AE
2,712,0.2815,AE
2,713,0.2779,AE
2,714,0.2773,AE
2,715,0.2853,AE
2,716,0.2779,AE
2,717,0.2772,AE
2,718,0.29,AE
2,719,0.278,AE
2,720,0.2882,AE
2,721,0.4416,AE
2,722,0.2952,AE
2,723,0.3718,AE
2,724,0.372,AE
2,725,0.4358,AE
2,726,0.3302,AE
2,727,0.3087,AE
2,728,0.2993,AE
2,729,0.2876,AE
2,730,0.2814,AE
2,731,0.2946,AE
2,732,0.2813,AE
2,733,0.2797,AE
2,734,0.2797,AE
2,735,0.2793,AE
2,736,0.2788,AE
2,737,0.2793,AE
2,738,0.2951,AE
2,739,0.2808,AE
2,740,0.2823,AE
2,741,0.2803,AE
2,742,0.393,AE
2,743,0.4991,AE
2,744,0.4329,AE
2,745,0.2939,AE
2,746,0.2994,AE
2,747,0.2875,AE
2,748,0.2835,AE
2,749,0.2811,AE
2,750,0.2911,AE
2,751,0.2807,AE
2,752,0.2822,AE
2,753,0.28,AE
2,754,0.2793,AE
2,755,0.2878,AE
2,756,0.3076,AE
2,757,0.2918,AE
2,758,0.2802,AE
2,759,0.2826,AE
2,760,0.2806,AE
2,761,0.2878,AE
2,762,0.5082,AE
2,763,0.5425,AE
2,764,0.3133,AE
2,765,0.3202,AE
2,766,0.2999,AE
2,767,0.2873,AE
2,768,0.4308,AE
2,769,0.3236,AE
2,770,0.2845,AE
2,771,0.345,AE
2,772,0.372,AE
2,773,0.3774,AE
2,774,0.2839,AE
2,775,0.2788,AE
2,776,0.2799,AE
2,777,0.2791,AE
2,778,0.2816,AE
2,779,0.2806,AE
2,780,0.5354,AE
2,781,0.5108,AE
2,782,0.3162,AE
2,783,0.2922,AE
2,784,0.3104,AE
2,785,0.3405,AE
2,786,0.3756,AE
2,787,0.2905,AE
2,788,0.3226,AE
2,789,0.2815,AE
2,790,0.2837,AE
2,791,0.2795,AE
2,792,0.2885,AE
2,793,0.2818,AE
2,794,0.2816,AE
2,795,0.281,AE
2,796,0.282,AE
2,797,0.2812,AE
2,798,0.3728,AE
2,799,0.5178,AE
2,800,0.4104,AE
2,801,0.2976,AE
2,802,0.2901,AE
2,803,0.2942,AE
2,804,0.3223,AE
2,805,0.2834,AE
2,806,0.2825,AE
2,807,0.2798,AE
2,808,0.2785,AE
2,809,0.2787,AE
2,810,0.2805,AE
2,811,0.286,AE
2,812,0.281,AE
2,813,0.2797,AE
2,814,0.2795,AE
2,815,0.2876,AE
2,816,0.5026,AE
2,817,0.4498,AE
2,818,0.5551,AE
2,819,0.3787,AE
2,820,0.2944,AE
2,821,0.3014,AE
2,822,0.3194,AE
2,823,0.2852,AE
2,824,0.2817,AE
2,825,0.2801,AE
2,826,0.2797,AE
2,827,0.2788,AE
2,828,0.2788,AE
2,829,0.2784,AE
2,830,0.2866,AE
2,831,0.2795,AE
2,832,0.2802,AE
2,833,0.2825,AE
2,834,0.2814,AE
2,835,0.2795,AE
2,836,0.2865,AE
2,837,0.6122,AE
2,838,0.4494,AE
2,839,0.3037,AE
2,840,0.3073,AE
2,841,0.2929,AE
2,842,0.3073,AE
2,843,0.2839,AE
2,844,0.2906,AE
2,845,0.2801,AE
2,846,0.2792,AE
2,847,0.279,AE
2,848,0.2861,AE
2,849,0.4865,AE
2,850,0.3021,AE
2,851,0.2813,AE
2,852,0.2795,AE
2,853,0.2812,AE
2,854,0.2797,AE
2,855,0.4638,AE
2,856,0.5935,AE
2,857,0.4021,AE
2,858,0.2942,AE
2,859,0.3086,AE
2,860,0.3094,AE
2,861,0.2865,AE
2,862,0.2825,AE
2,863,0.5398,AE
2,864,0.3871,AE
2,865,0.6267,AE
2,866,0.5296,AE
2,867,0.4712,AE
2,868,0.4436,AE
2,869,0.4457,AE
2,870,0.5637,AE
2,871,0.5117,AE
2,872,0.5298,AE
2,873,0.46,AE
2,874,0.4402,AE
2,875,0.4196,AE
2,876,0.4979,AE
2,877,0.426,AE
2,878,0.4156,AE
2,879,0.4105,AE
2,880,0.4213,AE
2,881,0.5347,AE
2,882,0.4157,AE
2,883,0.4031,AE
2,884,0.4304,AE
2,885,0.3404,AE
2,886,0.4202,AE
2,887,0.3157,AE
2,888,0.3341,AE
2,889,0.2968,AE
2,890,0.2886,AE
2,891,0.2857,AE
2,892,0.2906,AE
2,893,0.2817,AE
2,894,0.2809,AE
2,895,0.2798,AE
2,896,0.282,AE
2,897,0.2821,AE
2,898,0.2813,AE
2,899,0.3797,AE
2,900,1.0767,AE
2,901,0.5092,AE
2,902,0.4156,AE
2,903,0.3034,AE
2,904,0.4131,AE
2,905,0.3031,AE
2,906,0.2855,AE
2,907,0.2844,AE
2,908,0.2855,AE
2,909,0.2949,AE
2,910,0.2926,AE
2,911,0.2837,AE
2,912,0.2798,AE
2,913,0.2881,AE
2,914,0.2922,AE
2,915,0.3656,AE
2,916,0.5277,AE
2,917,0.5565,AE
2,918,0.4781,AE
2,919,0.3049,AE
2,920,0.2939,AE
2,921,0.3067,AE
2,922,0.2875,AE
2,923,0.282,AE
2,924,0.2799,AE
2,925,0.2796,AE
2,926,0.3058,AE
2,927,0.3136,AE
2,928,0.2819,AE
2,929,0.2799,AE
2,930,0.3285,AE
2,931,0.4042,AE
2,932,0.3419,AE
2,933,0.2803,AE
2,934,0.2908,AE
2,935,0.5131,AE
2,936,0.5396,AE
2,937,0.3206,AE
2,938,0.2944,AE
2,939,0.3211,AE
2,940,0.2913,AE
2,941,0.4482,AE
2,942,0.4638,AE
2,943,0.3847,AE
2,944,0.4104,AE
2,945,0.4116,AE
2,946,0.4132,AE
2,947,0.3008,AE
2,948,0.281,AE
2,949,0.2806,AE
2,950,0.2794,AE
2,951,0.376,AE
2,952,0.5059,AE
2,953,0.4254,AE
2,954,0.4314,AE
2,955,0.4589,AE
2,956,0.3347,AE
2,957,0.2931,AE
2,958,0.3386,AE
2,959,0.2841,AE
2,960,0.2796,AE
2,961,0.2794,AE
2,962,0.2794,AE
2,963,0.2786,AE
2,964,0.28,AE
2,965,0.2872,AE
2,966,0.2804,AE
2,967,0.2785,AE
2,968,0.2788,AE
2,969,0.3295,AE
2,970,0.5365,AE
2,971,0.4648,AE
2,972,0.3076,AE
2,973,0.2936,AE
2,974,0.3018,AE
2,975,0.2991,AE
2,976,0.2845,AE
2,977,0.2879,AE
2,978,0.295,AE
2,979,0.2815,AE
2,980,0.2798,AE
2,981,0.2792,AE
2,982,0.2892,AE
2,983,0.2799,AE
2,984,0.2793,AE
2,985,0.2976,AE
2,986,0.3006,AE
2,987,0.2819,AE
2,988,0.2806,AE
2,989,0.7763,AE
2,990,0.4403,AE
2,991,0.3057,AE
2,992,0.3077,AE
2,993,0.3851,AE
2,994,0.4496,AE
2,995,0.3428,AE
2,996,0.2876,AE
2,997,0.2872,AE
2,998,0.2843,AE
2,999,0.2809,AE
2,1000,0.2812,AE
3,1,0.4939,AE
3,2,0.4595,AE
3,3,0.3304,AE
3,4,0.2913,AE
3,5,0.294,AE
3,6,0.3937,AE
3,7,0.2923,AE
3,8,0.2833,AE
3,9,0.2829,AE
3,10,0.2817,AE
3,11,0.28,AE
3,12,0.3632,AE
3,13,0.406,AE
3,14,0.32,AE
3,15,0.2854,AE
3,16,0.5775,AE
3,17,0.5251,AE
3,18,0.3288,AE
3,19,0.3412,AE
3,20,0.3173,AE
3,21,0.2994,AE
3,22,0.2898,AE
3,23,0.2967,AE
3,24,0.2835,AE
3,25,0.2816,AE
3,26,0.281,AE
3,27,0.2808,AE
3,28,0.2795,AE
3,29,0.3704,AE
3,30,0.2962,AE
3,31,0.2823,AE
3,32,0.2824,AE
3,33,0.2806,AE
3,34,0.4315,AE
3,35,0.5912,AE
3,36,0.4951,AE
3,37,0.3155,AE
3,38,0.3553,AE
3,39,0.2974,AE
3,40,0.2837,AE
3,41,0.2903,AE
3,42,0.2825,AE
3,43,0.2809,AE
3,44,0.2799,AE
3,45,0.2797,AE
3,46,0.2885,AE
3,47,0.281,AE
3,48,0.2888,AE
3,49,0.2808,AE
3,50,0.2831,AE
3,51,0.2793,AE
3,52,0.28,AE
3,53,0.5518,AE
3,54,0.4817,AE
3,55,0.3066,AE
3,56,0.2928,AE
3,57,0.3067,AE
3,58,0.2934,AE
3,59,0.2835,AE
3,60,0.2829,AE
3,61,0.2902,AE
3,62,0.2808,AE
3,63,0.2797,AE
3,64,0.2806,AE
3,65,0.2809,AE
3,66,0.2813,AE
3,67,0.2983,AE
3,68,0.2999,AE
3,69,0.2814,AE
3,70,0.2808,AE
3,71,0.2808,AE
3,72,0.4513,AE
3,73,0.5684,AE
3,74,0.3279,AE
3,75,0.5525,AE
3,76,0.7193,AE
3,77,0.5426,AE
3,78,0.3139,AE
3,79,0.2905,AE
3,80,0.2844,AE
3,81,0.284,AE
3,82,0.2836,AE
3,83,0.3196,AE
3,84,0.2929,AE
3,85,0.2822,AE
3,86,0.2814,AE
3,87,0.2814,AE
3,88,0.4474,AE
3,89,0.5394,AE
3,90,0.4635,AE
3,91,0.3091,AE
3,92,0.3131,AE
3,93,0.3127,AE
3,94,0.3132,AE
3,95,0.3912,AE
3,96,0.3706,AE
3,97,0.2904,AE
3,98,0.2834,AE
3,99,0.2824,AE
3,100,0.2816,AE
3,101,0.2812,AE
3,102,0.2913,AE
3,103,0.2817,AE
3,104,0.2799,AE
3,105,0.2794,AE
3,106,0.4036,AE
3,107,0.5202,AE
3,108,0.4146,AE
3,109,0.2964,AE
3,110,0.3054,AE
3,111,0.3027,AE
3,112,0.2886,AE
3,113,0.2844,AE
3,114,0.2909,AE
3,115,0.2903,AE
3,116,0.4406,AE
3,117,0.4416,AE
3,118,0.3005,AE
3,119,0.2823,AE
3,120,0.2953,AE
3,121,0.5665,AE
3,122,0.3758,AE
3,123,0.4775,AE
3,124,0.4538,AE
3,125,0.5044,AE
3,126,0.4047,AE
3,127,0.3153,AE
3,128,0.2991,AE
3,129,0.285,AE
3,130,0.3613,AE
3,131,0.3007,AE
3,132,0.2814,AE
3,133,0.2828,AE
3,134,0.2788,AE
3,135,0.2787,AE
3,136,0.2902,AE
3,137,0.285,AE
3,138,0.2793,AE
3,139,0.2858,AE
3,140,0.2813,AE
3,141,0.3616,AE
3,142,0.5199,AE
3,143,0.3905,AE
3,144,0.2977,AE
3,145,0.2875,AE
3,146,0.2955,AE
3,147,0.291,AE
3,148,0.2867,AE
3,149,0.2949,AE
3,150,0.285,AE
3,151,0.2826,AE
3,152,0.2803,AE
3,153,0.2896,AE
3,154,0.4292,AE
3,155,0.3693,AE
3,156,0.2848,AE
3,157,0.282,AE
3,158,0.2824,AE
3,159,0.2812,AE
3,160,0.4116,AE
3,161,0.5913,AE
3,162,0.3669,AE
3,163,0.3004,AE
3,164,0.305,AE
3,165,0.2915,AE
3,166,0.2852,AE
3,167,0.2976,AE
3,168,0.4315,AE
3,169,0.3857,AE
3,170,0.3398,AE
3,171,0.3844,AE
3,172,0.2931,AE
3,173,0.283,AE
3,174,0.2834,AE
3,175,0.2812,AE
3,176,0.2809,AE
3,177,0.2797,AE
3,178,0.4244,AE
3,179,0.5473,AE
3,180,0.3931,AE
3,181,0.3013,AE
3,182,0.3306,AE
3,183,0.3301,AE
3,184,0.3118,AE
3,185,0.2858,AE
3,186,0.2824,AE
3,187,0.284,AE
3,188,0.2818,AE
3,189,0.2818,AE
3,190,0.2813,AE
3,191,0.2878,AE
3,192,0.2821,AE
3,193,0.2808,AE
3,194,0.2814,AE
3,195,0.2831,AE
3,196,0.2981,AE
3,197,0.6832,AE
3,198,0.5011,AE
3,199,0.3252,AE
3,200,0.3108,AE
3,201,0.3117,AE
3,202,0.2926,AE
3,203,0.2982,AE
3,204,0.2816,AE
3,205,0.2817,AE
3,206,0.2836,AE
3,207,0.2797,AE
3,208,0.2797,AE
3,209,0.2795,AE
3,210,0.2907,AE
3,211,0.2802,AE
3,212,0.2791,AE
3,213,0.279,AE
3,214,0.2801,AE
3,215,0.3508,AE
3,216,0.8477,AE
3,217,0.6163,AE
3,218,0.3391,AE
3,219,0.3142,AE
3,220,0.2944,AE
3,221,0.2846,AE
3,222,0.2827,AE
3,223,0.2935,AE
3,224,0.2825,AE
3,225,0.2815,AE
3,226,0.2809,AE
3,227,0.2811,AE
3,228,0.282,AE
3,229,0.2814,AE
3,230,0.2893,AE
3,231,0.2803,AE
3,232,0.2839,AE
3,233,0.3579,AE
3,234,0.5198,AE
3,235,0.4217,AE
3,236,0.3051,AE
3,237,0.2926,AE
3,238,0.3031,AE
3,239,0.2927,AE
3,240,0.2848,AE
3,241,0.2826,AE
3,242,0.289,AE
3,243,0.2835,AE
3,244,0.2867,AE
3,245,0.3734,AE
3,246,0.2979,AE
3,247,0.283,AE
3,248,0.2817,AE
3,249,0.2917,AE
3,250,0.2823,AE
3,251,0.2811,AE
3,252,0.306,AE
3,253,0.5436,AE
3,254,0.4505,AE
3,255,0.3037,AE
3,256,0.3035,AE
3,257,0.2997,AE
3,258,0.2882,AE
3,259,0.2814,AE
3,260,0.2815,AE
3,261,0.2911,AE
3,262,0.2878,AE
3,263,0.5031,AE
3,264,0.491,AE
3,265,0.4993,AE
3,266,0.4888,AE
3,267,0.4685,AE
3,268,0.5008,AE
3,269,0.4956,AE
3,270,0.551,AE
3,271,0.3529,AE
3,272,0.5271,AE
3,273,0.4593,AE
3,274,0.4997,AE
3,275,0.4588,AE
3,276,0.4821,AE
3,277,0.4645,AE
3,278,0.4607,AE
3,279,0.487,AE
3,280,0.3618,AE
3,281,0.7522,AE
3,282,0.7674,AE
3,283,0.4758,AE
3,284,0.4376,AE
3,285,0.335,AE
3,286,0.2942,AE
3,287,0.5278,AE
3,288,0.4224,AE
3,289,0.3777,AE
3,290,0.2791,AE
3,291,0.2918,AE
3,292,0.281,AE
3,293,0.2794,AE
3,294,0.3473,AE
3,295,0.3066,AE
3,296,0.702,AE
3,297,0.5977,AE
3,298,0.3155,AE
3,299,0.2923,AE
3,300,0.3012,AE
3,301,0.2951,AE
3,302,0.2854,AE
3,303,0.2977,AE
3,304,0.2789,AE
3,305,0.2778,AE
3,306,0.2906,AE
3,307,0.2783,AE
3,308,0.2783,AE
3,309,0.2777,AE
3,310,0.2862,AE
3,311,0.2777,AE
3,312,0.2779,AE
3,313,0.2773,AE
3,314,0.403,AE
3,315,0.5148,AE
3,316,0.4119,AE
3,317,0.3041,AE
3,318,0.2978,AE
3,319,0.3151,AE
3,320,0.3283,AE
3,321,0.3744,AE
3,322,0.5029,AE
3,323,0.3677,AE
3,324,0.3299,AE
3,325,0.2922,AE
3,326,0.2819,AE
3,327,0.2892,AE
3,328,0.2792,AE
3,329,0.2803,AE
3,330,0.2772,AE
3,331,0.2768,AE
3,332,0.4652,AE
3,333,0.5003,AE
3,334,0.4279,AE
3,335,0.3029,AE
3,336,0.3011,AE
3,337,0.305,AE
3,338,0.2904,AE
3,339,0.2942,AE
3,340,0.2849,AE
3,341,0.4854,AE
3,342,0.3153,AE
3,343,0.2981,AE
3,344,0.2938,AE
3,345,0.2817,AE
3,346,0.7184,AE
3,347,0.7657,AE
3,348,0.8248,AE
3,349,0.6922,AE
3,350,0.5588,AE
3,351,0.5525,AE
3,352,0.4079,AE
3,353,0.3894,AE
3,354,0.3874,AE
3,355,0.497,AE
3,356,0.4272,AE
3,357,0.4006,AE
3,358,0.3899,AE
3,359,0.4796,AE
3,360,0.5521,AE
3,361,0.5466,AE
3,362,0.4658,AE
3,363,0.5302,AE
3,364,0.4707,AE
3,365,0.4623,AE
3,366,0.4555,AE
3,367,0.4783,AE
3,368,0.4577,AE
3,369,0.4504,AE
3,370,0.449,AE
3,371,0.4834,AE
3,372,0.5765,AE
3,373,0.597,AE
3,374,0.4864,AE
3,375,0.5326,AE
3,376,0.4968,AE
3,377,0.4594,AE
3,378,0.4271,AE
3,379,0.4827,AE
3,380,0.452,AE
3,381,0.4491,AE
3,382,0.4614,AE
3,383,0.4665,AE
3,384,0.4851,AE
3,385,0.5256,AE
3,386,0.4996,AE
3,387,0.5172,AE
3,388,0.4975,AE
3,389,0.4954,AE
3,390,0.4715,AE
3,391,0.5105,AE
3,392,0.4701,AE
3,393,0.4223,AE
3,394,0.4543,AE
3,395,0.4507,AE
3,396,0.4775,AE
3,397,0.5482,AE
3,398,0.5397,AE
3,399,0.5657,AE
3,400,0.4753,AE
3,401,0.3994,AE
3,402,0.5712,AE
3,403,0.3942,AE
3,404,0.3167,AE
3,405,0.2879,AE
3,406,0.287,AE
3,407,0.5242,AE
3,408,0.5235,AE
3,409,0.48,AE
3,410,0.5765,AE
3,411,0.5815,AE
3,412,0.6142,AE
3,413,0.5891,AE
3,414,0.5484,AE
3,415,0.4959,AE
3,416,0.3687,AE
3,417,0.4069,AE
3,418,0.4383,AE
3,419,0.4729,AE
3,420,0.4234,AE
3,421,0.5101,AE
3,422,0.6271,AE
3,423,0.6541,AE
3,424,0.5326,AE
3,425,0.3297,AE
3,426,0.4719,AE
3,427,0.4904,AE
3,428,0.4171,AE
3,429,0.4085,AE
3,430,0.4166,AE
3,431,0.4156,AE
3,432,0.4823,AE
3,433,0.4432,AE
3,434,0.5942,AE
3,435,0.5479,AE
3,436,0.4222,AE
3,437,0.5204,AE
3,438,0.4695,AE
3,439,0.4317,AE
3,440,0.3847,AE
3,441,0.4239,AE
3,442,0.3659,AE
3,443,0.3362,AE
3,444,0.4046,AE
3,445,0.4135,AE
3,446,0.4052,AE
3,447,0.388,AE
3,448,0.3957,AE
3,449,0.5705,AE
3,450,0.5427,AE
3,451,0.4423,AE
3,452,0.3492,AE
3,453,0.4444,AE
3,454,0.4298,AE
3,455,0.5144,AE
3,456,0.4176,AE
3,457,0.3982,AE
3,458,0.4097,AE
3,459,0.4119,AE
3,460,0.4135,AE
3,461,0.29,AE
3,462,0.4038,AE
3,463,0.5637,AE
3,464,0.6132,AE
3,465,0.4371,AE
3,466,0.4445,AE
3,467,0.4572,AE
3,468,0.3992,AE
3,469,0.5148,AE
3,470,0.345,AE
3,471,0.3711,AE
3,472,0.4001,AE
3,473,0.463,AE
3,474,0.4545,AE
3,475,0.4592,AE
3,476,0.4886,AE
3,477,0.6641,AE
3,478,0.4938,AE
3,479,0.3577,AE
3,480,0.473,AE
3,481,0.4839,AE
3,482,0.4747,AE
3,483,0.4545,AE
3,484,0.4666,AE
3,485,0.4509,AE
3,486,0.447,AE
3,487,0.4356,AE
3,488,0.4549,AE
3,489,0.5266,AE
3,490,0.5688,AE
3,491,0.5086,AE
3,492,0.4882,AE
3,493,0.4782,AE
3,494,0.4299,AE
3,495,0.4458,AE
3,496,0.4636,AE
3,497,0.4822,AE
3,498,0.561,AE
3,499,0.4744,AE
3,500,0.5963,AE
3,501,0.6565,AE
3,502,0.5917,AE
3,503,0.6138,AE
3,504,0.5465,AE
3,505,0.521,AE
3,506,0.4817,AE
3,507,0.5025,AE
3,508,0.4424,AE
3,509,0.4195,AE
3,510,0.4589,AE
3,511,0.4777,AE
3,512,0.4543,AE
3,513,0.559,AE
3,514,0.5579,AE
3,515,0.5854,AE
3,516,0.6064,AE
3,517,0.6466,AE
3,518,0.515,AE
3,519,0.4525,AE
3,520,0.4622,AE
3,521,0.4457,AE
3,522,0.483,AE
3,523,0.4404,AE
3,524,0.4443,AE
3,525,0.5434,AE
3,526,0.5699,AE
3,527,0.4806,AE
3,528,0.4916,AE
3,529,0.4584,AE
3,530,0.5496,AE
3,531,0.3907,AE
3,532,0.3561,AE
3,533,0.2954,AE
3,534,0.3963,AE
3,535,0.5931,AE
3,536,0.4527,AE
3,537,0.4719,AE
3,538,0.6348,AE
3,539,0.5421,AE
3,540,0.5056,AE
3,541,0.5173,AE
3,542,0.4969,AE
3,543,0.452,AE
3,544,0.4618,AE
3,545,0.4476,AE
3,546,0.4594,AE
3,547,0.4223,AE
3,548,0.4478,AE
3,549,0.4443,AE
3,550,0.5499,AE
3,551,0.531,AE
3,552,0.4962,AE
3,553,0.4874,AE
3,554,0.4675,AE
3,555,0.4404,AE
3,556,0.4527,AE
3,557,0.4576,AE
3,558,0.5776,AE
3,559,0.595,AE
3,560,0.5448,AE
3,561,0.4457,AE
3,562,1.6647,AE
3,563,0.5952,AE
3,564,0.5311,AE
3,565,0.5672,AE
3,566,0.5822,AE
3,567,0.4572,AE
3,568,0.4326,AE
3,569,0.4551,AE
3,570,0.4482,AE
3,571,0.4622,AE
3,572,0.5392,AE
3,573,0.5283,AE
3,574,0.4964,AE
3,575,0.4819,AE
3,576,0.5447,AE
3,577,0.5306,AE
3,578,0.4702,AE
3,579,0.4537,AE
3,580,0.457,AE
3,581,0.4588,AE
3,582,0.4514,AE
3,583,0.4176,AE
3,584,0.5232,AE
3,585,0.5556,AE
3,586,0.5276,AE
3,587,0.511,AE
3,588,0.4957,AE
3,589,0.4717,AE
3,590,0.4365,AE
3,591,0.5497,AE
3,592,0.6,AE
3,593,0.5521,AE
3,594,0.5044,AE
3,595,0.5584,AE
3,596,0.6609,AE
3,597,0.5525,AE
3,598,0.5687,AE
3,599,0.5199,AE
3,600,0.4763,AE
3,601,0.452,AE
3,602,0.4892,AE
3,603,0.4471,AE
3,604,0.4232,AE
3,605,0.444,AE
3,606,0.4674,AE
3,607,0.4717,AE
3,608,0.5797,AE
3,609,0.5571,AE
3,610,0.4821,AE
3,611,0.6442,AE
3,612,0.7966,AE
3,613,0.8163,AE
3,614,1.0248,AE
3,615,0.565,AE
3,616,0.5339,AE
3,617,1.332,AE
3,618,0.7589,AE
3,619,0.5916,AE
3,620,0.6426,AE
3,621,0.6178,AE
3,622,0.5993,AE
3,623,0.5227,AE
3,624,0.5359,AE
3,625,0.5326,AE
3,626,0.7915,AE
3,627,0.8787,AE
3,628,0.7182,AE
3,629,0.6141,AE
3,630,0.8974,AE
3,631,0.6615,AE
3,632,0.6011,AE
3,633,0.5019,AE
3,634,0.5707,AE
3,635,0.7662,AE
3,636,0.8164,AE
3,637,0.6701,AE
3,638,0.6418,AE
3,639,0.6982,AE
3,640,0.5486,AE
3,641,0.9235,AE
3,642,0.7192,AE
3,643,1.0829,AE
3,644,0.7278,AE
3,645,0.5787,AE
3,646,0.6799,AE
3,647,0.6264,AE
3,648,0.5574,AE
3,649,0.544,AE
3,650,0.4573,AE
3,651,0.4413,AE
3,652,0.7419,AE
3,653,0.8311,AE
3,654,0.78,AE
3,655,0.6089,AE
3,656,0.6634,AE
3,657,0.8924,AE
3,658,0.6827,AE
3,659,0.5214,AE
3,660,0.501,AE
3,661,0.8596,AE
3,662,0.6499,AE
3,663,0.3628,AE
3,664,0.6669,AE
3,665,0.5224,AE
3,666,0.3635,AE
3,667,0.4481,AE
3,668,0.6429,AE
3,669,0.5858,AE
3,670,0.5084,AE
3,671,0.4123,AE
3,672,0.5796,AE
3,673,0.5444,AE
3,674,0.6063,AE
3,675,0.422,AE
3,676,0.3392,AE
3,677,0.366,AE
3,678,0.3483,AE
3,679,0.643,AE
3,680,0.4511,AE
3,681,0.6947,AE
3,682,0.8818,AE
3,683,1.1,AE
3,684,1.0788,AE
3,685,0.8835,AE
3,686,1.0656,AE
3,687,0.7848,AE
3,688,0.8537,AE
3,689,0.9857,AE
3,690,0.7338,AE
3,691,0.3647,AE
3,692,0.373,AE
3,693,0.359,AE
3,694,0.2995,AE
3,695,0.2917,AE
3,696,0.2866,AE
3,697,0.2829,AE
3,698,0.2942,AE
3,699,0.2822,AE
3,700,0.282,AE
3,701,0.2801,AE
3,702,0.2854,AE
3,703,0.2874,AE
3,704,0.2808,AE
3,705,0.2887,AE
3,706,0.3188,AE
3,707,0.5559,AE
3,708,0.4114,AE
3,709,0.3071,AE
3,710,0.3127,AE
3,711,0.2885,AE
3,712,0.3417,AE
3,713,0.2989,AE
3,714,0.2817,AE
3,715,0.322,AE
3,716,0.365,AE
3,717,0.2857,AE
3,718,0.2797,AE
3,719,0.2794,AE
3,720,0.318,AE
3,721,0.2815,AE
3,722,0.2803,AE
3,723,0.2879,AE
3,724,0.2798,AE
3,725,0.3496,AE
3,726,0.5622,AE
3,727,0.4237,AE
3,728,0.3231,AE
3,729,0.2937,AE
3,730,0.2961,AE
3,731,0.2841,AE
3,732,0.2809,AE
3,733,0.2802,AE
3,734,0.2781,AE
3,735,0.2877,AE
3,736,0.4943,AE
3,737,0.3799,AE
3,738,0.352,AE
3,739,0.3484,AE
3,740,0.4108,AE
3,741,0.3718,AE
3,742,0.4786,AE
3,743,0.445,AE
3,744,0.4801,AE
3,745,0.3934,AE
3,746,0.3149,AE
3,747,0.3364,AE
3,748,0.2927,AE
3,749,0.2841,AE
3,750,0.3553,AE
3,751,0.3249,AE
3,752,0.2844,AE
3,753,0.2825,AE
3,754,0.2801,AE
3,755,0.2804,AE
3,756,0.2812,AE
3,757,0.2903,AE
3,758,0.2801,AE
3,759,0.2805,AE
3,760,0.2802,AE
3,761,0.4914,AE
3,762,0.5709,AE
3,763,0.3296,AE
3,764,0.3143,AE
3,765,0.3117,AE
3,766,0.29,AE
3,767,0.2833,AE
3,768,0.2798,AE
3,769,0.2889,AE
3,770,0.2791,AE
3,771,0.2791,AE
3,772,0.2791,AE
3,773,0.279,AE
3,774,0.2796,AE
3,775,0.2853,AE
3,776,0.3751,AE
3,777,0.3752,AE
3,778,0.2841,AE
3,779,0.3562,AE
3,780,0.4944,AE
3,781,0.5813,AE
3,782,0.317,AE
3,783,0.3049,AE
3,784,0.3048,AE
3,785,0.2925,AE
3,786,0.4282,AE
3,787,0.3725,AE
3,788,0.3537,AE
3,789,0.3239,AE
3,790,0.2793,AE
3,791,0.2888,AE
3,792,0.2792,AE
3,793,0.2792,AE
3,794,0.2803,AE
3,795,0.3585,AE
3,796,0.4063,AE
3,797,0.5623,AE
3,798,0.4404,AE
3,799,0.4139,AE
3,800,0.2985,AE
3,801,0.3139,AE
3,802,0.3007,AE
3,803,0.2884,AE
3,804,0.3105,AE
3,805,0.2837,AE
3,806,0.2789,AE
3,807,0.2787,AE
3,808,0.278,AE
3,809,0.3489,AE
3,810,0.284,AE
3,811,0.2839,AE
3,812,0.2798,AE
3,813,0.2797,AE
3,814,0.2791,AE
3,815,0.3458,AE
3,816,0.4677,AE
3,817,0.4829,AE
3,818,0.3105,AE
3,819,0.3011,AE
3,820,0.3006,AE
3,821,0.2961,AE
3,822,0.2824,AE
3,823,0.2803,AE
3,824,0.2801,AE
3,825,0.278,AE
3,826,0.2801,AE
3,827,0.2814,AE
3,828,0.4203,AE
3,829,0.3948,AE
3,830,0.3532,AE
3,831,0.3502,AE
3,832,0.3925,AE
3,833,0.4672,AE
3,834,0.8304,AE
3,835,0.4147,AE
3,836,0.2981,AE
3,837,0.3112,AE
3,838,0.2993,AE
3,839,0.2863,AE
3,840,0.2852,AE
3,841,0.281,AE
3,842,0.2899,AE
3,843,0.2804,AE
3,844,0.2838,AE
3,845,0.2814,AE
3,846,0.2797,AE
3,847,0.2791,AE
3,848,0.2792,AE
3,849,0.2889,AE
3,850,0.2797,AE
3,851,0.3779,AE
3,852,0.5918,AE
3,853,0.3907,AE
3,854,0.3209,AE
3,855,0.3725,AE
3,856,0.3219,AE
3,857,0.2851,AE
3,858,0.28,AE
3,859,0.281,AE
3,860,0.2797,AE
3,861,0.2904,AE
3,862,0.2797,AE
3,863,0.2794,AE
3,864,0.2794,AE
3,865,0.2968,AE
3,866,0.2985,AE
3,867,0.2884,AE
3,868,0.2819,AE
3,869,0.2786,AE
3,870,0.3687,AE
3,871,0.4953,AE
3,872,0.6369,AE
3,873,0.6486,AE
3,874,0.3835,AE
3,875,0.3046,AE
3,876,0.2862,AE
3,877,0.3556,AE
3,878,0.3533,AE
3,879,0.3566,AE
3,880,0.3524,AE
3,881,0.3327,AE
3,882,0.2903,AE
3,883,0.2817,AE
3,884,0.2798,AE
3,885,0.2797,AE
3,886,0.3799,AE
3,887,0.5111,AE
3,888,0.4741,AE
3,889,0.3074,AE
3,890,0.3089,AE
3,891,0.293,AE
3,892,0.2837,AE
3,893,0.3136,AE
3,894,0.4308,AE
3,895,0.2939,AE
3,896,0.3278,AE
3,897,0.2804,AE
3,898,0.2792,AE
3,899,0.2804,AE
3,900,0.2902,AE
3,901,0.2796,AE
3,902,0.2797,AE
3,903,0.2784,AE
3,904,0.2795,AE
3,905,0.4167,AE
3,906,0.5313,AE
3,907,0.3525,AE
3,908,0.2924,AE
3,909,0.2993,AE
3,910,0.2891,AE
3,911,0.2832,AE
3,912,0.2912,AE
3,913,0.2808,AE
3,914,0.2796,AE
3,915,0.2801,AE
3,916,0.2795,AE
3,917,0.2794,AE
3,918,0.2832,AE
3,919,0.5048,AE
3,920,0.3571,AE
3,921,0.3693,AE
3,922,0.2993,AE
3,923,0.487,AE
3,924,0.6784,AE
3,925,0.388,AE
3,926,0.2948,AE
3,927,0.3367,AE
3,928,0.3011,AE
3,929,0.2887,AE
3,930,0.2845,AE
3,931,0.2811,AE
3,932,0.2794,AE
3,933,0.2798,AE
3,934,0.426,AE
3,935,0.3628,AE
3,936,0.3556,AE
3,937,0.3523,AE
3,938,0.363,AE
3,939,0.3164,AE
3,940,0.4308,AE
3,941,0.6165,AE
3,942,0.3287,AE
3,943,0.3129,AE
3,944,0.305,AE
3,945,0.2859,AE
3,946,0.2833,AE
3,947,0.2781,AE
3,948,0.2826,AE
3,949,0.2779,AE
3,950,0.286,AE
3,951,0.2871,AE
3,952,0.3614,AE
3,953,0.3227,AE
3,954,0.2798,AE
3,955,0.2799,AE
3,956,0.2799,AE
3,957,0.2918,AE
3,958,0.2799,AE
3,959,0.3841,AE
3,960,0.4246,AE
3,961,0.472,AE
3,962,0.3178,AE
3,963,0.4539,AE
3,964,0.4055,AE
3,965,0.2993,AE
3,966,0.2847,AE
3,967,0.282,AE
3,968,0.2898,AE
3,969,0.2793,AE
3,970,0.2798,AE
3,971,0.279,AE
3,972,0.2785,AE
3,973,0.2782,AE
3,974,0.281,AE
3,975,0.2849,AE
3,976,0.2794,AE
3,977,0.2783,AE
3,978,0.5239,AE
3,979,0.4681,AE
3,980,0.3532,AE
3,981,0.3077,AE
3,982,0.3913,AE
3,983,0.305,AE
3,984,0.2865,AE
3,985,0.3522,AE
3,986,0.2866,AE
3,987,0.3284,AE
3,988,0.2826,AE
3,989,0.281,AE
3,990,0.285,AE
3,991,0.2797,AE
3,992,0.2794,AE
3,993,0.2843,AE
3,994,0.2925,AE
3,995,0.2805,AE
3,996,0.3617,AE
3,997,0.5345,AE
3,998,0.4473,AE
3,999,0.3097,AE
3,1000,0.3088,AE
